"Site","label","depth","mean_age","Wet_den"
"HER14L","HER14L_2A",1,119.65,0.8115
"HER14L","HER14L_2A",1.2,133.99,0.8294
"HER14L","HER14L_2A",1.4,148.33,0.8656
"HER14L","HER14L_2A",1.6,162.67,0.8248
"HER14L","HER14L_2A",1.8,177.01,0.8535
"HER14L","HER14L_2A",2,191.35,0.892
"HER14L","HER14L_2A",2.2,205.69,0.8376
"HER14L","HER14L_2A",2.4,220.02,0.8763
"HER14L","HER14L_2A",2.6,234.36,1.0283
"HER14L","HER14L_2A",2.8,248.7,1.0076
"HER14L","HER14L_2A",3,263.04,0.8811
"HER14L","HER14L_2A",3.2,277.38,0.9331
"HER14L","HER14L_2A",3.4,291.72,0.8188
"HER14L","HER14L_2A",3.6,306.06,0.8165
"HER14L","HER14L_2A",3.8,320.4,0.81
"HER14L","HER14L_2A",4,334.73,0.8099
"HER14L","HER14L_2A",4.2,349.07,0.8329
"HER14L","HER14L_2A",4.4,363.41,0.8164
"HER14L","HER14L_2A",4.6,377.75,0.8239
"HER14L","HER14L_2A",4.8,392.09,0.8146
"HER14L","HER14L_2A",5,406.43,0.8734
"HER14L","HER14L_2A",5.2,420.77,0.9757
"HER14L","HER14L_2A",5.4,435.1,0.9716
"HER14L","HER14L_2A",5.6,449.44,0.8923
"HER14L","HER14L_2A",5.8,463.78,0.79
"HER14L","HER14L_2A",6,478.12,0.848
"HER14L","HER14L_2A",6.2,492.46,0.8339
"HER14L","HER14L_2A",6.4,506.8,0.867
"HER14L","HER14L_2A",6.6,521.14,0.7735
"HER14L","HER14L_2A",6.8,535.48,0.8499
"HER14L","HER14L_2A",7,549.81,0.7251
"HER14L","HER14L_2A",7.2,564.15,0.816
"HER14L","HER14L_2A",7.4,578.49,0.8244
"HER14L","HER14L_2A",7.6,592.83,0.8413
"HER14L","HER14L_2A",7.8,607.17,0.8881
"HER14L","HER14L_2A",8,621.51,0.8943
"HER14L","HER14L_2A",8.2,635.85,0.8618
"HER14L","HER14L_2A",8.4,650.18,0.8277
"HER14L","HER14L_2A",8.6,664.52,0.8167
"HER14L","HER14L_2A",8.8,678.86,0.9542
"HER14L","HER14L_2A",9,693.2,0.8952
"HER14L","HER14L_2A",9.2,707.54,0.7394
"HER14L","HER14L_2A",9.4,721.88,0.6546
"HER14L","HER14L_2A",9.6,736.22,0.8306
"HER14L","HER14L_2A",9.8,750.56,0.8473
"HER14L","HER14L_2A",10,764.89,0.8082
"HER14L","HER14L_2A",10.2,771.23,0.8556
"HER14L","HER14L_2A",10.4,777.58,0.8167
"HER14L","HER14L_2A",10.6,783.92,0.8074
"HER14L","HER14L_2A",10.8,790.26,0.8014
"HER14L","HER14L_2A",11,796.6,0.8487
"HER14L","HER14L_2A",11.2,802.94,0.8611
"HER14L","HER14L_2A",11.4,809.28,1.0078
"HER14L","HER14L_2A",11.6,815.62,1.1056
"HER14L","HER14L_2A",11.8,821.96,1.1303
"HER14L","HER14L_2A",12,828.3,1.1903
"HER14L","HER14L_2A",12.2,834.64,1.2167
"HER14L","HER14L_2A",12.4,840.98,1.299
"HER14L","HER14L_2A",12.6,847.32,1.1998
"HER14L","HER14L_2A",12.8,853.66,1.091
"HER14L","HER14L_2A",13,860.01,1.0371
"HER14L","HER14L_2A",13.2,866.35,1.0421
"HER14L","HER14L_2A",13.4,872.69,0.9637
"HER14L","HER14L_2A",13.6,879.03,0.9045
"HER14L","HER14L_2A",13.8,885.37,0.8382
"HER14L","HER14L_2A",14,891.71,0.8637
"HER14L","HER14L_2A",14.2,898.05,0.8362
"HER14L","HER14L_2A",14.4,904.39,0.8537
"HER14L","HER14L_2A",14.6,910.73,0.8205
"HER14L","HER14L_2A",14.8,917.07,0.8184
"HER14L","HER14L_2A",15,923.41,0.852
"HER14L","HER14L_2A",15.2,929.75,0.8697
"HER14L","HER14L_2A",15.4,936.09,0.8832
"HER14L","HER14L_2A",15.6,942.44,0.8451
"HER14L","HER14L_2A",15.8,948.78,0.8977
"HER14L","HER14L_2A",16,955.12,0.8348
"HER14L","HER14L_2A",16.2,961.46,0.8833
"HER14L","HER14L_2A",16.4,967.8,0.8531
"HER14L","HER14L_2A",16.6,974.14,0.8291
"HER14L","HER14L_2A",16.8,980.48,0.8693
"HER14L","HER14L_2A",17,986.82,0.8513
"HER14L","HER14L_2A",17.2,993.16,0.8624
"HER14L","HER14L_2A",17.4,999.5,0.8632
"HER14L","HER14L_2A",17.6,1005.84,0.8794
"HER14L","HER14L_2A",17.8,1012.18,0.8887
"HER14L","HER14L_2A",18,1018.52,0.898
"HER14L","HER14L_2A",18.2,1024.86,0.8835
"HER14L","HER14L_2A",18.4,1031.21,0.8426
"HER14L","HER14L_2A",18.6,1037.55,0.8482
"HER14L","HER14L_2A",18.8,1043.89,0.8317
"HER14L","HER14L_2A",19,1050.23,0.859
"HER14L","HER14L_2A",19.2,1056.57,0.8873
"HER14L","HER14L_2A",19.4,1062.91,0.8919
"HER14L","HER14L_2A",19.6,1069.25,0.8831
"HER14L","HER14L_2A",19.8,1075.59,0.8905
"HER14L","HER14L_2A",20,1081.93,0.8547
"HER14L","HER14L_2A",20.2,1089.23,0.8456
"HER14L","HER14L_2A",20.4,1096.53,0.8503
"HER14L","HER14L_2A",20.6,1103.84,0.8954
"HER14L","HER14L_2A",20.8,1111.14,0.9692
"HER14L","HER14L_2A",21,1118.44,0.9756
"HER14L","HER14L_2A",21.2,1125.74,0.9346
"HER14L","HER14L_2A",21.4,1133.04,0.9455
"HER14L","HER14L_2A",21.6,1140.34,0.9517
"HER14L","HER14L_2A",21.8,1147.64,1.0907
"HER14L","HER14L_2A",22,1154.95,1.0925
"HER14L","HER14L_2A",22.2,1162.25,0.8916
"HER14L","HER14L_2A",22.4,1169.55,0.8671
"HER14L","HER14L_2A",22.6,1176.85,0.8674
"HER14L","HER14L_2A",22.8,1184.15,0.9138
"HER14L","HER14L_2A",23,1191.45,0.947
"HER14L","HER14L_2A",23.2,1198.75,0.9282
"HER14L","HER14L_2A",23.4,1206.06,0.9952
"HER14L","HER14L_2A",23.6,1213.36,0.9892
"HER14L","HER14L_2A",23.8,1220.66,1.0013
"HER14L","HER14L_2A",24,1227.96,1.0009
"HER14L","HER14L_2A",24.2,1235.26,0.9879
"HER14L","HER14L_2A",24.4,1242.56,0.9586
"HER14L","HER14L_2A",24.6,1249.86,1.2226
"HER14L","HER14L_2A",24.8,1257.16,1.0103
"HER14L","HER14L_2A",25,1264.47,0.9929
"HER14L","HER14L_2A",25.2,1271.77,0.9114
"HER14L","HER14L_2A",25.4,1279.07,0.8785
"HER14L","HER14L_2A",25.6,1286.37,0.8844
"HER14L","HER14L_2A",25.8,1293.67,0.9557
"HER14L","HER14L_2A",26,1300.97,1.0492
"HER14L","HER14L_2A",26.2,1308.27,0.91
"HER14L","HER14L_2A",26.4,1315.58,0.8637
"HER14L","HER14L_2A",26.6,1322.88,0.9304
"HER14L","HER14L_2A",26.8,1330.18,0.8948
"HER14L","HER14L_2A",27,1337.48,0.8931
"HER14L","HER14L_2A",27.2,1344.78,0.9146
"HER14L","HER14L_2A",27.4,1352.08,0.8891
"HER14L","HER14L_2A",27.6,1359.38,0.9097
"HER14L","HER14L_2A",27.8,1366.69,0.8913
"HER14L","HER14L_2A",28,1373.99,0.8821
"HER14L","HER14L_2A",28.2,1381.29,0.8701
"HER14L","HER14L_2A",28.4,1388.59,0.8731
"HER14L","HER14L_2A",28.6,1395.89,0.9235
"HER14L","HER14L_2A",28.8,1403.19,0.9568
"HER14L","HER14L_2A",29,1410.49,1.021
"HER14L","HER14L_2A",29.2,1417.8,0.9893
"HER14L","HER14L_2A",29.4,1425.1,1.0212
"HER14L","HER14L_2A",29.6,1432.4,0.9117
"HER14L","HER14L_2A",29.8,1439.7,0.8709
"HER14L","HER14L_2A",30,1447,0.9084
"HER14L","HER14L_2A",30.2,1449.72,0.8704
"HER14L","HER14L_2A",30.4,1452.44,0.874
"HER14L","HER14L_2A",30.6,1455.15,0.8742
"HER14L","HER14L_2A",30.8,1457.87,0.8856
"HER14L","HER14L_2A",31,1460.59,0.869
"HER14L","HER14L_2A",31.2,1463.31,0.9349
"HER14L","HER14L_2A",31.4,1466.03,0.9442
"HER14L","HER14L_2A",31.6,1468.74,0.9146
"HER14L","HER14L_2A",31.8,1471.46,0.9008
"HER14L","HER14L_2A",32,1474.18,0.8867
"HER14L","HER14L_2A",32.2,1476.9,0.9214
"HER14L","HER14L_2A",32.4,1479.61,0.9391
"HER14L","HER14L_2A",32.6,1482.33,0.9523
"HER14L","HER14L_2A",32.8,1485.05,0.9487
"HER14L","HER14L_2A",33,1487.77,0.9019
"HER14L","HER14L_2A",33.2,1490.49,0.927
"HER14L","HER14L_2A",33.4,1493.2,0.9223
"HER14L","HER14L_2A",33.6,1495.92,0.893
"HER14L","HER14L_2A",33.8,1498.64,0.9409
"HER14L","HER14L_2A",34,1501.36,0.9207
"HER14L","HER14L_2A",34.2,1504.07,0.8779
"HER14L","HER14L_2A",34.4,1506.79,0.957
"HER14L","HER14L_2A",34.6,1509.51,1.0174
"HER14L","HER14L_2A",34.8,1512.23,1.0724
"HER14L","HER14L_2A",35,1514.95,1.0253
"HER14L","HER14L_2A",35.2,1517.66,0.9612
"HER14L","HER14L_2A",35.4,1520.38,0.8346
"HER14L","HER14L_2A",35.6,1523.1,0.9487
"HER14L","HER14L_2A",35.8,1525.82,0.9606
"HER14L","HER14L_2A",36,1528.53,0.9561
"HER14L","HER14L_2A",36.2,1531.25,0.9405
"HER14L","HER14L_2A",36.4,1533.97,0.9709
"HER14L","HER14L_2A",36.6,1536.69,0.9289
"HER14L","HER14L_2A",36.8,1539.41,0.9358
"HER14L","HER14L_2A",37,1542.12,0.89
"HER14L","HER14L_2A",37.2,1544.84,0.8518
"HER14L","HER14L_2A",37.4,1547.56,0.9231
"HER14L","HER14L_2A",37.6,1550.28,0.8874
"HER14L","HER14L_2A",37.8,1552.99,0.9274
"HER14L","HER14L_2A",38,1555.71,0.9581
"HER14L","HER14L_2A",38.2,1558.43,1.0493
"HER14L","HER14L_2A",38.4,1561.15,0.9462
"HER14L","HER14L_2A",38.6,1563.87,0.9021
"HER14L","HER14L_2A",38.8,1566.58,0.9009
"HER14L","HER14L_2A",39,1569.3,0.8789
"HER14L","HER14L_2A",39.2,1572.02,0.9062
"HER14L","HER14L_2A",39.4,1574.74,0.8541
"HER14L","HER14L_2A",39.6,1577.45,0.9198
"HER14L","HER14L_2A",39.8,1580.17,0.9218
"HER14L","HER14L_2A",40,1582.89,0.8971
"HER14L","HER14L_2A",40.2,1584.54,0.8347
"HER14L","HER14L_2A",40.4,1586.19,0.8895
"HER14L","HER14L_2A",40.6,1587.85,0.8298
"HER14L","HER14L_2A",40.8,1589.5,0.8357
"HER14L","HER14L_2A",41,1591.15,0.8313
"HER14L","HER14L_2A",41.2,1592.8,0.801
"HER14L","HER14L_2A",41.4,1594.45,0.8503
"HER14L","HER14L_2A",41.6,1596.11,0.8311
"HER14L","HER14L_2A",41.8,1597.76,0.8806
"HER14L","HER14L_2A",42,1599.41,0.802
"HER14L","HER14L_2A",42.2,1601.06,0.8046
"HER14L","HER14L_2A",42.4,1602.72,0.8493
"HER14L","HER14L_2A",42.6,1604.37,0.8427
"HER14L","HER14L_2A",42.8,1606.02,0.8359
"HER14L","HER14L_2A",43,1607.67,0.8593
"HER14L","HER14L_2A",43.2,1609.32,0.8559
"HER14L","HER14L_2A",43.4,1610.98,0.9199
"HER14L","HER14L_2A",43.6,1612.63,0.902
"HER14L","HER14L_2A",43.8,1614.28,0.8817
"HER14L","HER14L_2A",44,1615.93,0.8283
"HER14L","HER14L_2A",44.2,1617.58,0.843
"HER14L","HER14L_2A",44.4,1619.24,0.8825
"HER14L","HER14L_2A",44.6,1620.89,0.8752
"HER14L","HER14L_2A",44.8,1622.54,0.9041
"HER14L","HER14L_2B",45,1624.19,0.885
"HER14L","HER14L_2B",45.2,1625.85,0.8805
"HER14L","HER14L_2B",45.4,1627.5,0.8498
"HER14L","HER14L_2B",45.6,1629.15,0.8445
"HER14L","HER14L_2B",45.8,1630.8,0.9019
"HER14L","HER14L_2B",46,1632.45,0.8823
"HER14L","HER14L_2B",46.2,1634.11,0.9341
"HER14L","HER14L_2B",46.4,1635.76,0.874
"HER14L","HER14L_2B",46.6,1637.41,0.8554
"HER14L","HER14L_2B",46.8,1639.06,0.8649
"HER14L","HER14L_2B",47,1640.71,0.8937
"HER14L","HER14L_2B",47.2,1642.37,1.0953
"HER14L","HER14L_2B",47.4,1644.02,0.9429
"HER14L","HER14L_2B",47.6,1645.67,0.9659
"HER14L","HER14L_2B",47.8,1647.32,1.0161
"HER14L","HER14L_2B",48,1648.98,0.9668
"HER14L","HER14L_2B",48.2,1650.63,0.981
"HER14L","HER14L_2B",48.4,1652.28,0.8967
"HER14L","HER14L_2B",48.6,1653.93,0.8717
"HER14L","HER14L_2B",48.8,1655.58,0.8727
"HER14L","HER14L_2B",49,1657.24,0.8742
"HER14L","HER14L_2B",49.2,1658.89,0.846
"HER14L","HER14L_2B",49.4,1660.54,0.8908
"HER14L","HER14L_2B",49.6,1662.19,0.854
"HER14L","HER14L_2B",49.8,1663.84,0.769
"HER14L","HER14L_2B",50,1665.5,0.8215
"HER14L","HER14L_2B",50.2,1666.28,0.8041
"HER14L","HER14L_2B",50.4,1667.07,0.8467
"HER14L","HER14L_2B",50.6,1667.86,0.8919
"HER14L","HER14L_2B",50.8,1668.65,0.8806
"HER14L","HER14L_2B",51,1669.44,0.9002
"HER14L","HER14L_2B",51.2,1670.22,0.8588
"HER14L","HER14L_2B",51.4,1671.01,0.8253
"HER14L","HER14L_2B",51.6,1671.8,0.8843
"HER14L","HER14L_2B",51.8,1672.59,1.0392
"HER14L","HER14L_2B",52,1673.38,1.325
"HER14L","HER14L_2B",52.2,1674.16,0.8515
"HER14L","HER14L_2B",52.4,1674.95,0.8233
"HER14L","HER14L_2B",52.6,1675.74,0.8348
"HER14L","HER14L_2B",52.8,1676.53,0.8881
"HER14L","HER14L_2B",53,1677.32,0.8057
"HER14L","HER14L_2B",53.2,1678.1,0.7739
"HER14L","HER14L_2B",53.4,1678.89,0.8937
"HER14L","HER14L_2B",53.6,1679.68,0.9059
"HER14L","HER14L_2B",53.8,1680.47,1.2411
"HER14L","HER14L_2B",54,1681.26,1.0224
"HER14L","HER14L_2B",54.2,1682.04,0.9592
"HER14L","HER14L_2B",54.4,1682.83,0.9094
"HER14L","HER14L_2B",54.6,1683.62,0.8637
"HER14L","HER14L_2B",54.8,1684.41,0.9334
"HER14L","HER14L_2B",55,1685.19,0.9755
"HER14L","HER14L_2B",55.2,1685.98,0.8652
"HER14L","HER14L_2B",55.4,1686.77,0.8401
"HER14L","HER14L_2B",55.6,1687.56,0.88
"HER14L","HER14L_2B",55.8,1688.35,0.8964
"HER14L","HER14L_2B",56,1689.13,0.8901
"HER14L","HER14L_2B",56.2,1689.92,0.8617
"HER14L","HER14L_2B",56.4,1690.71,0.8924
"HER14L","HER14L_2B",56.6,1691.5,0.8325
"HER14L","HER14L_2B",56.8,1692.29,0.8683
"HER14L","HER14L_2B",57,1693.07,0.8758
"HER14L","HER14L_2B",57.2,1693.86,0.8604
"HER14L","HER14L_2B",57.4,1694.65,0.8225
"HER14L","HER14L_2B",57.6,1695.44,0.8538
"HER14L","HER14L_2B",57.8,1696.23,0.8826
"HER14L","HER14L_2B",58,1697.01,0.8922
"HER14L","HER14L_2B",58.2,1697.8,0.8249
"HER14L","HER14L_2B",58.4,1698.59,0.8771
"HER14L","HER14L_2B",58.6,1699.38,0.8993
"HER14L","HER14L_2B",58.8,1700.17,0.9301
"HER14L","HER14L_2B",59,1700.95,0.8526
"HER14L","HER14L_2B",59.2,1701.74,0.8898
"HER14L","HER14L_2B",59.4,1702.53,0.9098
"HER14L","HER14L_2B",59.6,1703.32,0.8794
"HER14L","HER14L_2B",59.8,1704.1,0.8894
"HER14L","HER14L_2B",60,1704.89,0.8491
"HER14L","HER14L_2B",60.2,1706.28,0.8236
"HER14L","HER14L_2B",60.4,1707.66,0.7959
"HER14L","HER14L_2B",60.6,1709.04,0.857
"HER14L","HER14L_2B",60.8,1710.42,0.9672
"HER14L","HER14L_2B",61,1711.81,0.8504
"HER14L","HER14L_2B",61.2,1713.19,0.9695
"HER14L","HER14L_2B",61.4,1714.57,1.0034
"HER14L","HER14L_2B",61.6,1715.96,0.9617
"HER14L","HER14L_2B",61.8,1717.34,0.877
"HER14L","HER14L_2B",62,1718.72,0.8824
"HER14L","HER14L_2B",62.2,1720.11,0.8976
"HER14L","HER14L_2B",62.4,1721.49,0.8406
"HER14L","HER14L_2B",62.6,1722.87,0.8148
"HER14L","HER14L_2B",62.8,1724.26,0.861
"HER14L","HER14L_2B",63,1725.64,0.8934
"HER14L","HER14L_2B",63.2,1727.02,0.856
"HER14L","HER14L_2B",63.4,1728.4,0.8652
"HER14L","HER14L_2B",63.6,1729.79,0.9259
"HER14L","HER14L_2B",63.8,1731.17,0.8721
"HER14L","HER14L_2B",64,1732.55,0.8466
"HER14L","HER14L_2B",64.2,1733.94,0.8923
"HER14L","HER14L_2B",64.4,1735.32,0.8004
"HER14L","HER14L_2B",64.6,1736.7,0.7969
"HER14L","HER14L_2B",64.8,1738.09,0.8292
"HER14L","HER14L_2B",65,1739.47,0.8437
"HER14L","HER14L_2B",65.2,1740.85,0.8307
"HER14L","HER14L_2B",65.4,1742.24,0.83
"HER14L","HER14L_2B",65.6,1743.62,0.8158
"HER14L","HER14L_2B",65.8,1745,0.8062
"HER14L","HER14L_2B",66,1746.38,0.8445
"HER14L","HER14L_2B",66.2,1747.77,0.8431
"HER14L","HER14L_2B",66.4,1749.15,0.8567
"HER14L","HER14L_2B",66.6,1750.53,0.7983
"HER14L","HER14L_2B",66.8,1751.92,0.8089
"HER14L","HER14L_2B",67,1753.3,0.8236
"HER14L","HER14L_2B",67.2,1754.68,0.827
"HER14L","HER14L_2B",67.4,1756.07,0.8652
"HER14L","HER14L_2B",67.6,1757.45,0.8795
"HER14L","HER14L_2B",67.8,1758.83,0.8601
"HER14L","HER14L_2B",68,1760.22,0.8766
"HER14L","HER14L_2B",68.2,1761.6,0.8727
"HER14L","HER14L_2B",68.4,1762.98,0.8627
"HER14L","HER14L_2B",68.6,1764.36,0.8565
"HER14L","HER14L_2B",68.8,1765.75,0.8657
"HER14L","HER14L_2B",69,1767.13,0.8994
"HER14L","HER14L_2B",69.2,1768.51,1.039
"HER14L","HER14L_2B",69.4,1769.9,1.1362
"HER14L","HER14L_2B",69.6,1771.28,1.0491
"HER14L","HER14L_2B",69.8,1772.66,1.0976
"HER14L","HER14L_2B",70,1774.05,1.0642
"HER14L","HER14L_2B",70.2,1775.43,0.9653
"HER14L","HER14L_2B",70.4,1776.81,0.9589
"HER14L","HER14L_2B",70.6,1778.19,0.9325
"HER14L","HER14L_2B",70.8,1779.58,0.8582
"HER14L","HER14L_2B",71,1780.96,0.864
"HER14L","HER14L_2B",71.2,1782.34,0.9232
"HER14L","HER14L_2B",71.4,1783.73,0.9307
"HER14L","HER14L_2B",71.6,1785.11,0.9792
"HER14L","HER14L_2B",71.8,1786.49,0.9733
"HER14L","HER14L_2B",72,1787.88,0.8484
"HER14L","HER14L_2B",72.2,1789.26,0.8497
"HER14L","HER14L_2B",72.4,1790.64,0.8009
"HER14L","HER14L_2B",72.6,1792.03,0.8629
"HER14L","HER14L_2B",72.8,1793.41,0.9023
"HER14L","HER14L_2B",73,1794.79,0.902
"HER14L","HER14L_2B",73.2,1796.17,0.8711
"HER14L","HER14L_2B",73.4,1797.56,0.8583
"HER14L","HER14L_2B",73.6,1798.94,0.8671
"HER14L","HER14L_2B",73.8,1800.32,0.8738
"HER14L","HER14L_2B",74,1801.71,0.8807
"HER14L","HER14L_2B",74.2,1803.09,0.8594
"HER14L","HER14L_2B",74.4,1804.47,0.857
"HER14L","HER14L_2B",74.6,1805.86,0.8485
"HER14L","HER14L_2B",74.8,1807.24,0.8546
"HER14L","HER14L_2B",75,1808.62,0.8465
"HER14L","HER14L_2B",75.2,1810.01,0.8479
"HER14L","HER14L_2B",75.4,1811.39,0.8598
"HER14L","HER14L_2B",75.6,1812.77,0.879
"HER14L","HER14L_2B",75.8,1814.15,0.8917
"HER14L","HER14L_2B",76,1815.54,0.9437
"HER14L",NA,76.075,10779,NA
"HER14L","HER14L_2B",76.2,10792.19,1.047
"HER14L","HER14L_2B",76.4,10817.97,0.9446
"HER14L","HER14L_2B",76.6,10843.74,0.9184
"HER14L","HER14L_2B",76.8,10869.52,0.8959
"HER14L","HER14L_2B",77,10895.3,0.8682
"HER14L","HER14L_2B",77.2,10921.07,0.8293
"HER14L","HER14L_2B",77.4,10946.85,0.8231
"HER14L","HER14L_2B",77.6,10972.63,0.8286
"HER14L","HER14L_2B",77.8,10998.4,0.8565
"HER14L","HER14L_2B",78,11024.18,0.8718
"HER14L","HER14L_2B",78.2,11049.96,0.9169
"HER14L","HER14L_2B",78.4,11075.73,0.8946
"HER14L","HER14L_2B",78.6,11101.51,0.8855
"HER14L","HER14L_2B",78.8,11127.29,0.9091
"HER14L","HER14L_2B",79,11153.06,0.8871
"HER14L","HER14L_2B",79.2,11178.84,0.8909
"HER14L","HER14L_2B",79.4,11204.62,0.8932
"HER14L","HER14L_2B",79.6,11230.39,0.8901
"HER14L","HER14L_2B",79.8,11256.17,0.8765
"HER14L","HER14L_2B",80,11281.95,0.9116
"HER14L","HER14L_2B",80.2,11307.72,0.9073
"HER14L","HER14L_2B",80.4,11333.5,0.9194
"HER14L","HER14L_2B",80.6,11359.28,0.9226
"HER14L","HER14L_2B",80.8,11385.05,0.8673
"HER14L","HER14L_2B",81,11410.83,0.9181
"HER14L","HER14L_2B",81.2,11436.61,0.9217
"HER14L","HER14L_2B",81.4,11462.38,0.9168
"HER14L","HER14L_2B",81.6,11488.16,0.8287
"HER14L","HER14L_2B",81.8,11513.94,0.855
"HER14L","HER14L_2B",82,11539.71,0.8974
"HER14L","HER14L_2B",82.2,11565.49,0.8918
"HER14L","HER14L_2B",82.4,11591.27,0.9103
"HER14L","HER14L_2B",82.6,11617.04,0.8619
"HER14L","HER14L_2B",82.8,11642.82,0.8475
"HER14L","HER14L_2B",83,11668.6,0.8491
"HER14L","HER14L_2B",83.2,11694.38,0.8379
"HER14L","HER14L_2B",83.4,11720.15,0.7786
"HER14L","HER14L_2B",83.6,11745.93,0.8784
"HER14L","HER14L_2B",83.8,11771.71,0.8881
"HER14L","HER14L_2B",84,11797.48,0.8796
"HER14L","HER14L_2B",84.2,11823.26,0.8407
"HER14L","HER14L_2B",84.4,11849.04,0.8766
"HER14L","HER14L_2B",84.6,11874.81,0.9202
"HER14L","HER14L_2B",84.8,11900.59,0.8794
"HER14L","HER14L_2C",85,11926.37,0.8632
"HER14L","HER14L_2C",85.2,11952.14,0.8907
"HER14L","HER14L_2C",85.4,11977.92,0.8939
"HER14L","HER14L_2C",85.6,12003.7,0.9266
"HER14L","HER14L_2C",85.8,12029.47,0.921
"HER14L","HER14L_2C",86,12055.25,0.923
"HER14L","HER14L_2C",86.2,12081.03,0.9455
"HER14L","HER14L_2C",86.4,12106.8,0.9599
"HER14L","HER14L_2C",86.6,12132.58,1.0054
"HER14L","HER14L_2C",86.8,12158.36,0.9332
"HER14L","HER14L_2C",87,12184.13,0.9283
"HER14L","HER14L_2C",87.2,12209.91,0.8948
"HER14L","HER14L_2C",87.4,12235.69,0.9447
"HER14L","HER14L_2C",87.6,12261.46,0.9015
"HER14L","HER14L_2C",87.8,12287.24,0.9315
"HER14L","HER14L_2C",88,12313.02,0.9505
"HER14L","HER14L_2C",88.2,12338.79,0.8923
"HER14L","HER14L_2C",88.4,12364.57,0.8721
"HER14L","HER14L_2C",88.6,12390.35,0.9011
"HER14L","HER14L_2C",88.8,12416.12,0.9391
"HER14L","HER14L_2C",89,12441.9,0.9246
"HER14L","HER14L_2C",89.2,12467.68,0.9304
"HER14L","HER14L_2C",89.4,12493.45,0.8805
"HER14L","HER14L_2C",89.6,12519.23,0.8951
"HER14L","HER14L_2C",89.8,12545.01,0.8677
"HER14L","HER14L_2C",90,12570.78,0.9353
"HER14L","HER14L_2C",90.2,12584.47,0.8316
"HER14L","HER14L_2C",90.4,12598.17,0.8603
"HER14L","HER14L_2C",90.6,12611.86,0.8192
"HER14L","HER14L_2C",90.8,12625.55,0.7765
"HER14L","HER14L_2C",91,12639.24,0.726
"HER14L","HER14L_2C",91.2,12652.93,0.791
"HER14L","HER14L_2C",91.4,12666.62,0.868
"HER14L","HER14L_2C",91.6,12680.31,0.9114
"HER14L","HER14L_2C",91.8,12694,0.9388
"HER14L","HER14L_2C",92,12707.69,0.9261
"HER14L","HER14L_2C",92.2,12721.38,0.8809
"HER14L","HER14L_2C",92.4,12735.07,0.8585
"HER14L","HER14L_2C",92.6,12748.76,0.8621
"HER14L","HER14L_2C",92.8,12762.45,0.8862
"HER14L","HER14L_2C",93,12776.14,0.8628
"HER14L","HER14L_2C",93.2,12789.83,0.8372
"HER14L","HER14L_2C",93.4,12803.52,0.9068
"HER14L","HER14L_2C",93.6,12817.21,0.8201
"HER14L","HER14L_2C",93.8,12830.91,0.8287
"HER14L","HER14L_2C",94,12844.6,0.8235
"HER14L","HER14L_2C",94.2,12858.29,0.8168
"HER14L","HER14L_2C",94.4,12871.98,0.778
"HER14L","HER14L_2C",94.6,12885.67,0.8219
"HER14L","HER14L_2C",94.8,12899.36,0.7863
"HER14L","HER14L_2C",95,12913.05,0.8539
"HER14L","HER14L_2C",95.2,12926.74,0.8565
"HER14L","HER14L_2C",95.4,12940.43,0.8595
"HER14L","HER14L_2C",95.6,12954.12,0.865
"HER14L","HER14L_2C",95.8,12967.81,0.859
"HER14L","HER14L_2C",96,12981.5,0.8885
"HER14L","HER14L_2C",96.2,12995.19,0.8768
"HER14L","HER14L_2C",96.4,13008.88,0.9054
"HER14L","HER14L_2C",96.6,13022.57,0.8917
"HER14L","HER14L_2C",96.8,13036.26,0.9113
"HER14L","HER14L_2C",97,13049.95,0.9004
"HER14L","HER14L_2C",97.2,13063.65,0.8991
"HER14L","HER14L_2C",97.4,13077.34,0.9157
"HER14L","HER14L_2C",97.6,13091.03,0.9408
"HER14L","HER14L_2C",97.8,13104.72,0.9116
"HER14L","HER14L_2C",98,13118.41,0.9694
"HER14L","HER14L_2C",98.2,13132.1,0.9368
"HER14L","HER14L_2C",98.4,13145.79,0.945
"HER14L","HER14L_2C",98.6,13159.48,0.9242
"HER14L","HER14L_2C",98.8,13173.17,0.9501
"HER14L","HER14L_2C",99,13186.86,0.8981
"HER14L","HER14L_2C",99.2,13200.55,0.9532
"HER14L","HER14L_2C",99.4,13214.24,0.9214
"HER14L","HER14L_2C",99.6,13227.93,0.9629
"HER14L","HER14L_2C",99.8,13241.62,0.9318
"HER14L","HER14L_2C",100,13255.31,0.9155
"HER14L","HER14L_2C",100.2,13263.04,0.9087
"HER14L","HER14L_2C",100.4,13270.77,0.9195
"HER14L","HER14L_2C",100.6,13278.49,0.9397
"HER14L","HER14L_2C",100.8,13286.22,0.9796
"HER14L","HER14L_2C",101,13293.94,0.8749
"HER14L","HER14L_2C",101.2,13301.67,0.9189
"HER14L","HER14L_2C",101.4,13309.39,0.9397
"HER14L","HER14L_2C",101.6,13317.12,0.8887
"HER14L","HER14L_2C",101.8,13324.84,0.8641
"HER14L","HER14L_2C",102,13332.57,0.8681
"HER14L","HER14L_2C",102.2,13340.3,0.897
"HER14L","HER14L_2C",102.4,13348.02,0.9046
"HER14L","HER14L_2C",102.6,13355.75,0.919
"HER14L","HER14L_2C",102.8,13363.47,0.8907
"HER14L","HER14L_2C",103,13371.2,0.9326
"HER14L","HER14L_2C",103.2,13378.92,0.913
"HER14L","HER14L_2C",103.4,13386.65,0.9276
"HER14L","HER14L_2C",103.6,13394.38,0.9399
"HER14L","HER14L_2C",103.8,13402.1,0.9129
"HER14L","HER14L_2C",104,13409.83,0.9188
"HER14L","HER14L_2C",104.2,13417.55,0.9306
"HER14L","HER14L_2C",104.4,13425.28,0.9481
"HER14L","HER14L_2C",104.6,13433,0.9207
"HER14L","HER14L_2C",104.8,13440.73,0.9326
"HER14L","HER14L_2C",105,13448.46,0.9189
"HER14L","HER14L_2C",105.2,13456.18,0.9527
"HER14L","HER14L_2C",105.4,13463.91,0.9288
"HER14L","HER14L_2C",105.6,13471.63,0.9271
"HER14L","HER14L_2C",105.8,13479.36,0.908
"HER14L","HER14L_2C",106,13487.08,0.8501
"HER14L","HER14L_2C",106.2,13494.81,0.8698
"HER14L","HER14L_2C",106.4,13502.54,0.8937
"HER14L","HER14L_2C",106.6,13510.26,0.8751
"HER14L","HER14L_2C",106.8,13517.99,0.8632
"HER14L","HER14L_2C",107,13525.71,0.9264
"HER14L","HER14L_2C",107.2,13533.44,0.8743
"HER14L","HER14L_2C",107.4,13541.16,0.939
"HER14L","HER14L_2C",107.6,13548.89,0.8988
"HER14L","HER14L_2C",107.8,13556.62,0.8785
"HER14L","HER14L_2C",108,13564.34,0.8895
"HER14L","HER14L_2C",108.2,13572.07,0.9141
"HER14L","HER14L_2C",108.4,13579.79,0.9077
"HER14L","HER14L_2C",108.6,13587.52,0.836
"HER14L","HER14L_2C",108.8,13595.24,0.8525
"HER14L","HER14L_2C",109,13602.97,0.9324
"HER14L","HER14L_2C",109.2,13610.7,0.8603
"HER14L","HER14L_2C",109.4,13618.42,0.8698
"HER14L","HER14L_2C",109.6,13626.15,0.9514
"HER14L","HER14L_2C",109.8,13633.87,0.9487
"HER14L","HER14L_2C",110,13641.6,0.9304
"HER14L","HER14L_2C",110.2,13646.65,0.9012
"HER14L","HER14L_2C",110.4,13651.71,0.8796
"HER14L","HER14L_2C",110.6,13656.77,0.811
"HER14L","HER14L_2C",110.8,13661.82,0.8835
"HER14L","HER14L_2C",111,13666.88,0.8037
"HER14L","HER14L_2C",111.2,13671.94,0.8792
"HER14L","HER14L_2C",111.4,13676.99,0.9134
"HER14L","HER14L_2C",111.6,13682.05,0.9285
"HER14L","HER14L_2C",111.8,13687.11,0.9242
"HER14L","HER14L_2C",112,13692.16,0.8856
"HER14L","HER14L_2C",112.2,13697.22,0.8721
"HER14L","HER14L_2C",112.4,13702.28,0.8866
"HER14L","HER14L_2C",112.6,13707.33,0.8353
"HER14L","HER14L_2C",112.8,13712.39,0.9002
"HER14L","HER14L_2C",113,13717.45,0.9251
"HER14L","HER14L_2C",113.2,13722.5,0.9137
"HER14L","HER14L_2C",113.4,13727.56,0.8766
"HER14L","HER14L_2C",113.6,13732.62,0.9074
"HER14L","HER14L_2C",113.8,13737.67,0.8497
"HER14L","HER14L_2C",114,13742.73,0.9052
"HER14L","HER14L_2C",114.2,13747.79,0.874
"HER14L","HER14L_2C",114.4,13752.85,0.9226
"HER14L","HER14L_2C",114.6,13757.9,0.9124
"HER14L","HER14L_2C",114.8,13762.96,0.8938
"HER14L","HER14L_2C",115,13768.02,0.8905
"HER14L","HER14L_2C",115.2,13773.07,0.8492
"HER14L","HER14L_2C",115.4,13778.13,0.9388
"HER14L","HER14L_2C",115.6,13783.19,0.8775
"HER14L","HER14L_2C",115.8,13788.24,0.9081
"HER14L","HER14L_2C",116,13793.3,0.9192
"HER14L","HER14L_2C",116.2,13798.36,0.876
"HER14L","HER14L_2C",116.4,13803.41,0.8672
"HER14L","HER14L_2C",116.6,13808.47,0.8848
"HER14L","HER14L_2C",116.8,13813.53,0.8815
"HER14L","HER14L_2C",117,13818.58,0.9183
"HER14L","HER14L_2C",117.2,13823.64,0.9559
"HER14L","HER14L_2C",117.4,13828.7,0.9153
"HER14L","HER14L_2C",117.6,13833.75,0.9006
"HER14L","HER14L_2C",117.8,13838.81,0.9039
"HER14L","HER14L_2C",118,13843.87,0.9335
"HER14L","HER14L_2C",118.2,13848.92,0.9019
"HER14L","HER14L_2C",118.4,13853.98,0.8817
"HER14L","HER14L_2C",118.6,13859.04,0.8486
"HER14L","HER14L_2C",118.8,13864.09,0.8814
"HER14L","HER14L_2C",119,13869.15,0.9162
"HER14L","HER14L_2C",119.2,13874.21,0.8952
"HER14L","HER14L_2C",119.4,13879.26,0.8796
"HER14L","HER14L_2C",119.6,13884.32,0.912
"HER14L","HER14L_2C",119.8,13889.38,0.9218
"HER14L","HER14L_2C",120,13894.43,0.9114
"HER14L","HER14L_2C",120.2,13897.78,0.8968
"HER14L","HER14L_2C",120.4,13901.12,0.9226
"HER14L","HER14L_2C",120.6,13904.46,0.8774
"HER14L","HER14L_2C",120.8,13907.8,0.8983
"HER14L","HER14L_2C",121,13911.15,0.9034
"HER14L","HER14L_2C",121.2,13914.49,0.9228
"HER14L","HER14L_2C",121.4,13917.83,0.8847
"HER14L","HER14L_2C",121.6,13921.18,0.902
"HER14L","HER14L_2C",121.8,13924.52,0.9497
"HER14L","HER14L_2C",122,13927.86,0.9203
"HER14L","HER14L_2C",122.2,13931.21,0.8666
"HER14L","HER14L_2C",122.4,13934.55,0.8731
"HER14L","HER14L_2C",122.6,13937.89,0.9039
"HER14L","HER14L_2C",122.8,13941.24,0.8796
"HER14L","HER14L_2C",123,13944.58,0.8877
"HER14L","HER14L_2C",123.2,13947.92,0.881
"HER14L","HER14L_2C",123.4,13951.27,0.9403
"HER14L","HER14L_2C",123.6,13954.61,0.9278
"HER14L","HER14L_2C",123.8,13957.95,0.8969
"HER14L","HER14L_2C",124,13961.3,0.8899
"HER14L","HER14L_2C",124.2,13964.64,0.9103
"HER14L","HER14L_2C",124.4,13967.98,0.9592
"HER14L","HER14L_2C",124.6,13971.33,0.9684
"HER14L","HER14L_2C",124.8,13974.67,0.9249
"HER14L","HER14L_2D",125,13978.01,0.8841
"HER14L","HER14L_2D",125.2,13981.36,0.9021
"HER14L","HER14L_2D",125.4,13984.7,0.9312
"HER14L","HER14L_2D",125.6,13988.04,0.9048
"HER14L","HER14L_2D",125.8,13991.38,0.966
"HER14L","HER14L_2D",126,13994.73,0.91
"HER14L","HER14L_2D",126.2,13998.07,0.8915
"HER14L","HER14L_2D",126.4,14001.41,0.9085
"HER14L","HER14L_2D",126.6,14004.76,0.8824
"HER14L","HER14L_2D",126.8,14008.1,0.929
"HER14L","HER14L_2D",127,14011.44,0.9604
"HER14L","HER14L_2D",127.2,14014.79,0.8975
"HER14L","HER14L_2D",127.4,14018.13,0.932
"HER14L","HER14L_2D",127.6,14021.47,0.9269
"HER14L","HER14L_2D",127.8,14024.82,0.8792
"HER14L","HER14L_2D",128,14028.16,0.8897
"HER14L","HER14L_2D",128.2,14031.5,0.9043
"HER14L","HER14L_2D",128.4,14034.85,0.8978
"HER14L","HER14L_2D",128.6,14038.19,0.9304
"HER14L","HER14L_2D",128.8,14041.53,0.9469
"HER14L","HER14L_2D",129,14044.88,0.9569
"HER14L","HER14L_2D",129.2,14048.22,0.899
"HER14L","HER14L_2D",129.4,14051.56,0.9101
"HER14L","HER14L_2D",129.6,14054.91,0.8673
"HER14L","HER14L_2D",129.8,14058.25,0.9135
"HER14L","HER14L_2D",130,14061.59,0.8963
"HER14L","HER14L_2D",130.2,14071.33,0.9353
"HER14L","HER14L_2D",130.4,14081.06,0.9412
"HER14L","HER14L_2D",130.6,14090.79,0.921
"HER14L","HER14L_2D",130.8,14100.52,0.9107
"HER14L","HER14L_2D",131,14110.26,0.8927
"HER14L","HER14L_2D",131.2,14119.99,0.9462
"HER14L","HER14L_2D",131.4,14129.72,0.8981
"HER14L","HER14L_2D",131.6,14139.46,0.8705
"HER14L","HER14L_2D",131.8,14149.19,0.8655
"HER14L","HER14L_2D",132,14158.92,0.9067
"HER14L","HER14L_2D",132.2,14168.66,0.9458
"HER14L","HER14L_2D",132.4,14178.39,0.8543
"HER14L","HER14L_2D",132.6,14188.12,0.853
"HER14L","HER14L_2D",132.8,14197.86,0.87
"HER14L","HER14L_2D",133,14207.59,0.875
"HER14L","HER14L_2D",133.2,14217.32,0.8633
"HER14L","HER14L_2D",133.4,14227.06,0.8936
"HER14L","HER14L_2D",133.6,14236.79,0.8793
"HER14L","HER14L_2D",133.8,14246.52,0.893
"HER14L","HER14L_2D",134,14256.25,0.84
"HER14L","HER14L_2D",134.2,14265.99,0.8827
"HER14L","HER14L_2D",134.4,14275.72,0.8602
"HER14L","HER14L_2D",134.6,14285.45,0.8938
"HER14L","HER14L_2D",134.8,14295.19,0.8786
"HER14L","HER14L_2D",135,14304.92,0.8987
"HER14L","HER14L_2D",135.2,14314.65,0.9219
"HER14L","HER14L_2D",135.4,14324.39,0.8786
"HER14L","HER14L_2D",135.6,14334.12,0.9009
"HER14L","HER14L_2D",135.8,14343.85,0.8616
"HER14L","HER14L_2D",136,14353.59,0.8525
"HER14L","HER14L_2D",136.2,14363.32,0.8779
"HER14L","HER14L_2D",136.4,14373.05,0.9055
"HER14L","HER14L_2D",136.6,14382.78,0.9233
"HER14L","HER14L_2D",136.8,14392.52,0.9422
"HER14L","HER14L_2D",137,14402.25,0.9279
"HER14L","HER14L_2D",137.2,14411.98,0.9569
"HER14L","HER14L_2D",137.4,14421.72,0.9283
"HER14L","HER14L_2D",137.6,14431.45,0.8961
"HER14L","HER14L_2D",137.8,14441.18,0.9289
"HER14L","HER14L_2D",138,14450.92,0.9124
"HER14L","HER14L_2D",138.2,14460.65,0.8857
"HER14L","HER14L_2D",138.4,14470.38,0.8745
"HER14L","HER14L_2D",138.6,14480.12,0.8984
"HER14L","HER14L_2D",138.8,14489.85,0.9069
"HER14L","HER14L_2D",139,14499.58,0.9029
"HER14L","HER14L_2D",139.2,14509.32,0.8687
"HER14L","HER14L_2D",139.4,14519.05,0.8509
"HER14L","HER14L_2D",139.6,14528.78,0.9504
"HER14L","HER14L_2D",139.8,14538.51,0.984
"HER14L","HER14L_2D",140,14548.25,0.8881
"HER14L","HER14L_2D",140.2,14559.43,0.8847
"HER14L","HER14L_2D",140.4,14570.6,0.8887
"HER14L","HER14L_2D",140.6,14581.78,0.9245
"HER14L","HER14L_2D",140.8,14592.96,0.967
"HER14L","HER14L_2D",141,14604.13,0.9561
"HER14L","HER14L_2D",141.2,14615.31,0.927
"HER14L","HER14L_2D",141.4,14626.49,0.9262
"HER14L","HER14L_2D",141.6,14637.67,0.9019
"HER14L","HER14L_2D",141.8,14648.84,0.8545
"HER14L","HER14L_2D",142,14660.02,0.8976
"HER14L","HER14L_2D",142.2,14671.2,0.8922
"HER14L","HER14L_2D",142.4,14682.38,0.8996
"HER14L","HER14L_2D",142.6,14693.55,0.9167
"HER14L","HER14L_2D",142.8,14704.73,0.9006
"HER14L","HER14L_2D",143,14715.91,0.8719
"HER14L","HER14L_2D",143.2,14727.09,0.8802
"HER14L","HER14L_2D",143.4,14738.26,0.9055
"HER14L","HER14L_2D",143.6,14749.44,0.9233
"HER14L","HER14L_2D",143.8,14760.62,0.9283
"HER14L","HER14L_2D",144,14771.79,0.9128
"HER14L","HER14L_2D",144.2,14782.97,0.861
"HER14L","HER14L_2D",144.4,14794.15,0.8145
"HER14L","HER14L_2D",144.6,14805.33,0.8785
"HER14L","HER14L_2D",144.8,14816.5,0.908
"HER14L","HER14L_2D",145,14827.68,0.9312
"HER14L","HER14L_2D",145.2,14838.86,0.8989
"HER14L","HER14L_2D",145.4,14850.04,0.8966
"HER14L","HER14L_2D",145.6,14861.21,0.8819
"HER14L","HER14L_2D",145.8,14872.39,0.8579
"HER14L","HER14L_2D",146,14883.57,0.8608
"HER14L","HER14L_2D",146.2,14894.74,0.9161
"HER14L","HER14L_2D",146.4,14905.92,0.8825
"HER14L","HER14L_2D",146.6,14917.1,0.8856
"HER14L","HER14L_2D",146.8,14928.28,0.8818
"HER14L","HER14L_2D",147,14939.45,0.8724
"HER14L","HER14L_2D",147.2,14950.63,0.8788
"HER14L","HER14L_2D",147.4,14961.81,0.9415
"HER14L","HER14L_2D",147.6,14972.99,0.8799
"HER14L","HER14L_2D",147.8,14984.16,0.8907
"HER14L","HER14L_2D",148,14995.34,0.8838
"HER14L","HER14L_2D",148.2,15006.52,0.8997
"HER14L","HER14L_2D",148.4,15017.7,0.924
"HER14L","HER14L_2D",148.6,15028.87,0.9399
"HER14L","HER14L_2D",148.8,15040.05,0.9287
"HER14L","HER14L_2D",149,15051.23,0.8545
"HER14L","HER14L_2D",149.2,15062.4,0.834
"HER14L","HER14L_2D",149.4,15073.58,0.8153
"HER14L","HER14L_2D",149.6,15084.76,0.8144
"HER14L","HER14L_2D",149.8,15095.94,0.7941
"HER14L","HER14L_2D",150,15107.11,0.8639
"HER14L","HER14L_2D",150.2,15114.05,0.9013
"HER14L","HER14L_2D",150.4,15120.98,0.8761
"HER14L","HER14L_2D",150.6,15127.92,0.8755
"HER14L","HER14L_2D",150.8,15134.85,0.8576
"HER14L","HER14L_2D",151,15141.79,0.8908
"HER14L","HER14L_2D",151.2,15148.72,0.8588
"HER14L","HER14L_2D",151.4,15155.66,0.9111
"HER14L","HER14L_2D",151.6,15162.59,0.8971
"HER14L","HER14L_2D",151.8,15169.53,0.8505
"HER14L","HER14L_2D",152,15176.47,0.898
"HER14L","HER14L_2D",152.2,15183.4,0.8567
"HER14L","HER14L_2D",152.4,15190.34,0.8721
"HER14L","HER14L_2D",152.6,15197.27,0.79
"HER14L","HER14L_2D",152.8,15204.21,0.794
"HER14L","HER14L_2D",153,15211.14,0.7257
"HER14L","HER14L_2D",153.2,15218.08,0.7277
"HER14L","HER14L_2D",153.4,15225.01,0.7561
"HER14L","HER14L_2D",153.6,15231.95,0.8036
"HER14L","HER14L_2D",153.8,15238.88,0.8247
"HER14L","HER14L_2D",154,15245.82,0.8405
"HER14L","HER14L_2D",154.2,15252.75,0.8355
"HER14L","HER14L_2D",154.4,15259.69,0.8712
"HER14L","HER14L_2D",154.6,15266.62,0.8631
"HER14L","HER14L_2D",154.8,15273.56,0.8603
"HER14L","HER14L_2D",155,15280.49,0.8782
"HER14L","HER14L_2D",155.2,15287.43,0.8914
"HER14L","HER14L_2D",155.4,15294.36,0.9045
"HER14L","HER14L_2D",155.6,15301.3,0.9278
"HER14L","HER14L_2D",155.8,15308.23,0.8647
"HER24L","HER24L_3A",3.1,737.03,0.648
"HER24L","HER24L_3A",3.3,775.46,0.6498
"HER24L","HER24L_3A",3.5,813.89,0.8843
"HER24L","HER24L_3A",3.7,852.32,0.9476
"HER24L","HER24L_3A",3.9,890.76,1.0184
"HER24L","HER24L_3A",4.1,929.19,0.964
"HER24L","HER24L_3A",4.3,967.62,0.8449
"HER24L","HER24L_3A",4.5,1006.06,0.8839
"HER24L","HER24L_3A",4.7,1044.49,0.8774
"HER24L","HER24L_3A",4.9,1082.92,0.9874
"HER24L","HER24L_3A",5.1,1126.89,0.9383
"HER24L","HER24L_3A",5.3,1176.4,0.927
"HER24L","HER24L_3A",5.5,1225.91,0.9155
"HER24L","HER24L_3A",5.7,1275.42,0.8472
"HER24L","HER24L_3A",5.9,1324.93,0.8985
"HER24L","HER24L_3A",6.1,1374.44,0.921
"HER24L","HER24L_3A",6.3,1423.95,0.8505
"HER24L","HER24L_3A",6.5,1473.46,0.8616
"HER24L","HER24L_3A",6.7,1522.97,0.9365
"HER24L","HER24L_3A",6.9,1572.48,0.9896
"HER24L","HER24L_3A",7.1,1621.99,0.913
"HER24L","HER24L_3A",7.3,1671.51,0.8603
"HER24L","HER24L_3A",7.5,1721.02,0.9352
"HER24L","HER24L_3A",7.7,1770.53,0.8802
"HER24L","HER24L_3A",7.9,1820.04,0.9669
"HER24L","HER24L_3A",8.1,1869.55,0.9659
"HER24L","HER24L_3A",8.3,1919.06,0.9427
"HER24L","HER24L_3A",8.5,1968.57,0.8746
"HER24L","HER24L_3A",8.7,2018.08,0.8183
"HER24L","HER24L_3A",8.9,2067.59,0.6809
"HER24L","HER24L_3A",9.1,2117.1,0.7565
"HER24L","HER24L_3A",9.3,2166.61,0.8486
"HER24L","HER24L_3A",9.5,2216.12,1.0218
"HER24L","HER24L_3A",9.7,2265.63,0.9961
"HER24L","HER24L_3A",9.9,2315.14,0.9883
"HER24L","HER24L_3A",10.1,2361.76,1.0373
"HER24L","HER24L_3A",10.3,2405.51,1.0571
"HER24L","HER24L_3A",10.5,2449.26,0.9976
"HER24L","HER24L_3A",10.7,2493.01,0.9639
"HER24L","HER24L_3A",10.9,2536.75,1.1237
"HER24L","HER24L_3A",11.1,2580.5,1.155
"HER24L","HER24L_3A",11.3,2624.25,1.0385
"HER24L","HER24L_3A",11.5,2667.99,1.0223
"HER24L","HER24L_3A",11.7,2711.74,1.0691
"HER24L","HER24L_3A",11.9,2755.49,1.0043
"HER24L","HER24L_3A",12.1,2799.24,1.0392
"HER24L","HER24L_3A",12.3,2842.98,1.0111
"HER24L","HER24L_3A",12.5,2886.73,1.0158
"HER24L","HER24L_3A",12.7,2930.48,0.9947
"HER24L","HER24L_3A",12.9,2974.22,1.0073
"HER24L","HER24L_3A",13.1,3017.97,1.0549
"HER24L","HER24L_3A",13.3,3061.72,1.0798
"HER24L","HER24L_3A",13.5,3105.46,1.0691
"HER24L","HER24L_3A",13.7,3149.21,1.0909
"HER24L","HER24L_3A",13.9,3192.96,1.0384
"HER24L","HER24L_3A",14.1,3236.71,1.1314
"HER24L","HER24L_3A",14.3,3280.45,1.1205
"HER24L","HER24L_3A",14.5,3324.2,1.1743
"HER24L","HER24L_3A",14.7,3367.95,1.0965
"HER24L","HER24L_3A",14.9,3411.69,1.1228
"HER24L","HER24L_3A",15.1,3437.85,1.1234
"HER24L","HER24L_3A",15.3,3446.42,1.0556
"HER24L","HER24L_3A",15.5,3454.98,1.0726
"HER24L","HER24L_3A",15.7,3463.55,1.0772
"HER24L","HER24L_3A",15.9,3472.11,1.1043
"HER24L","HER24L_3A",16.1,3480.68,1.0402
"HER24L","HER24L_3A",16.3,3489.25,0.9711
"HER24L","HER24L_3A",16.5,3497.81,0.9861
"HER24L","HER24L_3A",16.7,3506.38,0.8946
"HER24L","HER24L_3A",16.9,3514.94,0.8686
"HER24L","HER24L_3A",17.1,3523.51,0.8889
"HER24L","HER24L_3A",17.3,3532.08,0.9471
"HER24L","HER24L_3A",17.5,3540.64,1.0359
"HER24L","HER24L_3A",17.7,3549.21,1.1062
"HER24L","HER24L_3A",17.9,3557.77,1.1639
"HER24L","HER24L_3A",18.1,3566.34,1.1791
"HER24L","HER24L_3A",18.3,3574.91,1.219
"HER24L","HER24L_3A",18.5,3583.47,1.2639
"HER24L","HER24L_3A",18.7,3592.04,1.3509
"HER24L","HER24L_3A",18.9,3600.6,1.32
"HER24L","HER24L_3A",19.1,3609.17,1.4016
"HER24L","HER24L_3A",19.3,3617.74,1.5716
"HER24L","HER24L_3A",19.5,3626.3,1.6117
"HER24L","HER24L_3A",19.7,3634.87,1.5899
"HER24L","HER24L_3A",19.9,3643.43,1.655
"HER24L","HER24L_3A",20.1,3650.8,1.8758
"HER24L","HER24L_3A",20.3,3656.98,1.889
"HER24L","HER24L_3A",20.5,3663.15,1.9359
"HER24L","HER24L_3A",20.7,3669.33,1.9015
"HER24L","HER24L_3A",20.9,3675.5,1.9898
"HER24L","HER24L_3A",21.1,3681.67,1.8953
"HER24L","HER24L_3A",21.3,3687.85,1.8488
"HER24L","HER24L_3A",21.5,3694.02,1.8936
"HER24L","HER24L_3A",21.7,3700.19,1.8995
"HER24L","HER24L_3A",21.9,3706.37,1.8591
"HER24L","HER24L_3A",22.1,3712.54,1.8771
"HER24L","HER24L_3A",22.3,3718.71,1.7679
"HER24L","HER24L_3A",22.5,3724.89,1.8642
"HER24L","HER24L_3A",22.7,3731.06,1.8895
"HER24L","HER24L_3A",22.9,3737.24,1.8941
"HER24L","HER24L_3A",23.1,3743.41,1.7746
"HER24L","HER24L_3A",23.3,3749.58,1.8082
"HER24L","HER24L_3A",23.5,3755.76,1.8897
"HER24L","HER24L_3A",23.7,3761.93,1.8668
"HER24L","HER24L_3A",23.9,3768.1,1.784
"HER24L","HER24L_3A",24.1,3774.28,1.7484
"HER24L","HER24L_3A",24.3,3780.45,1.7941
"HER24L","HER24L_3A",24.5,3786.62,1.7587
"HER24L","HER24L_3A",24.7,3792.8,1.6217
"HER24L","HER24L_3A",24.9,3798.97,1.5143
"HER24L","HER24L_3A",25.1,3824.1,1.4164
"HER24L","HER24L_3A",25.3,3868.17,1.264
"HER24L","HER24L_3A",25.5,3912.25,1.2247
"HER24L","HER24L_3A",25.7,3956.32,1.1986
"HER24L","HER24L_3A",25.9,4000.4,1.2332
"HER24L","HER24L_3A",26.1,4044.47,1.2179
"HER24L","HER24L_3A",26.3,4088.55,1.2114
"HER24L","HER24L_3A",26.5,4132.63,1.201
"HER24L","HER24L_3A",26.7,4176.7,1.2635
"HER24L","HER24L_3A",26.9,4220.78,1.1872
"HER24L","HER24L_3A",27.1,4264.85,1.2825
"HER24L","HER24L_3A",27.3,4308.93,1.2712
"HER24L","HER24L_3A",27.5,4353,1.1784
"HER24L","HER24L_3A",27.7,4397.08,1.1997
"HER24L","HER24L_3A",27.9,4441.15,1.2718
"HER24L","HER24L_3A",28.1,4485.23,1.3496
"HER24L","HER24L_3A",28.3,4529.31,1.1387
"HER24L","HER24L_3A",28.5,4573.38,1.2189
"HER24L","HER24L_3A",28.7,4617.46,1.28
"HER24L","HER24L_3A",28.9,4661.53,1.2594
"HER24L","HER24L_3A",29.1,4705.61,1.2209
"HER24L","HER24L_3A",29.3,4749.68,1.1718
"HER24L","HER24L_3A",29.5,4793.76,1.2324
"HER24L","HER24L_3A",29.7,4837.83,1.1887
"HER24L","HER24L_3A",29.9,4881.91,1.1646
"HER24L","HER24L_3A",30.1,4925.74,1.2536
"HER24L","HER24L_3A",30.3,4969.33,1.3229
"HER24L","HER24L_3A",30.5,5012.92,1.5664
"HER24L","HER24L_3A",30.7,5056.51,1.4079
"HER24L","HER24L_3A",30.9,5100.1,1.227
"HER24L","HER24L_3A",31.1,5143.68,1.3122
"HER24L","HER24L_3A",31.3,5187.27,1.2519
"HER24L","HER24L_3A",31.5,5230.86,1.3009
"HER24L","HER24L_3A",31.7,5274.45,1.2524
"HER24L","HER24L_3A",31.9,5318.04,1.3272
"HER24L","HER24L_3A",32.1,5361.62,1.279
"HER24L","HER24L_3A",32.3,5405.21,1.173
"HER24L","HER24L_3A",32.5,5448.8,1.2567
"HER24L","HER24L_3A",32.7,5492.39,1.2561
"HER24L","HER24L_3A",32.9,5535.98,1.2437
"HER24L","HER24L_3B",33.1,5579.57,1.2566
"HER24L","HER24L_3B",33.3,5623.15,1.284
"HER24L","HER24L_3B",33.5,5666.74,1.2972
"HER24L","HER24L_3B",33.7,5710.33,1.2796
"HER24L","HER24L_3B",33.9,5753.92,1.3014
"HER24L","HER24L_3B",34.1,5797.51,1.4291
"HER24L","HER24L_3B",34.3,5841.1,1.4213
"HER24L","HER24L_3B",34.5,5884.68,1.5199
"HER24L","HER24L_3B",34.7,5928.27,1.602
"HER24L","HER24L_3B",34.9,5971.86,1.6946
"HER24L","HER24L_3B",35.1,6020.39,1.6572
"HER24L","HER24L_3B",35.3,6073.85,1.6947
"HER24L","HER24L_3B",35.5,6127.32,1.7303
"HER24L","HER24L_3B",35.7,6180.79,1.7401
"HER24L","HER24L_3B",35.9,6234.25,1.7861
"HER24L","HER24L_3B",36.1,6287.72,1.769
"HER24L","HER24L_3B",36.3,6341.19,1.7669
"HER24L","HER24L_3B",36.5,6394.65,1.7749
"HER24L","HER24L_3B",36.7,6448.12,1.8447
"HER24L","HER24L_3B",36.9,6501.59,2.3616
"HER24L","HER24L_3B",37.1,6555.06,2.332
"HER24L","HER24L_3B",37.3,6608.52,1.9622
"HER24L","HER24L_3B",37.5,6661.99,1.9903
"HER24L","HER24L_3B",37.7,6715.46,1.9951
"HER24L","HER24L_3B",37.9,6768.92,1.9455
"HER24L","HER24L_3B",38.1,6822.39,2.018
"HER24L","HER24L_3B",38.3,6875.86,1.9232
"HER24L","HER24L_3B",38.5,6929.32,1.8864
"HER24L","HER24L_3B",38.7,6982.79,1.9634
"HER24L","HER24L_3B",38.9,7036.26,2.015
"HER24L","HER24L_3B",39.1,7089.72,2.0001
"HER24L","HER24L_3B",39.3,7143.19,2.0015
"HER24L","HER24L_3B",39.5,7196.66,2.046
"HER24L","HER24L_3B",39.7,7250.12,2.0575
"HER24L","HER24L_3B",39.9,7303.59,1.9459
"HER24L","HER24L_3B",40.1,7339.62,1.7935
"HER24L","HER24L_3B",40.3,7358.22,1.6585
"HER24L","HER24L_3B",40.5,7376.81,1.5554
"HER24L","HER24L_3B",40.7,7395.41,1.3398
"HER24L","HER24L_3B",40.9,7414.01,1.1767
"HER24L","HER24L_3B",41.1,7432.6,1.1296
"HER24L","HER24L_3B",41.3,7451.2,1.056
"HER24L","HER24L_3B",41.5,7469.8,1.0151
"HER24L","HER24L_3B",41.7,7488.39,1.0734
"HER24L","HER24L_3B",41.9,7506.99,1.1308
"HER24L","HER24L_3B",42.1,7525.59,1.1026
"HER24L","HER24L_3B",42.3,7544.18,1.0524
"HER24L","HER24L_3B",42.5,7562.78,1.0638
"HER24L","HER24L_3B",42.7,7581.38,1.0254
"HER24L","HER24L_3B",42.9,7599.97,1.0452
"HER24L","HER24L_3B",43.1,7618.57,1.0599
"HER24L","HER24L_3B",43.3,7637.17,1.0492
"HER24L","HER24L_3B",43.5,7655.76,1.0597
"HER24L","HER24L_3B",43.7,7674.36,1.0577
"HER24L","HER24L_3B",43.9,7692.96,1.114
"HER24L","HER24L_3B",44.1,7711.55,1.0832
"HER24L","HER24L_3B",44.3,7730.15,1.0347
"HER24L","HER24L_3B",44.5,7748.75,1.0343
"HER24L","HER24L_3B",44.7,7767.34,1.1082
"HER24L","HER24L_3B",44.9,7785.94,1.0728
"HER24L","HER24L_3B",45.1,7800.47,1.099
"HER24L","HER24L_3B",45.3,7810.92,1.0994
"HER24L","HER24L_3B",45.5,7821.37,1.1064
"HER24L","HER24L_3B",45.7,7831.82,1.0336
"HER24L","HER24L_3B",45.9,7842.28,1.0903
"HER24L","HER24L_3B",46.1,7852.73,1.1454
"HER24L","HER24L_3B",46.3,7863.18,1.0963
"HER24L","HER24L_3B",46.5,7873.64,1.1123
"HER24L","HER24L_3B",46.7,7884.09,1.1053
"HER24L","HER24L_3B",46.9,7894.54,1.0176
"HER24L","HER24L_3B",47.1,7904.99,1.0344
"HER24L","HER24L_3B",47.3,7915.45,1.0283
"HER24L","HER24L_3B",47.5,7925.9,1.0068
"HER24L","HER24L_3B",47.7,7936.35,1.0506
"HER24L","HER24L_3B",47.9,7946.81,1.0608
"HER24L","HER24L_3B",48.1,7957.26,1.0632
"HER24L","HER24L_3B",48.3,7967.71,1.0923
"HER24L","HER24L_3B",48.5,7978.16,1.0757
"HER24L","HER24L_3B",48.7,7988.62,1.0569
"HER24L","HER24L_3B",48.9,7999.07,1.0806
"HER24L","HER24L_3B",49.1,8009.52,1.0588
"HER24L","HER24L_3B",49.3,8019.98,1.0554
"HER24L","HER24L_3B",49.5,8030.43,1.0492
"HER24L","HER24L_3B",49.7,8040.88,1.051
"HER24L","HER24L_3B",49.9,8051.33,1.0243
"HER24L","HER24L_3B",50.1,8061.95,1.0076
"HER24L","HER24L_3B",50.3,8072.72,0.9888
"HER24L","HER24L_3B",50.5,8083.5,1.0619
"HER24L","HER24L_3B",50.7,8094.27,1.1317
"HER24L","HER24L_3B",50.9,8105.05,1.1078
"HER24L","HER24L_3B",51.1,8115.83,1.0479
"HER24L","HER24L_3B",51.3,8126.6,1.0836
"HER24L","HER24L_3B",51.5,8137.38,1.0262
"HER24L","HER24L_3B",51.7,8148.15,1.0151
"HER24L","HER24L_3B",51.9,8158.93,1.0417
"HER24L","HER24L_3B",52.1,8169.7,1.0158
"HER24L","HER24L_3B",52.3,8180.48,1.0647
"HER24L","HER24L_3B",52.5,8191.25,1.1189
"HER24L","HER24L_3B",52.7,8202.03,1.0442
"HER24L","HER24L_3B",52.9,8212.81,1.0575
"HER24L","HER24L_3B",53.1,8223.58,1.0884
"HER24L","HER24L_3B",53.3,8234.36,1.061
"HER24L","HER24L_3B",53.5,8245.13,1.1524
"HER24L","HER24L_3B",53.7,8255.91,1.1574
"HER24L","HER24L_3B",53.9,8266.68,1.0947
"HER24L","HER24L_3B",54.1,8277.46,1.1862
"HER24L","HER24L_3B",54.3,8288.23,1.0601
"HER24L","HER24L_3B",54.5,8299.01,1.004
"HER24L","HER24L_3B",54.7,8309.78,1.0767
"HER24L","HER24L_3B",54.9,8320.56,1.0536
"HER24L","HER24L_3B",55.1,8331.45,1.1252
"HER24L","HER24L_3B",55.3,8342.47,1.0217
"HER24L","HER24L_3B",55.5,8353.48,1.0316
"HER24L","HER24L_3B",55.7,8364.49,1.0777
"HER24L","HER24L_3B",55.9,8375.5,1.044
"HER24L","HER24L_3B",56.1,8386.51,1.0398
"HER24L","HER24L_3B",56.3,8397.52,1.0369
"HER24L","HER24L_3B",56.5,8408.54,1.0393
"HER24L","HER24L_3B",56.7,8419.55,1.0078
"HER24L","HER24L_3B",56.9,8430.56,1.0453
"HER24L","HER24L_3B",57.1,8441.57,1.0829
"HER24L","HER24L_3B",57.3,8452.58,1.0089
"HER24L","HER24L_3B",57.5,8463.6,1.0259
"HER24L","HER24L_3B",57.7,8474.61,1.0817
"HER24L","HER24L_3B",57.9,8485.62,1.038
"HER24L","HER24L_3B",58.1,8496.63,1.0293
"HER24L","HER24L_3B",58.3,8507.64,1.011
"HER24L","HER24L_3B",58.5,8518.65,1.0395
"HER24L","HER24L_3B",58.7,8529.67,1.0652
"HER24L","HER24L_3B",58.9,8540.68,0.9953
"HER24L","HER24L_3B",59.1,8551.69,1.0379
"HER24L","HER24L_3B",59.3,8562.7,1.0695
"HER24L","HER24L_3B",59.5,8573.71,1.045
"HER24L","HER24L_3B",59.7,8584.73,1.0389
"HER24L","HER24L_3B",59.9,8595.74,0.9959
"HER24L","HER24L_3B",60.1,8606.79,1.0662
"HER24L","HER24L_3B",60.3,8617.89,1.0416
"HER24L","HER24L_3B",60.5,8628.99,1.0396
"HER24L","HER24L_3B",60.7,8640.09,1.0282
"HER24L","HER24L_3B",60.9,8651.19,1.0503
"HER24L","HER24L_3B",61.1,8662.29,1.0376
"HER24L","HER24L_3B",61.3,8673.39,1.0357
"HER24L","HER24L_3B",61.5,8684.49,0.998
"HER24L","HER24L_3B",61.7,8695.59,1.051
"HER24L","HER24L_3B",61.9,8706.69,0.9827
"HER24L","HER24L_3B",62.1,8717.79,1.007
"HER24L","HER24L_3B",62.3,8728.89,0.9806
"HER24L","HER24L_3B",62.5,8739.99,0.953
"HER24L","HER24L_3B",62.7,8751.09,1.009
"HER24L","HER24L_3B",62.9,8762.19,1.0827
"HER24L","HER24L_3B",63.1,8773.29,1.0012
"HER24L","HER24L_3B",63.3,8784.39,1.01
"HER24L","HER24L_3B",63.5,8795.49,0.9883
"HER24L","HER24L_3B",63.7,8806.59,0.9424
"HER24L","HER24L_3B",63.9,8817.69,1.0531
"HER24L","HER24L_3B",64.1,8828.78,1.0106
"HER24L","HER24L_3B",64.3,8839.88,1.0072
"HER24L","HER24L_3B",64.5,8850.98,0.9384
"HER24L","HER24L_3B",64.7,8862.08,0.9855
"HER24L","HER24L_3B",64.9,8873.18,0.9586
"HER24L","HER24L_3B",65.1,8882.67,0.9747
"HER24L","HER24L_3B",65.3,8890.54,0.9205
"HER24L","HER24L_3B",65.5,8898.41,0.8847
"HER24L","HER24L_3B",65.7,8906.28,0.8927
"HER24L","HER24L_3B",65.9,8914.15,0.8193
"HER24L","HER24L_3B",66.1,8922.02,0.8387
"HER24L","HER24L_3B",66.3,8929.89,0.8991
"HER24L","HER24L_3B",66.5,8937.76,0.9161
"HER24L","HER24L_3B",66.7,8945.64,0.9617
"HER24L","HER24L_3B",66.9,8953.51,0.9353
"HER24L","HER24L_3B",67.1,8961.38,0.958
"HER24L","HER24L_3B",67.3,8969.25,0.9798
"HER24L","HER24L_3B",67.5,8977.12,1.0122
"HER24L","HER24L_3B",67.7,8984.99,0.9584
"HER24L","HER24L_3B",67.9,8992.86,1.0007
"HER24L","HER24L_3B",68.1,9000.73,1.0924
"HER24L","HER24L_3B",68.3,9008.6,1.1104
"HER24L","HER24L_3B",68.5,9016.47,1.0979
"HER24L","HER24L_3B",68.7,9024.35,1.0828
"HER24L","HER24L_3B",68.9,9032.22,0.9873
"HER24L","HER24L_3B",69.1,9040.09,1.1413
"HER24L","HER24L_3B",69.3,9047.96,1.0509
"HER24L","HER24L_3B",69.5,9055.83,1.0885
"HER24L","HER24L_3B",69.7,9063.7,1.024
"HER24L","HER24L_3B",69.9,9071.57,0.9805
"HER24L","HER24L_3B",70.1,9077.42,0.931
"HER24L","HER24L_3B",70.3,9081.25,0.9667
"HER24L","HER24L_3B",70.5,9085.09,0.9197
"HER24L","HER24L_3B",70.7,9088.92,0.9456
"HER24L","HER24L_3B",70.9,9092.75,0.9865
"HER24L","HER24L_3B",71.1,9096.58,0.9923
"HER24L","HER24L_3B",71.3,9100.42,1.0129
"HER24L","HER24L_3B",71.5,9104.25,1.0123
"HER24L","HER24L_3B",71.7,9108.08,1.0082
"HER24L","HER24L_3B",71.9,9111.91,1.0577
"HER24L","HER24L_3B",72.1,9115.74,1.0385
"HER24L","HER24L_3B",72.3,9119.58,1.1472
"HER24L","HER24L_3B",72.5,9123.41,1.0071
"HER24L","HER24L_3B",72.7,9127.24,1.0237
"HER24L","HER24L_3B",72.9,9131.07,1.0422
"HER24L","HER24L_3B",73.1,9134.91,1.0079
"HER24L","HER24L_3B",73.3,9138.74,1.0027
"HER24L","HER24L_3B",73.5,9142.57,1.0463
"HER24L","HER24L_3B",73.7,9146.4,1.0531
"HER24L","HER24L_3B",73.9,9150.23,1.0512
"HER24L","HER24L_3B",74.1,9154.07,1.0875
"HER24L","HER24L_3B",74.3,9157.9,1.0508
"HER24L","HER24L_3B",74.5,9161.73,1.0317
"HER24L","HER24L_3B",74.7,9165.56,1.0341
"HER24L","HER24L_3B",74.9,9169.4,1.0337
"HER24L","HER24L_3B",75.1,9173.16,1.0675
"HER24L","HER24L_3B",75.3,9176.85,1.0939
"HER24L","HER24L_3B",75.5,9180.54,1.0189
"HER24L","HER24L_3B",75.7,9184.22,1.0527
"HER24L","HER24L_3B",75.9,9187.91,1.1263
"HER24L","HER24L_3B",76.1,9191.6,1.0492
"HER24L","HER24L_3B",76.3,9195.29,0.9989
"HER24L","HER24L_3B",76.5,9198.98,1.0245
"HER24L","HER24L_3B",76.7,9202.67,1.0267
"HER24L","HER24L_3B",76.9,9206.36,1.0416
"HER24L","HER24L_3B",77.1,9210.05,1.0628
"HER24L","HER24L_3B",77.3,9213.74,1.0149
"HER24L","HER24L_3B",77.5,9217.43,1.0568
"HER24L","HER24L_3B",77.7,9221.12,1.0569
"HER24L","HER24L_3B",77.9,9224.81,0.9735
"HER24L","HER24L_3B",78.1,9228.5,1.0317
"HER24L","HER24L_3B",78.3,9232.19,1.0281
"HER24L","HER24L_3B",78.5,9235.88,1.0859
"HER24L","HER24L_3B",78.7,9239.57,1.0119
"HER24L","HER24L_3B",78.9,9243.25,1.0052
"HER24L","HER24L_3C",79.1,9246.94,1.052
"HER24L","HER24L_3C",79.3,9250.63,1.1359
"HER24L","HER24L_3C",79.5,9254.32,1.1266
"HER24L","HER24L_3C",79.7,9258.01,1.0899
"HER24L","HER24L_3C",79.9,9261.7,1.127
"HER24L","HER24L_3C",80.1,9265.42,1.0792
"HER24L","HER24L_3C",80.3,9269.18,1.1085
"HER24L","HER24L_3C",80.5,9272.93,1.1156
"HER24L","HER24L_3C",80.7,9276.68,1.1184
"HER24L","HER24L_3C",80.9,9280.43,1.1538
"HER24L","HER24L_3C",81.1,9284.19,1.1599
"HER24L","HER24L_3C",81.3,9287.94,1.0953
"HER24L","HER24L_3C",81.5,9291.69,1.1261
"HER24L","HER24L_3C",81.7,9295.45,1.0756
"HER24L","HER24L_3C",81.9,9299.2,1.1528
"HER24L","HER24L_3C",82.1,9302.95,1.1463
"HER24L","HER24L_3C",82.3,9306.7,1.1443
"HER24L","HER24L_3C",82.5,9310.46,1.0664
"HER24L","HER24L_3C",82.7,9314.21,1.0585
"HER24L","HER24L_3C",82.9,9317.96,1.0671
"HER24L","HER24L_3C",83.1,9321.72,0.9992
"HER24L","HER24L_3C",83.3,9325.47,1.0648
"HER24L","HER24L_3C",83.5,9329.22,1.0464
"HER24L","HER24L_3C",83.7,9332.97,1.0833
"HER24L","HER24L_3C",83.9,9336.73,1.0494
"HER24L","HER24L_3C",84.1,9340.48,1.1033
"HER24L","HER24L_3C",84.3,9344.23,1.0955
"HER24L","HER24L_3C",84.5,9347.99,1.1295
"HER24L","HER24L_3C",84.7,9351.74,1.1396
"HER24L","HER24L_3C",84.9,9355.49,1.1273
"HER24L","HER24L_3C",85.1,9359.84,1.0854
"HER24L","HER24L_3C",85.3,9364.78,1.1149
"HER24L","HER24L_3C",85.5,9369.73,1.1327
"HER24L","HER24L_3C",85.7,9374.67,1.0843
"HER24L","HER24L_3C",85.9,9379.62,1.1064
"HER24L","HER24L_3C",86.1,9384.56,1.0614
"HER24L","HER24L_3C",86.3,9389.51,1.0576
"HER24L","HER24L_3C",86.5,9394.45,1.0186
"HER24L","HER24L_3C",86.7,9399.4,1.0415
"HER24L","HER24L_3C",86.9,9404.34,1.0022
"HER24L","HER24L_3C",87.1,9409.28,1.0744
"HER24L","HER24L_3C",87.3,9414.23,1.0377
"HER24L","HER24L_3C",87.5,9419.17,1.0588
"HER24L","HER24L_3C",87.7,9424.12,1.0569
"HER24L","HER24L_3C",87.9,9429.06,1.0749
"HER24L","HER24L_3C",88.1,9434.01,1.0327
"HER24L","HER24L_3C",88.3,9438.95,1.1031
"HER24L","HER24L_3C",88.5,9443.9,1.1086
"HER24L","HER24L_3C",88.7,9448.84,1.1246
"HER24L","HER24L_3C",88.9,9453.78,1.1001
"HER24L","HER24L_3C",89.1,9458.73,1.0383
"HER24L","HER24L_3C",89.3,9463.67,1.1033
