SITE,SECTION_ID,MSCL_ID,RCT,SB_DEPTH,SECT_NUM,SECT_DEPTH,Field_depth,Strat_depth,SH20_min_age_95CI,SH20_max_age_95CI,SH20_median_age,SH20_mean_age,Accum_rate,CT,PWAmp_SAT,PWVel_SAT,Den1_SAT,MS1_SAT,DCMS1_SAT,Imp_SAT,FP_SAT,RES_SAT,PWAmp_UNSAT,PWVel_UNSAT,Den1_UNSAT,MS1_UNSAT,DCMS1_UNUNSAT,Imp_UNSAT,FP_UNSAT,RES_UNSAT,PWAmp_SAT_UNSAT,PWVel_SAT_UNSAT,Den1_SAT_UNSAT,MS1_SAT_UNSAT,DCMS1_SAT_UNSAT,Imp_SAT_UNSAT,FP_SAT_UNSAT,RES_SAT_UNSAT,WMAR_SAT,WMAR_UNSAT,WMAR_Mean
HERPT1S4,HERPT1S4.1A,HERPT1S4.1A_1,2.4,0,1,0,0,0,NA,NA,NA,NA,NA,2.324,0.0006,NA,NA,-0.2,NA,NA,NA,2.0437,0.0006,NA,NA,-0.2,NA,NA,NA,2.0437,0.0006,NA,NA,-0.2,NA,NA,NA,2,NA,NA,NA
HERPT1S4,HERPT1S4.1A,HERPT1S4.1A_2,2.4,0.5,1,0.5,0.5,0.5,NA,NA,NA,NA,NA,2.424,0.0006,339.1633,1.0515,-0.3,-0.3,NA,0.9706,1.6373,0.0006,339.1633,1.3335,-0.3,-0.2,NA,0.8094,1.6373,0.0006,339.2,1.1925,-0.3,-0.3,NA,0.89,1.6,NA,NA,NA
HERPT1S4,HERPT1S4.1A,HERPT1S4.1A_3,2.4,1,1,1,1,1,NA,NA,NA,NA,NA,2.491,0,25.5079,1.1377,-0.4,-0.4,29.0198,0.9213,1.1643,0,25.5079,1.4391,-0.4,-0.3,36.7094,0.7491,1.1643,0,25.5,1.2884,-0.4,-0.3,32.9,0.8352,1.2,NA,NA,NA
HERPT1S4,HERPT1S4.1A,HERPT1S4.1A_4,2.4,1.5,1,1.5,1.5,1.5,NA,NA,NA,NA,NA,2.543,0,26.0404,1.1857,-0.7,-0.6,30.8761,0.8939,0.9398,0,26.0404,1.5019,-0.7,-0.5,39.1108,0.7132,0.9398,0,26,1.3438,-0.7,-0.5,35,0.8036,0.9,NA,NA,NA
HERPT1S4,HERPT1S4.1A,HERPT1S4.1A_5,2.4,2,1,2,2,2,NA,NA,NA,NA,NA,2.595,0,26.5729,1.1999,-0.8,-0.7,31.8855,0.8858,0.8119,0,26.5729,1.5228,-0.8,-0.5,40.4653,0.7013,0.8119,0,26.6,1.3614,-0.8,-0.6,36.2,0.7936,0.8,NA,NA,NA
HERPT1S4,HERPT1S4.1A,HERPT1S4.1A_6,2.4,2.5,1,2.5,2.5,2.5,NA,NA,NA,NA,NA,2.635,0,26.9825,1.2302,0.9,0.7,33.1948,0.8684,0.6425,0,26.9825,1.5673,0.9,0.6,42.2903,0.6758,0.6425,0,27,1.3988,0.9,0.7,37.7,0.7721,0.6,NA,NA,NA
HERPT1S4,HERPT1S4.1A,HERPT1S4.1A_7,2.4,3,1,3,3,3,NA,NA,NA,NA,NA,2.657,0,27.2078,1.2744,-0.1,-0.1,34.6738,0.8432,0.5685,0,27.2078,1.6347,-0.1,-0.1,44.4771,0.6373,0.5685,0,27.2,1.4546,-0.1,-0.1,39.6,0.7403,0.6,NA,NA,NA
HERPT1S4,HERPT1S4.1A,HERPT1S4.1A_8,2.4,3.5,1,3.5,3.5,3.5,NA,NA,NA,NA,NA,2.688,0,27.5252,1.3043,-1,-0.8,35.9012,0.8261,0.5205,0,27.5252,1.6872,-1,-0.6,46.4393,0.6073,0.5205,0,27.5,1.4958,-1,-0.7,41.2,0.7167,0.5,NA,NA,NA
HERPT1S4,HERPT1S4.1A,HERPT1S4.1A_9,2.4,4,1,4,4,4,NA,NA,NA,NA,NA,2.693,0,27.5764,1.317,-1.2,-0.9,36.319,0.8188,0.4862,0,27.5764,1.7098,-1.2,-0.7,47.1501,0.5944,0.4862,0,27.6,1.5134,-1.2,-0.8,41.7,0.7066,0.5,NA,NA,NA
HERPT1S4,HERPT1S4.1A,HERPT1S4.1A_10,2.4,4.5,1,4.5,4.5,4.5,NA,NA,NA,NA,NA,2.693,0.0014,760.3049,1.3572,-1.5,-1.1,1031.921,0.7959,0.4624,0.0014,760.3049,1.7838,-1.5,-0.8,1356.24,0.5521,0.4624,0.0014,760.3,1.5705,-1.5,-1,1194.1,0.674,0.5,NA,NA,NA
HERPT1S4,HERPT1S4.1A,HERPT1S4.1A_11,2.4,5,1,5,5,5,NA,NA,NA,NA,NA,2.703,0.0018,1161.083,1.3403,-1.3,-1,1556.176,0.8056,0.4418,0.0018,1161.083,1.7542,-1.3,-0.7,2036.783,0.569,0.4418,0.0018,1161.1,1.5473,-1.3,-0.9,1796.5,0.6873,0.4,NA,NA,NA
HERPT1S4,HERPT1S4.1A,HERPT1S4.1A_12,2.4,5.5,1,5.5,5.5,5.5,NA,NA,NA,NA,NA,2.705,0.0027,1508.645,1.3479,2.3,1.7,2033.545,0.8012,0.4323,0.0027,1508.645,1.7694,2.3,1.3,2669.466,0.5603,0.4323,0.0027,1508.6,1.5587,2.3,1.5,2351.5,0.6808,0.4,NA,NA,NA
HERPT1S4,HERPT1S4.1A,HERPT1S4.1A_13,2.4,6,1,6,6,6,NA,NA,NA,NA,NA,2.709,0.0033,1525.338,1.3379,0.7,0.5,2040.724,0.8069,0.4071,0.0033,1525.338,1.7514,0.7,0.4,2671.48,0.5706,0.4071,0.0033,1525.3,1.5447,0.7,0.5,2356.1,0.6888,0.4,NA,NA,NA
HERPT1S4,HERPT1S4.1A,HERPT1S4.1A_14,2.4,6.5,1,6.5,6.5,6.5,NA,NA,NA,NA,NA,2.729,0.0016,870.2169,1.3393,-2.6,-1.9,1165.518,0.8061,0.3935,0.0016,870.2169,1.7603,-2.6,-1.5,1531.825,0.5656,0.3935,0.0016,870.2,1.5498,-2.6,-1.7,1348.7,0.6859,0.4,NA,NA,NA
HERPT1S4,HERPT1S4.1A,HERPT1S4.1A_15,2.4,7,1,7,7,7,NA,NA,NA,NA,NA,2.756,0.0079,1515.118,1.3349,-2.6,-1.9,2022.494,0.8086,0.3876,0.0079,1515.118,1.7604,-2.6,-1.5,2667.202,0.5655,0.3876,0.0079,1515.1,1.5477,-2.6,-1.7,2344.8,0.6871,0.4,NA,NA,NA
HERPT1S4,HERPT1S4.1A,HERPT1S4.1A_16,2.4,7.5,1,7.5,7.5,7.5,NA,NA,NA,NA,NA,2.776,0.0325,1853.138,1.332,4.6,3.5,2468.442,0.8103,0.3754,0.0325,1853.138,1.7618,4.6,2.6,3264.814,0.5647,0.3754,0.0325,1853.1,1.5469,4.6,3,2866.6,0.6875,0.4,NA,NA,NA
HERPT1S4,HERPT1S4.1A,HERPT1S4.1A_17,2.4,8,1,8,8,8,NA,NA,NA,NA,NA,2.807,0.2743,1782.223,1.3385,9.2,6.9,2385.556,0.8066,0.3786,0.2743,1782.223,1.7899,9.2,5.1,3189.954,0.5486,0.3786,0.2743,1782.2,1.5642,9.2,6,2787.8,0.6776,0.4,NA,NA,NA
HERPT1S4,HERPT1S4.1A,HERPT1S4.1A_18,2.4,8.5,1,8.5,8.5,8.5,NA,NA,NA,NA,NA,2.835,0.4881,1766.355,1.3384,1.8,1.3,2364.009,0.8067,0.3819,0.4881,1766.355,1.8052,1.8,1,3188.549,0.5399,0.3819,0.4881,1766.4,1.5718,1.8,1.2,2776.3,0.6733,0.4,NA,NA,NA
HERPT1S4,HERPT1S4.1A,HERPT1S4.1A_19,2.4,9,1,9,9,9,NA,NA,NA,NA,NA,2.849,0.4241,1769.565,1.341,4.1,3.1,2372.91,0.8052,0.3679,0.4241,1769.565,1.822,4.1,2.3,3224.235,0.5303,0.3679,0.4241,1769.6,1.5815,4.1,2.7,2798.6,0.6678,0.4,NA,NA,NA
HERPT1S4,HERPT1S4.1A,HERPT1S4.1A_20,2.4,9.5,1,9.5,9.5,9.5,NA,NA,NA,NA,NA,2.856,0.4355,1787.234,1.3584,1,0.7,2427.792,0.7952,0.3645,0.4355,1787.234,1.8905,1,0.5,3378.757,0.4911,0.3645,0.4355,1787.2,1.6245,1,0.6,2903.3,0.6432,0.4,NA,NA,NA
HERPT1S4,HERPT1S4.1A,HERPT1S4.1A_21,2.4,10,1,10,10,10,NA,NA,NA,NA,NA,2.861,0.7773,1801.637,1.3509,-0.7,-0.5,2433.898,0.7995,0.3929,0.7773,1801.637,1.8664,-0.7,-0.4,3362.548,0.5049,0.3929,0.7773,1801.6,1.6087,-0.7,-0.4,2898.2,0.6522,0.4,NA,NA,NA
HERPT1S4,HERPT1S4.1A,HERPT1S4.1A_22,2.4,10.5,1,10.5,10.5,10.5,NA,NA,NA,NA,NA,2.86,1.0934,1793.104,1.3525,-0.5,-0.4,2425.113,0.7986,0.3608,1.0934,1793.104,1.8711,-0.5,-0.3,3355.144,0.5022,0.3608,1.0934,1793.1,1.6118,-0.5,-0.3,2890.1,0.6504,0.4,NA,NA,NA
HERPT1S4,HERPT1S4.1A,HERPT1S4.1A_23,2.4,11,1,11,11,11,NA,NA,NA,NA,NA,2.862,0.8367,1788.75,1.3463,0.2,0.1,2408.119,0.8021,0.3489,0.8367,1788.75,1.8503,0.2,0.1,3309.759,0.5141,0.3489,0.8367,1788.8,1.5983,0.2,0.1,2858.9,0.6581,0.3,NA,NA,NA
HERPT1S4,HERPT1S4.1A,HERPT1S4.1A_24,2.4,11.5,1,11.5,11.5,11.5,NA,NA,NA,NA,NA,2.877,0.2472,1801.503,1.3588,2.5,1.8,2447.856,0.795,0.3439,0.2472,1801.503,1.933,2.5,1.3,3482.28,0.4669,0.3439,0.2472,1801.5,1.6459,2.5,1.6,2965.1,0.631,0.3,NA,NA,NA
HERPT1S4,HERPT1S4.1A,HERPT1S4.1A_25,2.4,12,1,12,12,12,NA,NA,NA,NA,NA,2.897,0.0431,1817.441,1.3672,1.4,1,2484.725,0.7902,0.3404,0.0431,1817.441,NA,1.4,NA,NA,NA,0.3404,0.0431,1817.4,NA,1.4,NA,NA,NA,0.3,NA,NA,NA
HERPT1S4,HERPT1S4.1A,HERPT1S4.1A_26,2.4,12.5,1,12.5,12.5,12.5,NA,NA,NA,NA,NA,2.934,0.0436,1549.102,1.3504,11.7,8.7,2091.841,0.7998,0.3345,0.0436,1549.102,NA,11.7,NA,NA,NA,0.3345,0.0436,1549.1,NA,11.7,NA,NA,NA,0.3,NA,NA,NA
HERPT1S4,HERPT1S4.1A,HERPT1S4.1A_27,2.4,13,1,13,13,13,NA,NA,NA,NA,NA,2.975,0.0093,1571.58,1.3833,4.2,3,2173.995,0.781,0.3341,0.0093,1571.58,NA,4.2,NA,NA,NA,0.3341,0.0093,1571.6,NA,4.2,NA,NA,NA,0.3,NA,NA,NA
HERPT1S4,HERPT1S4.1A,HERPT1S4.1A_28,2.4,13.5,1,13.5,13.5,13.5,NA,NA,NA,NA,NA,3.014,0.0074,1855.911,1.4089,0.8,0.6,2614.713,0.7664,0.3344,0.0074,1855.911,NA,0.8,NA,NA,NA,0.3344,0.0074,1855.9,NA,0.8,NA,NA,NA,0.3,NA,NA,NA
HERPT1S4,HERPT1S4.1A,HERPT1S4.1A_29,2.4,14,1,14,14,14,NA,NA,NA,NA,NA,3.045,0.1324,1807.122,1.413,0.9,0.6,2553.487,0.764,0.3343,0.1324,1807.122,NA,0.9,NA,NA,NA,0.3343,0.1324,1807.1,NA,0.9,NA,NA,NA,0.3,NA,NA,NA
HERPT1S4,HERPT1S4.1A,HERPT1S4.1A_30,2.4,14.5,1,14.5,14.5,14.5,NA,NA,NA,NA,NA,3.066,0.2691,1772.254,1.489,0.8,0.5,2638.904,0.7206,0.3319,0.2691,1772.254,NA,0.8,NA,NA,NA,0.3319,0.2691,1772.3,NA,0.8,NA,NA,NA,0.3,NA,NA,NA
HERPT1S4,HERPT1S4.1A,HERPT1S4.1A_31,2.4,15,1,15,15,15,NA,NA,NA,NA,NA,3.081,0.3789,1797.55,1.5286,1.1,0.7,2747.665,0.698,0.3309,0.3789,1797.55,NA,1.1,NA,NA,NA,0.3309,0.3789,1797.6,NA,1.1,NA,NA,NA,0.3,NA,NA,NA
HERPT1S4,HERPT1S4.1A,HERPT1S4.1A_32,2.4,15.5,1,15.5,15.5,15.5,NA,NA,NA,NA,NA,3.092,0.4762,1825.266,1.5198,1.2,0.8,2773.998,0.703,0.3241,0.4762,1825.266,NA,1.2,NA,NA,NA,0.3241,0.4762,1825.3,NA,1.2,NA,NA,NA,0.3,NA,NA,NA
HERPT1S4,HERPT1S4.1A,HERPT1S4.1A_33,2.4,16,1,16,16,16,NA,NA,NA,NA,NA,3.091,0.3431,1848.684,1.5393,2,1.3,2845.595,0.6919,0.3274,0.3431,1848.684,NA,2,NA,NA,NA,0.3274,0.3431,1848.7,NA,2,NA,NA,NA,0.3,NA,NA,NA
HERPT1S4,HERPT1S4.1A,HERPT1S4.1A_34,2.4,16.5,1,16.5,16.5,16.5,NA,NA,NA,NA,NA,3.092,0.3873,1791.425,1.5392,2.6,1.7,2757.372,0.6919,0.3268,0.3873,1791.425,NA,2.6,NA,NA,NA,0.3268,0.3873,1791.4,NA,2.6,NA,NA,NA,0.3,NA,NA,NA
HERPT1S4,HERPT1S4.1A,HERPT1S4.1A_35,2.4,17,1,17,17,17,NA,NA,NA,NA,NA,3.091,0.5785,1774.397,1.6121,4.4,2.7,2860.5,0.6502,0.3193,0.5785,1774.397,NA,4.4,NA,NA,NA,0.3193,0.5785,1774.4,NA,4.4,NA,NA,NA,0.3,NA,NA,NA
HERPT1S4,HERPT1S4.1A,HERPT1S4.1A_36,2.4,17.5,1,17.5,17.5,17.5,NA,NA,NA,NA,NA,3.092,0.1377,1905.114,1.704,4.2,2.5,3246.346,0.5977,0.3161,0.1377,1905.114,NA,4.2,NA,NA,NA,0.3161,0.1377,1905.1,NA,4.2,NA,NA,NA,0.3,NA,NA,NA
HERPT1S4,HERPT1S4.1A,HERPT1S4.1A_37,2.4,18,1,18,18,18,NA,NA,NA,NA,NA,3.086,0.134,1881.708,NA,4.1,NA,NA,NA,0.3186,0.134,1881.708,NA,4.1,NA,NA,NA,0.3186,0.134,1881.7,NA,4.1,NA,NA,NA,0.3,NA,NA,NA
HERPT1S4,HERPT1S4.1A,HERPT1S4.1A_38,2.4,18.5,1,18.5,18.5,18.5,NA,NA,NA,NA,NA,3.091,0.2644,1845.373,NA,1.8,NA,NA,NA,0.3117,0.2644,1845.373,NA,1.8,NA,NA,NA,0.3117,0.2644,1845.4,NA,1.8,NA,NA,NA,0.3,NA,NA,NA
HERPT1S4,HERPT1S4.1A,HERPT1S4.1A_39,2.4,19,1,19,19,19,NA,NA,NA,NA,NA,3.097,0.9082,1840.167,NA,1.5,NA,NA,NA,0.308,0.9082,1840.167,NA,1.5,NA,NA,NA,0.308,0.9082,1840.2,NA,1.5,NA,NA,NA,0.3,NA,NA,NA
HERPT1S4,HERPT1S4.1A,HERPT1S4.1A_40,2.4,19.5,1,19.5,19.5,19.5,NA,NA,NA,NA,NA,3.102,0.5658,1824.706,NA,1.8,NA,NA,NA,0.3103,0.5658,1824.706,NA,1.8,NA,NA,NA,0.3103,0.5658,1824.7,NA,1.8,NA,NA,NA,0.3,NA,NA,NA
HERPT1S4,HERPT1S4.1A,HERPT1S4.1A_41,2.4,20,1,20,20,20,NA,NA,NA,NA,NA,3.107,0.5705,1822.287,NA,3.6,NA,NA,NA,0.308,0.5705,1822.287,NA,3.6,NA,NA,NA,0.308,0.5705,1822.3,NA,3.6,NA,NA,NA,0.3,NA,NA,NA
HERPT1S4,HERPT1S4.1A,HERPT1S4.1A_42,2.4,20.5,1,20.5,20.5,20.5,NA,NA,NA,NA,NA,3.107,0.4392,1796.993,NA,4.7,NA,NA,NA,0.3055,0.4392,1796.993,NA,4.7,NA,NA,NA,0.3055,0.4392,1797,NA,4.7,NA,NA,NA,0.3,NA,NA,NA
HERPT1S4,HERPT1S4.1A,HERPT1S4.1A_43,2.4,21,1,21,21,21,NA,NA,NA,NA,NA,3.102,0.251,1786.867,NA,6.6,NA,NA,NA,0.2967,0.251,1786.867,NA,6.6,NA,NA,NA,0.2967,0.251,1786.9,NA,6.6,NA,NA,NA,0.3,NA,NA,NA
HERPT1S4,HERPT1S4.1A,HERPT1S4.1A_44,2.4,21.5,1,21.5,21.5,21.5,NA,NA,NA,NA,NA,3.097,0.2983,1762.664,NA,8.6,NA,NA,NA,0.306,0.2983,1762.664,NA,8.6,NA,NA,NA,0.306,0.2983,1762.7,NA,8.6,NA,NA,NA,0.3,NA,NA,NA
HERPT1S4,HERPT1S4.1A,HERPT1S4.1A_45,2.4,22,1,22,22,22,NA,NA,NA,NA,NA,3.087,0.5854,1774.138,NA,9.6,NA,NA,NA,0.2988,0.5854,1774.138,NA,9.6,NA,NA,NA,0.2988,0.5854,1774.1,NA,9.6,NA,NA,NA,0.3,NA,NA,NA
HERPT1S4,HERPT1S4.1A,HERPT1S4.1A_46,2.4,22.5,1,22.5,22.5,22.5,NA,NA,NA,NA,NA,3.077,0.5739,1778.613,NA,12.2,NA,NA,NA,0.2999,0.5739,1778.613,NA,12.2,NA,NA,NA,0.2999,0.5739,1778.6,NA,12.2,NA,NA,NA,0.3,NA,NA,NA
HERPT1S4,HERPT1S4.1A,HERPT1S4.1A_47,2.4,23,1,23,23,23,NA,NA,NA,NA,NA,3.066,0.676,1800.352,NA,10.3,NA,NA,NA,0.2982,0.676,1800.352,NA,10.3,NA,NA,NA,0.2982,0.676,1800.4,NA,10.3,NA,NA,NA,0.3,NA,NA,NA
HERPT1S4,HERPT1S4.1A,HERPT1S4.1A_48,2.4,23.5,1,23.5,23.5,23.5,NA,NA,NA,NA,NA,3.055,0.6228,1817.371,NA,13,NA,NA,NA,0.3005,0.6228,1817.371,NA,13,NA,NA,NA,0.3005,0.6228,1817.4,NA,13,NA,NA,NA,0.3,NA,NA,NA
HERPT1S4,HERPT1S4.1A,HERPT1S4.1A_49,2.4,24,1,24,24,24,NA,NA,NA,NA,NA,3.04,0.3685,1501.235,1.6499,11.8,7.2,NA,0.6286,0.3002,0.3685,1501.235,NA,11.8,NA,NA,NA,0.3002,0.3685,1501.2,NA,11.8,NA,NA,NA,0.3,NA,NA,NA
HERPT1S4,HERPT1S4.1A,HERPT1S4.1A_50,2.4,24.5,1,24.5,24.5,24.5,NA,NA,NA,NA,NA,3.02,0.0932,1932.182,1.4455,10.6,7.3,2793.028,0.7454,0.2957,0.0932,1932.182,NA,10.6,NA,NA,NA,0.2957,0.0932,1932.2,NA,10.6,NA,NA,NA,0.3,NA,NA,NA
HERPT1S4,HERPT1S4.1A,HERPT1S4.1A_51,2.4,25,1,25,25,25,NA,NA,NA,NA,NA,2.994,0.0092,1969.737,1.3371,11.2,8.4,2633.781,0.8074,0.2951,0.0092,1969.737,NA,11.2,NA,NA,NA,0.2951,0.0092,1969.7,NA,11.2,NA,NA,NA,0.3,NA,NA,NA
HERPT1S4,HERPT1S4.1A,HERPT1S4.1A_52,2.4,25.5,1,25.5,25.5,25.5,NA,NA,NA,NA,NA,2.965,0.003,1045.118,1.3216,10.9,8.2,1381.251,0.8162,0.2927,0.003,1045.118,1.904,10.9,5.7,NA,0.4834,0.2927,0.003,1045.1,1.6128,10.9,7,NA,0.6498,0.3,NA,NA,NA
HERPT1S4,HERPT1S4.1A,HERPT1S4.1A_53,2.4,26,1,26,26,26,NA,NA,NA,NA,NA,2.944,0.0009,832.3439,1.3628,5.9,4.3,1134.309,0.7927,0.2911,0.0009,832.3439,NA,5.9,NA,NA,NA,0.2911,0.0009,832.3,NA,5.9,NA,NA,NA,0.3,NA,NA,NA
HERPT1S4,HERPT1S4.1A,HERPT1S4.1A_54,2.4,26.5,1,26.5,26.5,26.5,NA,NA,NA,NA,NA,2.913,0.0007,697.0567,1.4046,5.1,3.6,979.0893,0.7688,0.2895,0.0007,697.0567,NA,5.1,NA,NA,NA,0.2895,0.0007,697.1,NA,5.1,NA,NA,NA,0.3,NA,NA,NA
HERPT1S4,HERPT1S4.1A,HERPT1S4.1A_55,2.4,27,1,27,27,27,NA,NA,NA,NA,NA,2.882,0,29.5118,1.3428,4.6,3.4,39.6276,0.8041,0.2859,0,29.5118,1.8593,4.6,2.5,NA,0.5089,0.2859,0,29.5,1.6011,4.6,2.9,NA,0.6565,0.3,NA,NA,NA
HERPT1S4,HERPT1S4.1A,HERPT1S4.1A_56,2.4,27.5,1,27.5,27.5,27.5,NA,NA,NA,NA,NA,2.841,0,29.0919,1.3186,5.1,3.9,38.3597,0.818,0.2873,0,29.0919,1.7591,5.1,2.9,51.1766,0.5662,0.2873,0,29.1,1.5389,5.1,3.4,44.8,0.6921,0.3,NA,NA,NA
HERPT1S4,HERPT1S4.1A,HERPT1S4.1A_57,2.4,28,1,28,28,28,NA,NA,NA,NA,NA,2.815,0,28.8257,1.2654,6,4.7,36.4758,0.8483,0.2817,0,28.8257,1.6452,6,3.6,47.424,0.6313,0.2817,0,28.8,1.4553,6,4.2,41.9,0.7398,0.3,NA,NA,NA
HERPT1S4,HERPT1S4.1A,HERPT1S4.1A_58,2.4,28.5,1,28.5,28.5,28.5,NA,NA,NA,NA,NA,2.807,0,28.7438,1.2229,4.8,3.9,35.1516,0.8726,0.2822,0,28.7438,1.5733,4.8,3.1,45.2215,0.6724,0.2822,0,28.7,1.3981,4.8,3.5,40.2,0.7725,0.3,NA,NA,NA
HERPT1S4,HERPT1S4.1A,HERPT1S4.1A_59,2.4,29,1,29,29,29,NA,NA,NA,NA,NA,2.809,0,28.7642,1.239,3.4,2.7,35.638,0.8634,0.2808,0,28.7642,1.5993,3.4,2.1,46.004,0.6575,0.2808,0,28.8,1.4192,3.4,2.4,40.8,0.7605,0.3,NA,NA,NA
HERPT1S4,HERPT1S4.1A,HERPT1S4.1A_60,2.4,29.5,1,29.5,29.5,29.5,NA,NA,NA,NA,NA,2.825,0.003,1195.514,1.3176,1.6,1.2,1575.221,0.8185,0.2819,0.003,1195.514,1.75,1.6,0.9,2092.11,0.5714,0.2819,0.003,1195.5,1.5338,1.6,1.1,1833.7,0.695,0.3,NA,NA,NA
HERPT1S4,HERPT1S4.1A,HERPT1S4.1A_61,2.4,30,1,30,30,30,NA,NA,NA,NA,NA,2.846,0.0105,1427.998,1.3919,1,0.7,1987.606,0.7761,0.2821,0.0105,1427.998,NA,1,NA,NA,NA,0.2821,0.0105,1428,NA,1,NA,NA,NA,0.3,NA,NA,NA
HERPT1S4,HERPT1S4.1A,HERPT1S4.1A_62,2.4,30.5,1,30.5,30.5,30.5,NA,NA,NA,NA,NA,2.862,0.0071,1394.737,1.4703,1.4,1,2050.732,0.7312,0.2816,0.0071,1394.737,NA,1.4,NA,NA,NA,0.2816,0.0071,1394.7,NA,1.4,NA,NA,NA,0.3,NA,NA,NA
HERPT1S4,HERPT1S4.1A,HERPT1S4.1A_63,2.4,31,1,31,31,31,NA,NA,NA,NA,NA,2.881,0.0175,1653.846,1.5137,2.4,1.6,2503.454,0.7064,0.2759,0.0175,1653.846,NA,2.4,NA,NA,NA,0.2759,0.0175,1653.8,NA,2.4,NA,NA,NA,0.3,NA,NA,NA
HERPT1S4,HERPT1S4.1A,HERPT1S4.1A_64,2.4,31.5,1,31.5,31.5,31.5,NA,NA,NA,NA,NA,2.892,0.0374,1667.82,1.6442,3.1,1.9,2742.254,0.6319,0.2797,0.0374,1667.82,NA,3.1,NA,NA,NA,0.2797,0.0374,1667.8,NA,3.1,NA,NA,NA,0.3,NA,NA,NA
HERPT1S4,HERPT1S4.1A,HERPT1S4.1A_65,2.4,32,1,32,32,32,NA,NA,NA,NA,NA,2.918,0.0388,1923.533,1.7421,3.2,1.8,3350.987,0.5759,0.2814,0.0388,1923.533,NA,3.2,NA,NA,NA,0.2814,0.0388,1923.5,NA,3.2,NA,NA,NA,0.3,NA,NA,NA
HERPT1S4,HERPT1S4.1A,HERPT1S4.1A_66,2.4,32.5,1,32.5,32.5,32.5,NA,NA,NA,NA,NA,2.939,0.137,1922.172,1.8559,4.9,2.6,3567.285,0.5109,0.2765,0.137,1922.172,NA,4.9,NA,NA,NA,0.2765,0.137,1922.2,NA,4.9,NA,NA,NA,0.3,NA,NA,NA
HERPT1S4,HERPT1S4.1A,HERPT1S4.1A_67,2.4,33,1,33,33,33,NA,NA,NA,NA,NA,2.957,0.1804,1891.875,NA,4.9,NA,NA,NA,0.2768,0.1804,1891.875,NA,4.9,NA,NA,NA,0.2768,0.1804,1891.9,NA,4.9,NA,NA,NA,0.3,NA,NA,NA
HERPT1S4,HERPT1S4.1A,HERPT1S4.1A_68,2.4,33.5,1,33.5,33.5,33.5,NA,NA,NA,NA,NA,2.983,0.1976,1858.567,NA,4.1,NA,NA,NA,0.2778,0.1976,1858.567,NA,4.1,NA,NA,NA,0.2778,0.1976,1858.6,NA,4.1,NA,NA,NA,0.3,NA,NA,NA
HERPT1S4,HERPT1S4.1A,HERPT1S4.1A_69,2.4,34,1,34,34,34,NA,NA,NA,NA,NA,2.999,0.3337,1860.422,NA,3.9,NA,NA,NA,0.2922,0.3337,1860.422,NA,3.9,NA,NA,NA,0.2922,0.3337,1860.4,NA,3.9,NA,NA,NA,0.3,NA,NA,NA
HERPT1S4,HERPT1S4.1A,HERPT1S4.1A_70,2.4,34.5,1,34.5,34.5,34.5,NA,NA,NA,NA,NA,3.019,0.2434,1876.321,1.6391,4,2.4,NA,0.6348,0.295,0.2434,1876.321,NA,4,NA,NA,NA,0.295,0.2434,1876.3,NA,4,NA,NA,NA,0.3,NA,NA,NA
HERPT1S4,HERPT1S4.1A,HERPT1S4.1A_71,2.4,35,1,35,35,35,NA,NA,NA,NA,NA,3.032,0.2084,1687.257,1.401,4.5,3.2,2363.891,0.7708,0.2905,0.2084,1687.257,NA,4.5,NA,NA,NA,0.2905,0.2084,1687.3,NA,4.5,NA,NA,NA,0.3,NA,NA,NA
HERPT1S4,HERPT1S4.1A,HERPT1S4.1A_72,2.4,35.5,1,35.5,35.5,35.5,NA,NA,NA,NA,NA,3.04,0.6656,1700.224,1.2953,6.5,5,2202.216,0.8313,0.297,0.6656,1700.224,NA,6.5,NA,NA,NA,0.297,0.6656,1700.2,NA,6.5,NA,NA,NA,0.3,NA,NA,NA
HERPT1S4,HERPT1S4.1A,HERPT1S4.1A_73,2.4,36,1,36,36,36,NA,NA,NA,NA,NA,3.045,1.9433,1716.46,1.2925,4.3,3.3,2218.521,0.8329,0.3003,1.9433,1716.46,NA,4.3,NA,NA,NA,0.3003,1.9433,1716.5,NA,4.3,NA,NA,NA,0.3,NA,NA,NA
HERPT1S4,HERPT1S4.1A,HERPT1S4.1A_74,2.4,36.5,1,36.5,36.5,36.5,NA,NA,NA,NA,NA,3.056,2.7877,1717.819,1.2885,0.9,0.7,2213.357,0.8352,0.2992,2.7877,1717.819,NA,0.9,NA,NA,NA,0.2992,2.7877,1717.8,NA,0.9,NA,NA,NA,0.3,NA,NA,NA
HERPT1S4,HERPT1S4.1A,HERPT1S4.1A_75,2.4,37,1,37,37,37,NA,NA,NA,NA,NA,3.069,3.7482,1709.75,1.2722,-0.1,-0.1,2175.068,0.8445,0.2776,3.7482,1709.75,1.801,-0.1,-0.1,NA,0.5423,0.2776,3.7482,1709.8,1.5366,-0.1,-0.1,NA,0.6934,0.3,NA,NA,NA
HERPT1S4,HERPT1S4.1A,HERPT1S4.1A_76,2.4,37.5,1,37.5,37.5,37.5,NA,NA,NA,NA,NA,3.071,6.7507,1706.111,1.276,0.5,0.4,2177.005,0.8423,0.2668,6.7507,1706.111,1.8383,0.5,0.3,3136.285,0.521,0.2668,6.7507,1706.1,1.5572,0.5,0.3,2656.6,0.6817,0.3,NA,NA,NA
HERPT1S4,HERPT1S4.1A,HERPT1S4.1A_77,2.4,38,1,38,38,38,NA,NA,NA,NA,NA,3.071,11.4465,1714.685,1.2719,0.1,0.1,2180.967,0.8446,0.2625,11.4465,1714.685,1.8038,0.1,0.1,3092.894,0.5407,0.2625,11.4465,1714.7,1.5379,0.1,0.1,2636.9,0.6927,0.3,NA,NA,NA
HERPT1S4,HERPT1S4.1A,HERPT1S4.1A_78,2.4,38.5,1,38.5,38.5,38.5,NA,NA,NA,NA,NA,3.062,10.753,1727.991,1.2562,0.2,0.2,2170.661,0.8536,0.2855,10.753,1727.991,1.7221,0.2,0.1,2975.718,0.5874,0.2855,10.753,1728,1.4892,0.2,0.1,2573.2,0.7205,0.3,NA,NA,NA
HERPT1S4,HERPT1S4.1A,HERPT1S4.1A_79,2.4,39,1,39,39,39,NA,NA,NA,NA,NA,3.056,2.6713,1726.554,1.252,-0.6,-0.5,2161.729,0.856,0.2853,2.6713,1726.554,1.7044,-0.6,-0.4,2942.719,0.5975,0.2853,2.6713,1726.6,1.4782,-0.6,-0.4,2552.2,0.7268,0.3,NA,NA,NA
HERPT1S4,HERPT1S4.1A,HERPT1S4.1A_80,2.4,39.5,1,39.5,39.5,39.5,NA,NA,NA,NA,NA,3.05,1.5184,1685.083,1.2557,-1.1,-0.9,2115.909,0.8539,0.3059,1.5184,1685.083,1.7113,-1.1,-0.6,2883.666,0.5935,0.3059,1.5184,1685.1,1.4835,-1.1,-0.8,2499.8,0.7237,0.3,NA,NA,NA
HERPT1S4,HERPT1S4.1A,HERPT1S4.1A_81,2.4,40,1,40,40,40,NA,NA,NA,NA,NA,3.044,2.9653,1692.993,1.2505,-1.3,-1,2117.008,0.8569,0.3129,2.9653,1692.993,1.6921,-1.3,-0.8,2864.74,0.6045,0.3129,2.9653,1693,1.4713,-1.3,-0.9,2490.9,0.7307,0.3,NA,NA,NA
HERPT1S4,HERPT1S4.1A,HERPT1S4.1A_82,2.4,40.5,1,40.5,40.5,40.5,NA,NA,NA,NA,NA,3.035,3.7144,1723.453,1.2551,-1.4,-1.1,2163.139,0.8542,0.3235,3.7144,1723.453,1.6998,-1.4,-0.8,2929.566,0.6001,0.3235,3.7144,1723.5,1.4775,-1.4,-1,2546.4,0.7272,0.3,NA,NA,NA
HERPT1S4,HERPT1S4.1A,HERPT1S4.1A_83,2.4,41,1,41,41,41,NA,NA,NA,NA,NA,3.019,3.3139,1737.054,1.2672,-1.6,-1.3,2201.192,0.8473,0.3345,3.3139,1737.054,1.7247,-1.6,-0.9,2995.874,0.5859,0.3345,3.3139,1737.1,1.496,-1.6,-1.1,2598.5,0.7166,0.3,NA,NA,NA
HERPT1S4,HERPT1S4.1A,HERPT1S4.1A_84,2.4,41.5,1,41.5,41.5,41.5,NA,NA,NA,NA,NA,2.983,4.5261,1751.615,1.3002,-1.7,-1.3,2277.387,0.8285,0.3324,4.5261,1751.615,1.8082,-1.7,-0.9,3167.321,0.5382,0.3324,4.5261,1751.6,1.5542,-1.7,-1.1,2722.4,0.6834,0.3,NA,NA,NA
HERPT1S4,HERPT1S4.1A,HERPT1S4.1A_85,2.4,42,1,42,42,42,NA,NA,NA,NA,NA,2.934,4.1702,1747.469,1.3909,-1.7,-1.2,2430.589,0.7766,0.3412,4.1702,1747.469,NA,-1.7,NA,NA,NA,0.3412,4.1702,1747.5,NA,-1.7,NA,NA,NA,0.3,NA,NA,NA
HERPT1S4,HERPT1S4.1A,HERPT1S4.1A_86,2.4,42.5,1,42.5,42.5,42.5,NA,NA,NA,NA,NA,2.892,3.0404,1765.568,1.4907,-0.8,-0.5,2631.959,0.7196,0.3591,3.0404,1765.568,NA,-0.8,NA,NA,NA,0.3591,3.0404,1765.6,NA,-0.8,NA,NA,NA,0.4,NA,NA,NA
HERPT1S4,HERPT1S4.1A,HERPT1S4.1A_87,2.4,43,1,43,43,43,NA,NA,NA,NA,NA,2.864,1.8345,1801.258,1.5668,0.3,0.2,2822.24,0.6761,0.3638,1.8345,1801.258,NA,0.3,NA,NA,NA,0.3638,1.8345,1801.3,NA,0.3,NA,NA,NA,0.4,NA,NA,NA
HERPT1S4,HERPT1S4.1A,HERPT1S4.1A_88,2.4,43.5,1,43.5,43.5,43.5,NA,NA,NA,NA,NA,2.844,1.4143,1818.414,1.5538,4.6,3,2825.413,0.6836,0.3664,1.4143,1818.414,NA,4.6,NA,NA,NA,0.3664,1.4143,1818.4,NA,4.6,NA,NA,NA,0.4,NA,NA,NA
HERPT1S4,HERPT1S4.1A,HERPT1S4.1A_89,2.4,44,1,44,44,44,NA,NA,NA,NA,NA,2.804,1.2918,1829.093,1.4944,6,4,2733.348,0.7175,0.3655,1.2918,1829.093,NA,6,NA,NA,NA,0.3655,1.2918,1829.1,NA,6,NA,NA,NA,0.4,NA,NA,NA
HERPT1S4,HERPT1S4.1A,HERPT1S4.1A_90,2.4,44.5,1,44.5,44.5,44.5,NA,NA,NA,NA,NA,2.734,0.747,1862.398,1.5,6,4,2793.543,0.7143,0.3668,0.747,1862.398,NA,6,NA,NA,NA,0.3668,0.747,1862.4,NA,6,NA,NA,NA,0.4,NA,NA,NA
HERPT1S4,HERPT1S4.1A,HERPT1S4.1A_91,2.4,45,1,45,45,45,NA,NA,NA,NA,NA,2.667,0.3029,1895.523,1.5401,5.4,3.5,2919.264,0.6914,0.376,0.3029,1895.523,NA,5.4,NA,NA,NA,0.376,0.3029,1895.5,NA,5.4,NA,NA,NA,0.4,NA,NA,NA
HERPT1S4,HERPT1S4.1A,HERPT1S4.1A_92,2.4,45.5,1,45.5,45.5,45.5,NA,NA,NA,NA,NA,2.589,0.1215,1936.425,1.5725,5.7,3.6,3044.945,0.6729,0.3876,0.1215,1936.425,NA,5.7,NA,NA,NA,0.3876,0.1215,1936.4,NA,5.7,NA,NA,NA,0.4,NA,NA,NA
HERPT1S4,HERPT1S4.1A,HERPT1S4.1A_93,2.4,46,1,46,46,46,NA,NA,NA,NA,NA,2.497,0.3878,1958.432,1.5569,5.7,3.7,3049.076,0.6818,0.3997,0.3878,1958.432,2.1769,5.7,2.6,NA,0.3275,0.3997,0.3878,1958.4,1.8669,5.7,3.1,NA,0.5047,0.4,NA,NA,NA
HERPT1S4,HERPT1S4.1A,HERPT1S4.1A_94,2.4,46.5,1,46.5,46.5,46.5,NA,NA,NA,NA,NA,2.411,0.1891,1947.496,1.5489,7.2,4.6,3016.462,0.6863,0.4082,0.1891,1947.496,2.0617,7.2,3.5,4015.222,0.3933,0.4082,0.1891,1947.5,1.8053,7.2,4.1,3515.8,0.5398,0.4,NA,NA,NA
HERPT1S4,HERPT1S4.1A,HERPT1S4.1A_95,2.4,47,1,47,47,47,NA,NA,NA,NA,NA,2.31,0.2373,1918.605,1.5601,5.9,3.8,2993.206,0.6799,0.4552,0.2373,1918.605,2.0374,5.9,2.9,3908.901,0.4072,0.4552,0.2373,1918.6,1.7988,5.9,3.3,3451.1,0.5436,0.5,NA,NA,NA
HERPT1S4,HERPT1S4.1A,HERPT1S4.1A_96,2.4,47.5,1,47.5,47.5,47.5,NA,NA,NA,NA,NA,2.199,0.4491,2000.91,1.5868,2.5,1.6,3174.945,0.6647,0.4422,0.4491,2000.91,2.0497,2.5,1.2,4101.322,0.4002,0.4422,0.4491,2000.9,1.8183,2.5,1.4,3638.1,0.5325,0.4,NA,NA,NA
HERPT1S4,HERPT1S4.1A,HERPT1S4.1A_97,2.4,48,1,48,48,48,NA,NA,NA,NA,NA,2.11,0.7018,2068.628,1.5901,1.5,0.9,3289.318,0.6628,0.3821,0.7018,2068.628,2.0361,1.5,0.7,4212.029,0.4079,0.3821,0.7018,2068.6,1.8131,1.5,0.8,3750.7,0.5354,0.4,NA,NA,NA
HERPT1S4,HERPT1S4.1A,HERPT1S4.1A_98,2.4,48.5,1,48.5,48.5,48.5,NA,NA,NA,NA,NA,2.051,0.5248,2090.724,1.6218,2.2,1.4,3390.801,0.6447,0.392,0.5248,2090.724,2.0737,2.2,1.1,4335.63,0.3864,0.392,0.5248,2090.7,1.8478,2.2,1.2,3863.2,0.5156,0.4,NA,NA,NA
HERPT1S4,HERPT1S4.1A,HERPT1S4.1A_99,2.4,49,1,49,49,49,NA,NA,NA,NA,NA,2.01,0.0916,2124.736,1.6161,4,2.5,3433.686,0.648,0.4113,0.0916,2124.736,2.0594,4,1.9,4375.625,0.3946,0.4113,0.0916,2124.7,1.8378,4,2.2,3904.7,0.5213,0.4,NA,NA,NA
HERPT1S4,HERPT1S4.1A,HERPT1S4.1A_100,2.4,49.5,1,49.5,49.5,49.5,NA,NA,NA,NA,NA,2.03,0.041,2084.189,1.5461,3.6,2.3,3222.294,0.688,0.4695,0.041,2084.189,1.9633,3.6,1.8,4091.873,0.4495,0.4695,0.041,2084.2,1.7547,3.6,2.1,3657.1,0.5688,0.5,NA,NA,NA
HERPT1S4,HERPT1S4.1b,HERPT1S4.1B_101,2.4,84.5,3,0,29,28,NA,NA,NA,NA,NA,1.874,0.0048,1426.18,1.5844,-1.1,-0.7,2259.703,0.666,1.2562,0.0048,1426.18,2.0058,-1.1,-0.5,2860.687,0.4252,1.2562,0.0048,1426.2,1.7951,-1.1,-0.6,2560.2,0.5456,1.3,NA,NA,NA
HERPT1S4,HERPT1S4.1b,HERPT1S4.1B_102,2.4,85,3,0.5,29.5,28.5,NA,NA,NA,NA,NA,1.901,0.0068,1959.794,1.6453,-0.8,-0.5,3224.396,0.6313,0.967,0.0068,1959.794,2.0887,-0.8,-0.4,4093.409,0.3779,0.967,0.0068,1959.8,1.867,-0.8,-0.4,3658.9,0.5046,1,NA,NA,NA
HERPT1S4,HERPT1S4.1b,HERPT1S4.1B_103,2.4,85.5,3,1,30,29,NA,NA,NA,NA,NA,1.953,0.0134,1949.102,1.6251,-0.2,-0.1,3167.501,0.6428,0.8163,0.0134,1949.102,2.0657,-0.2,-0.1,4026.254,0.391,0.8163,0.0134,1949.1,1.8454,-0.2,-0.1,3596.9,0.5169,0.8,NA,NA,NA
HERPT1S4,HERPT1S4.1b,HERPT1S4.1B_104,2.4,86,3,1.5,30.5,29.5,NA,NA,NA,NA,NA,1.989,0.0087,1910.663,1.6546,1.4,0.8,3161.292,0.626,0.6555,0.0087,1910.663,2.1121,1.4,0.7,4035.548,0.3645,0.6555,0.0087,1910.7,1.8834,1.4,0.8,3598.4,0.4953,0.7,NA,NA,NA
HERPT1S4,HERPT1S4.1b,HERPT1S4.1B_105,2.4,86.5,3,2,31,30,NA,NA,NA,NA,NA,2.035,0.0035,1361.204,1.6299,1.4,0.9,2218.665,0.64,0.5779,0.0035,1361.204,2.0832,1.4,0.7,2835.593,0.3811,0.5779,0.0035,1361.2,1.8566,1.4,0.8,2527.1,0.5106,0.6,NA,NA,NA
HERPT1S4,HERPT1S4.1b,HERPT1S4.1B_106,2.4,87,3,2.5,31.5,30.5,NA,NA,NA,NA,NA,2.077,0.0028,666.1322,1.6118,1.7,1.1,1073.656,0.6504,0.5343,0.0028,666.1322,2.0631,1.7,0.8,1374.297,0.3925,0.5343,0.0028,666.1,1.8375,1.7,0.9,1224,0.5215,0.5,NA,NA,NA
HERPT1S4,HERPT1S4.1b,HERPT1S4.1B_107,2.4,87.5,3,3,32,31,NA,NA,NA,NA,NA,2.113,0.003,908.0362,1.6104,2.8,1.7,1462.277,0.6512,0.5066,0.003,908.0362,2.0677,2.8,1.4,1877.567,0.3899,0.5066,0.003,908,1.8391,2.8,1.5,1669.9,0.5206,0.5,NA,NA,NA
HERPT1S4,HERPT1S4.1b,HERPT1S4.1B_108,2.4,88,3,3.5,32.5,31.5,NA,NA,NA,NA,NA,2.157,0.0054,1848.329,1.617,7.4,4.6,2988.723,0.6474,0.4865,0.0054,1848.329,2.0886,7.4,3.5,3860.331,0.378,0.4865,0.0054,1848.3,1.8528,7.4,4.1,3424.5,0.5127,0.5,NA,NA,NA
HERPT1S4,HERPT1S4.1b,HERPT1S4.1B_109,2.4,88.5,3,4,33,32,NA,NA,NA,NA,NA,2.202,0.0266,1853.536,1.6582,14.3,8.6,3073.557,0.6239,0.468,0.0266,1853.536,2.1783,14.3,6.6,4037.524,0.3267,0.468,0.0266,1853.5,1.9183,14.3,7.6,3555.5,0.4753,0.5,NA,NA,NA
HERPT1S4,HERPT1S4.1b,HERPT1S4.1B_110,2.4,89,3,4.5,33.5,32.5,NA,NA,NA,NA,NA,2.222,0.0922,1900.77,1.7162,6.5,3.8,3262.075,0.5908,0.4608,0.0922,1900.77,2.327,6.5,2.8,4423.077,0.2417,0.4608,0.0922,1900.8,2.0216,6.5,3.3,3842.6,0.4163,0.5,NA,NA,NA
HERPT1S4,HERPT1S4.1b,HERPT1S4.1B_111,2.4,89.5,3,5,34,33,NA,NA,NA,NA,NA,2.24,0.0816,1872.91,1.7201,2.5,1.5,3221.563,0.5885,0.441,0.0816,1872.91,2.3641,2.5,1.1,4427.77,0.2205,0.441,0.0816,1872.9,2.0421,2.5,1.3,3824.7,0.4045,0.4,NA,NA,NA
HERPT1S4,HERPT1S4.1b,HERPT1S4.1B_112,2.4,90,3,5.5,34.5,33.5,NA,NA,NA,NA,NA,2.253,0.0419,1907.706,1.7187,2.4,1.4,3278.833,0.5893,0.4357,0.0419,1907.706,2.3828,2.4,1,4545.663,0.2098,0.4357,0.0419,1907.7,2.0508,2.4,1.2,3912.2,0.3996,0.4,NA,NA,NA
HERPT1S4,HERPT1S4.1b,HERPT1S4.1B_113,2.4,90.5,3,6,35,34,NA,NA,NA,NA,NA,2.257,0.0408,1976.357,1.7119,3.4,2,3383.381,0.5932,0.4361,0.0408,1976.357,2.3638,3.4,1.4,4671.733,0.2207,0.4361,0.0408,1976.4,2.0379,3.4,1.7,4027.6,0.407,0.4,NA,NA,NA
HERPT1S4,HERPT1S4.1b,HERPT1S4.1B_114,2.4,91,3,6.5,35.5,34.5,NA,NA,NA,NA,NA,2.256,0.0431,2043.479,1.6788,4.2,2.5,3430.559,0.6121,0.4289,0.0431,2043.479,2.2604,4.2,1.9,4619.015,0.2798,0.4289,0.0431,2043.5,1.9696,4.2,2.2,4024.8,0.446,0.4,NA,NA,NA
HERPT1S4,HERPT1S4.1b,HERPT1S4.1B_115,2.4,91.5,3,7,36,35,NA,NA,NA,NA,NA,2.256,0.0095,2030.603,1.6541,7.1,4.3,3358.789,0.6262,0.4337,0.0095,2030.603,2.2006,7.1,3.2,4468.573,0.3139,0.4337,0.0095,2030.6,1.9274,7.1,3.8,3913.7,0.4701,0.4,NA,NA,NA
HERPT1S4,HERPT1S4.1b,HERPT1S4.1B_116,2.4,92,3,7.5,36.5,35.5,NA,NA,NA,NA,NA,2.261,0.0021,923.6113,1.5939,6.6,4.1,1472.149,0.6606,0.4234,0.0021,923.6113,2.0815,6.6,3.2,1922.515,0.382,0.4234,0.0021,923.6,1.8377,6.6,3.7,1697.3,0.5213,0.4,NA,NA,NA
HERPT1S4,HERPT1S4.1b,HERPT1S4.1B_117,2.4,92.5,3,8,37,36,NA,NA,NA,NA,NA,2.26,0.0016,613.2972,1.4722,6.3,4.3,902.9141,0.7302,0.4351,0.0016,613.2972,1.8825,6.3,3.3,1154.555,0.4957,0.4351,0.0016,613.3,1.6774,6.3,3.8,1028.7,0.613,0.4,NA,NA,NA
HERPT1S4,HERPT1S4.1b,HERPT1S4.1B_118,2.4,93,3,8.5,37.5,36.5,NA,NA,NA,NA,NA,2.256,0.0018,739.4297,1.4194,4.1,2.9,1049.555,0.7603,0.441,0.0018,739.4297,1.8058,4.1,2.3,1335.287,0.5395,0.441,0.0018,739.4,1.6126,4.1,2.6,1192.4,0.6499,0.4,NA,NA,NA
HERPT1S4,HERPT1S4.1b,HERPT1S4.1B_119,2.4,93.5,3,9,38,37,NA,NA,NA,NA,NA,2.256,0.0082,996.0266,1.3969,1.7,1.2,1391.34,0.7732,0.4524,0.0082,996.0266,1.7745,1.7,1,1767.42,0.5574,0.4524,0.0082,996,1.5857,1.7,1.1,1579.4,0.6653,0.5,NA,NA,NA
HERPT1S4,HERPT1S4.1b,HERPT1S4.1B_120,2.4,94,3,9.5,38.5,37.5,NA,NA,NA,NA,NA,2.282,0.0025,868.3409,1.3886,1.3,0.9,1205.742,0.778,0.4478,0.0025,868.3409,1.7647,1.3,0.7,1532.404,0.563,0.4478,0.0025,868.3,1.5767,1.3,0.8,1369.1,0.6705,0.4,NA,NA,NA
HERPT1S4,HERPT1S4.1b,HERPT1S4.1B_121,2.4,94.5,3,10,39,38,NA,NA,NA,NA,NA,2.323,0.0023,1075.463,1.3419,1.1,0.8,1443.176,0.8046,0.4674,0.0023,1075.463,1.7031,1.1,0.6,1831.663,0.5982,0.4674,0.0023,1075.5,1.5225,1.1,0.7,1637.4,0.7014,0.5,NA,NA,NA
HERPT1S4,HERPT1S4.1b,HERPT1S4.1B_122,2.4,95,3,10.5,39.5,38.5,NA,NA,NA,NA,NA,2.395,0.0006,491.5846,1.2309,0.3,0.2,605.1053,0.868,0.4634,0.0006,491.5846,1.558,0.3,0.2,765.8737,0.6812,0.4634,0.0006,491.6,1.3945,0.3,0.2,685.5,0.7746,0.5,NA,NA,NA
HERPT1S4,HERPT1S4.1b,HERPT1S4.1B_123,2.4,95.5,3,11,40,39,NA,NA,NA,NA,NA,2.461,0.0008,296.3632,1.2046,0.4,0.3,357.0137,0.8831,0.4772,0.0008,296.3632,1.525,0.4,0.3,451.9416,0.7,0.4772,0.0008,296.4,1.3648,0.4,0.3,404.5,0.7916,0.5,NA,NA,NA
HERPT1S4,HERPT1S4.1b,HERPT1S4.1B_124,2.4,96,3,11.5,40.5,39.5,NA,NA,NA,NA,NA,2.517,0.002,812.722,1.2339,-0.4,-0.3,1002.832,0.8663,0.4721,0.002,812.722,1.5657,-0.4,-0.3,1272.441,0.6768,0.4721,0.002,812.7,1.3998,-0.4,-0.3,1137.6,0.7716,0.5,NA,NA,NA
HERPT1S4,HERPT1S4.1b,HERPT1S4.1B_125,2.4,96.5,3,12,41,40,NA,NA,NA,NA,NA,2.569,0.0015,787.5537,1.2753,-0.7,-0.5,1004.34,0.8427,0.4628,0.0015,787.5537,1.6269,-0.7,-0.4,1281.283,0.6418,0.4628,0.0015,787.6,1.4511,-0.7,-0.5,1142.8,0.7423,0.5,NA,NA,NA
HERPT1S4,HERPT1S4.1b,HERPT1S4.1B_126,2.4,97,3,12.5,41.5,40.5,NA,NA,NA,NA,NA,2.62,0.0019,842.4438,1.2786,-0.6,-0.5,1077.121,0.8408,0.4512,0.0019,842.4438,1.6368,-0.6,-0.4,1378.889,0.6361,0.4512,0.0019,842.4,1.4577,-0.6,-0.4,1228,0.7385,0.5,NA,NA,NA
HERPT1S4,HERPT1S4.1b,HERPT1S4.1B_127,2.4,97.5,3,13,42,41,NA,NA,NA,NA,NA,2.647,0.0053,1110.785,1.2905,0.2,0.2,1433.425,0.834,0.4459,0.0053,1110.785,1.6583,0.2,0.1,1842.031,0.6238,0.4459,0.0053,1110.8,1.4744,0.2,0.1,1637.7,0.7289,0.4,NA,NA,NA
HERPT1S4,HERPT1S4.1b,HERPT1S4.1B_128,2.4,98,3,13.5,42.5,41.5,NA,NA,NA,NA,NA,2.678,0.0375,1713.372,1.337,-0.2,-0.1,2290.823,0.8074,0.4224,0.0375,1713.372,1.7416,-0.2,-0.1,2984.034,0.5762,0.4224,0.0375,1713.4,1.5393,-0.2,-0.1,2637.4,0.6918,0.4,NA,NA,NA
HERPT1S4,HERPT1S4.1b,HERPT1S4.1B_129,2.4,98.5,3,14,43,42,NA,NA,NA,NA,NA,2.714,0.0942,1718.81,1.4272,-0.4,-0.3,2453.146,0.7559,0.4131,0.0942,1718.81,1.9799,-0.4,-0.2,3403.043,0.4401,0.4131,0.0942,1718.8,1.7036,-0.4,-0.2,2928.1,0.598,0.4,NA,NA,NA
HERPT1S4,HERPT1S4.1b,HERPT1S4.1B_130,2.4,99,3,14.5,43.5,42.5,NA,NA,NA,NA,NA,2.745,0.0805,1688.192,1.4958,-0.2,-0.1,2525.19,0.7167,0.416,0.0805,1688.192,NA,-0.2,NA,NA,NA,0.416,0.0805,1688.2,NA,-0.2,NA,NA,NA,0.4,NA,NA,NA
HERPT1S4,HERPT1S4.1b,HERPT1S4.1B_131,2.4,99.5,3,15,44,43,NA,NA,NA,NA,NA,2.761,0.1912,1667.271,1.4687,0.9,0.6,2448.697,0.7322,0.4044,0.1912,1667.271,NA,0.9,NA,NA,NA,0.4044,0.1912,1667.3,NA,0.9,NA,NA,NA,0.4,NA,NA,NA
HERPT1S4,HERPT1S4.1b,HERPT1S4.1B_132,2.4,100,3,15.5,44.5,43.5,NA,NA,NA,NA,NA,2.781,0.2081,1656.343,1.4685,2.2,1.5,2432.276,0.7323,0.3909,0.2081,1656.343,NA,2.2,NA,NA,NA,0.3909,0.2081,1656.3,NA,2.2,NA,NA,NA,0.4,NA,NA,NA
HERPT1S4,HERPT1S4.1b,HERPT1S4.1B_133,2.4,100.5,3,16,45,44,NA,NA,NA,NA,NA,2.81,0.1139,1687.688,1.5656,4.2,2.7,2642.212,0.6768,0.3771,0.1139,1687.688,NA,4.2,NA,NA,NA,0.3771,0.1139,1687.7,NA,4.2,NA,NA,NA,0.4,NA,NA,NA
HERPT1S4,HERPT1S4.1b,HERPT1S4.1B_134,2.4,101,3,16.5,45.5,44.5,NA,NA,NA,NA,NA,2.851,0.0497,1618.048,1.5975,2.8,1.8,2584.782,0.6586,0.3863,0.0497,1618.048,NA,2.8,NA,NA,NA,0.3863,0.0497,1618,NA,2.8,NA,NA,NA,0.4,NA,NA,NA
HERPT1S4,HERPT1S4.1b,HERPT1S4.1B_135,2.4,101.5,3,17,46,45,NA,NA,NA,NA,NA,2.896,0.0314,1671.091,1.5259,3,2,2549.883,0.6995,0.3821,0.0314,1671.091,NA,3,NA,NA,NA,0.3821,0.0314,1671.1,NA,3,NA,NA,NA,0.4,NA,NA,NA
HERPT1S4,HERPT1S4.1b,HERPT1S4.1B_136,2.4,102,3,17.5,46.5,45.5,NA,NA,NA,NA,NA,2.939,0.1396,1696.883,1.456,2.2,1.5,2470.61,0.7394,0.3774,0.1396,1696.883,NA,2.2,NA,NA,NA,0.3774,0.1396,1696.9,NA,2.2,NA,NA,NA,0.4,NA,NA,NA
HERPT1S4,HERPT1S4.1b,HERPT1S4.1B_137,2.4,102.5,3,18,47,46,NA,NA,NA,NA,NA,2.966,0.2027,1690.028,1.4209,2.6,1.8,2401.357,0.7595,0.3721,0.2027,1690.028,NA,2.6,NA,NA,NA,0.3721,0.2027,1690,NA,2.6,NA,NA,NA,0.4,NA,NA,NA
HERPT1S4,HERPT1S4.1b,HERPT1S4.1B_138,2.4,103,3,18.5,47.5,46.5,NA,NA,NA,NA,NA,2.988,0.4377,1683.38,1.434,2.7,1.9,2414.047,0.752,0.3789,0.4377,1683.38,NA,2.7,NA,NA,NA,0.3789,0.4377,1683.4,NA,2.7,NA,NA,NA,0.4,NA,NA,NA
HERPT1S4,HERPT1S4.1b,HERPT1S4.1B_139,2.4,103.5,3,19,48,47,NA,NA,NA,NA,NA,3.004,0.4321,1685.747,1.4529,2.1,1.4,2449.273,0.7412,0.3682,0.4321,1685.747,NA,2.1,NA,NA,NA,0.3682,0.4321,1685.7,NA,2.1,NA,NA,NA,0.4,NA,NA,NA
HERPT1S4,HERPT1S4.1b,HERPT1S4.1B_140,2.4,104,3,19.5,48.5,47.5,NA,NA,NA,NA,NA,3.025,0.3353,1680.556,1.4834,2.6,1.8,2492.979,0.7238,0.3664,0.3353,1680.556,NA,2.6,NA,NA,NA,0.3664,0.3353,1680.6,NA,2.6,NA,NA,NA,0.4,NA,NA,NA
HERPT1S4,HERPT1S4.1b,HERPT1S4.1B_141,2.4,104.5,3,20,49,48,NA,NA,NA,NA,NA,3.054,0.3219,1652.598,1.4396,3.6,2.5,2379.061,0.7488,0.363,0.3219,1652.598,NA,3.6,NA,NA,NA,0.363,0.3219,1652.6,NA,3.6,NA,NA,NA,0.4,NA,NA,NA
HERPT1S4,HERPT1S4.1b,HERPT1S4.1B_142,2.4,105,3,20.5,49.5,48.5,NA,NA,NA,NA,NA,3.072,0.5335,1636.654,1.3696,3.3,2.4,2241.512,0.7888,0.3605,0.5335,1636.654,NA,3.3,NA,NA,NA,0.3605,0.5335,1636.7,NA,3.3,NA,NA,NA,0.4,NA,NA,NA
HERPT1S4,HERPT1S4.1b,HERPT1S4.1B_143,2.4,105.5,3,21,50,49,NA,NA,NA,NA,NA,3.092,0.6134,1646.432,1.3258,1.9,1.4,2182.899,0.8138,0.3589,0.6134,1646.432,NA,1.9,NA,NA,NA,0.3589,0.6134,1646.4,NA,1.9,NA,NA,NA,0.4,NA,NA,NA
HERPT1S4,HERPT1S4.1b,HERPT1S4.1B_144,2.4,106,3,21.5,50.5,49.5,NA,NA,NA,NA,NA,3.112,0.5308,1650.928,1.3401,1.6,1.2,2212.373,0.8057,0.3548,0.5308,1650.928,NA,1.6,NA,NA,NA,0.3548,0.5308,1650.9,NA,1.6,NA,NA,NA,0.4,NA,NA,NA
HERPT1S4,HERPT1S4.1b,HERPT1S4.1B_145,2.4,106.5,3,22,51,50,NA,NA,NA,NA,NA,3.123,0.5897,1645.417,1.341,-0.1,-0.1,2206.486,0.8051,0.3504,0.5897,1645.417,NA,-0.1,NA,NA,NA,0.3504,0.5897,1645.4,NA,-0.1,NA,NA,NA,0.4,NA,NA,NA
HERPT1S4,HERPT1S4.1b,HERPT1S4.1B_146,2.4,107,3,22.5,51.5,50.5,NA,NA,NA,NA,NA,3.133,0.7552,1634.325,1.3053,0.2,0.2,2133.269,0.8255,0.3461,0.7552,1634.325,NA,0.2,NA,NA,NA,0.3461,0.7552,1634.3,NA,0.2,NA,NA,NA,0.3,NA,NA,NA
HERPT1S4,HERPT1S4.1b,HERPT1S4.1B_147,2.4,107.5,3,23,52,51,NA,NA,NA,NA,NA,3.131,0.714,1643.569,1.2971,2,1.5,2131.915,0.8302,0.3516,0.714,1643.569,NA,2,NA,NA,NA,0.3516,0.714,1643.6,NA,2,NA,NA,NA,0.4,NA,NA,NA
HERPT1S4,HERPT1S4.1b,HERPT1S4.1B_148,2.4,108,3,23.5,52.5,51.5,NA,NA,NA,NA,NA,3.136,0.6102,1649.658,1.2968,1.1,0.8,2139.34,0.8304,0.3619,0.6102,1649.658,NA,1.1,NA,NA,NA,0.3619,0.6102,1649.7,NA,1.1,NA,NA,NA,0.4,NA,NA,NA
HERPT1S4,HERPT1S4.1b,HERPT1S4.1B_149,2.4,108.5,3,24,53,52,NA,NA,NA,NA,NA,3.128,0.5884,1646.316,1.3471,1.4,1,2217.682,0.8017,0.3508,0.5884,1646.316,NA,1.4,NA,NA,NA,0.3508,0.5884,1646.3,NA,1.4,NA,NA,NA,0.4,NA,NA,NA
HERPT1S4,HERPT1S4.1b,HERPT1S4.1B_150,2.4,109,3,24.5,53.5,52.5,NA,NA,NA,NA,NA,3.118,0.436,1644.515,1.3402,1.8,1.3,2203.957,0.8056,0.3559,0.436,1644.515,NA,1.8,NA,NA,NA,0.3559,0.436,1644.5,NA,1.8,NA,NA,NA,0.4,NA,NA,NA
HERPT1S4,HERPT1S4.1b,HERPT1S4.1B_151,2.4,109.5,3,25,54,53,NA,NA,NA,NA,NA,3.107,0.5843,1655.301,1.3722,1.3,0.9,2271.39,0.7873,0.3635,0.5843,1655.301,NA,1.3,NA,NA,NA,0.3635,0.5843,1655.3,NA,1.3,NA,NA,NA,0.4,NA,NA,NA
HERPT1S4,HERPT1S4.1b,HERPT1S4.1B_152,2.4,110,3,25.5,54.5,53.5,NA,NA,NA,NA,NA,3.092,0.6003,1682.263,1.4001,1.5,1.1,2355.42,0.7713,0.3706,0.6003,1682.263,NA,1.5,NA,NA,NA,0.3706,0.6003,1682.3,NA,1.5,NA,NA,NA,0.4,NA,NA,NA
HERPT1S4,HERPT1S4.1b,HERPT1S4.1B_153,2.4,110.5,3,26,55,54,NA,NA,NA,NA,NA,3.064,0.4434,1710.776,1.3765,3.5,2.5,2354.85,0.7849,0.3761,0.4434,1710.776,NA,3.5,NA,NA,NA,0.3761,0.4434,1710.8,NA,3.5,NA,NA,NA,0.4,NA,NA,NA
HERPT1S4,HERPT1S4.1b,HERPT1S4.1B_154,2.4,111,3,26.5,55.5,54.5,NA,NA,NA,NA,NA,3.03,0.2524,1678.67,1.3283,3.9,2.9,2229.845,0.8124,0.3935,0.2524,1678.67,NA,3.9,NA,NA,NA,0.3935,0.2524,1678.7,NA,3.9,NA,NA,NA,0.4,NA,NA,NA
HERPT1S4,HERPT1S4.1b,HERPT1S4.1B_155,2.4,111.5,3,27,56,55,NA,NA,NA,NA,NA,2.988,0.5184,1698.693,1.3327,4.7,3.5,2263.879,0.8099,0.401,0.5184,1698.693,NA,4.7,NA,NA,NA,0.401,0.5184,1698.7,NA,4.7,NA,NA,NA,0.4,NA,NA,NA
HERPT1S4,HERPT1S4.1b,HERPT1S4.1B_156,2.4,112,3,27.5,56.5,55.5,NA,NA,NA,NA,NA,2.949,0.5817,1743.939,1.2628,1.2,1,2202.186,0.8498,0.4027,0.5817,1743.939,1.6776,1.2,0.7,NA,0.6128,0.4027,0.5817,1743.9,1.4702,1.2,0.8,NA,0.7313,0.4,NA,NA,NA
HERPT1S4,HERPT1S4.1b,HERPT1S4.1B_157,2.4,112.5,3,28,57,56,NA,NA,NA,NA,NA,2.887,0.3762,1439.9,1.233,1.3,1.1,1775.364,0.8669,0.4086,0.3762,1439.9,1.6027,1.3,0.8,2307.668,0.6556,0.4086,0.3762,1439.9,1.4179,1.3,0.9,2041.5,0.7613,0.4,NA,NA,NA
HERPT1S4,HERPT1S4.1b,HERPT1S4.1B_158,2.4,113,3,28.5,57.5,56.5,NA,NA,NA,NA,NA,2.817,0.0394,1790.846,1.2525,1.8,1.4,2242.967,0.8557,0.4038,0.0394,1790.846,1.6232,1.8,1.1,2906.905,0.6439,0.4038,0.0394,1790.8,1.4379,1.8,1.3,2574.9,0.7498,0.4,NA,NA,NA
HERPT1S4,HERPT1S4.1b,HERPT1S4.1B_159,2.4,113.5,3,29,58,57,NA,NA,NA,NA,NA,2.774,0.1083,1733.75,1.2933,1.6,1.2,2242.251,0.8324,0.3971,0.1083,1733.75,1.6859,1.6,0.9,2922.957,0.608,0.3971,0.1083,1733.8,1.4896,1.6,1.1,2582.6,0.7202,0.4,NA,NA,NA
HERPT1S4,HERPT1S4.1b,HERPT1S4.1B_160,2.4,114,3,29.5,58.5,57.5,NA,NA,NA,NA,NA,2.761,0.1059,1712.779,1.3049,0.3,0.2,2234.988,0.8258,0.4016,0.1059,1712.779,1.7039,0.3,0.2,2918.388,0.5978,0.4016,0.1059,1712.8,1.5044,0.3,0.2,2576.7,0.7118,0.4,NA,NA,NA
HERPT1S4,HERPT1S4.1b,HERPT1S4.1B_161,2.4,114.5,3,30,59,58,NA,NA,NA,NA,NA,2.755,0.1325,1623.453,1.3263,0.5,0.4,2153.219,0.8135,0.3849,0.1325,1623.453,1.7429,0.5,0.3,2829.542,0.5755,0.3849,0.1325,1623.5,1.5346,0.5,0.3,2491.4,0.6945,0.4,NA,NA,NA
HERPT1S4,HERPT1S4.1b,HERPT1S4.1B_162,2.4,115,3,30.5,59.5,58.5,NA,NA,NA,NA,NA,2.767,0.1048,1661.862,1.3126,0.2,0.2,2181.432,0.8213,0.3674,0.1048,1661.862,1.72,0.2,0.1,2858.423,0.5886,0.3674,0.1048,1661.9,1.5163,0.2,0.1,2519.9,0.705,0.4,NA,NA,NA
HERPT1S4,HERPT1S4.1b,HERPT1S4.1B_163,2.4,115.5,3,31,60,59,NA,NA,NA,NA,NA,2.782,0.1439,1674.895,1.3348,0.2,0.1,2235.692,0.8087,0.3527,0.1439,1674.895,1.7701,0.2,0.1,2964.743,0.5599,0.3527,0.1439,1674.9,1.5525,0.2,0.1,2600.2,0.6843,0.4,NA,NA,NA
HERPT1S4,HERPT1S4.1b,HERPT1S4.1B_164,2.4,116,3,31.5,60.5,59.5,NA,NA,NA,NA,NA,2.787,0.226,1677.905,1.3358,0.3,0.2,2241.299,0.8081,0.3482,0.226,1677.905,1.7743,0.3,0.2,2977.045,0.5576,0.3482,0.226,1677.9,1.5551,0.3,0.2,2609.2,0.6829,0.3,NA,NA,NA
HERPT1S4,HERPT1S4.1b,HERPT1S4.1B_165,2.4,116.5,3,32,61,60,NA,NA,NA,NA,NA,2.782,0.3968,1710.947,1.3647,0.4,0.3,2334.895,0.7916,0.3429,0.3968,1710.947,1.8418,0.4,0.2,3151.175,0.519,0.3429,0.3968,1710.9,1.6033,0.4,0.3,2743,0.6553,0.3,NA,NA,NA
HERPT1S4,HERPT1S4.1b,HERPT1S4.1B_166,2.4,117,3,32.5,61.5,60.5,NA,NA,NA,NA,NA,2.755,0.4168,1730.528,1.3638,0.8,0.6,2360.082,0.7921,0.3325,0.4168,1730.528,1.8237,0.8,0.4,3155.89,0.5293,0.3325,0.4168,1730.5,1.5938,0.8,0.5,2758,0.6607,0.3,NA,NA,NA
HERPT1S4,HERPT1S4.1b,HERPT1S4.1B_167,2.4,117.5,3,33,62,61,NA,NA,NA,NA,NA,2.694,0.1323,1728.031,1.3862,1.5,1.1,2395.369,0.7793,0.3333,0.1323,1728.031,1.8452,1.5,0.8,3188.483,0.5171,0.3333,0.1323,1728,1.6157,1.5,0.9,2791.9,0.6482,0.3,NA,NA,NA
HERPT1S4,HERPT1S4.1b,HERPT1S4.1B_168,2.4,118,3,33.5,62.5,61.5,NA,NA,NA,NA,NA,2.633,0.1385,1729.961,1.4158,0.8,0.6,2449.244,0.7624,0.3335,0.1385,1729.961,1.8822,0.8,0.4,3256.176,0.4959,0.3335,0.1385,1730,1.649,0.8,0.5,2852.7,0.6292,0.3,NA,NA,NA
HERPT1S4,HERPT1S4.1b,HERPT1S4.1B_169,2.4,118.5,3,34,63,62,NA,NA,NA,NA,NA,2.529,0.0563,1772.25,1.4188,1,0.7,2514.44,0.7607,0.3399,0.0563,1772.25,1.8496,1,0.5,3277.955,0.5145,0.3399,0.0563,1772.3,1.6342,1,0.6,2896.2,0.6376,0.3,NA,NA,NA
HERPT1S4,HERPT1S4.1b,HERPT1S4.1B_170,2.4,119,3,34.5,63.5,62.5,NA,NA,NA,NA,NA,2.437,0.1027,1874.616,1.4217,1.4,1,2665.191,0.759,0.3581,0.1027,1874.616,1.8331,1.4,0.8,3436.4,0.5239,0.3581,0.1027,1874.6,1.6274,1.4,0.9,3050.8,0.6415,0.4,NA,NA,NA
HERPT1S4,HERPT1S4.1b,HERPT1S4.1B_171,2.4,119.5,3,35,64,63,NA,NA,NA,NA,NA,2.39,0.0594,1924.316,1.402,1.1,0.8,2697.843,0.7703,0.3615,0.0594,1924.316,1.7948,1.1,0.6,3453.834,0.5458,0.3615,0.0594,1924.3,1.5984,1.1,0.7,3075.8,0.6581,0.4,NA,NA,NA
HERPT1S4,HERPT1S4.1b,HERPT1S4.1B_172,2.4,120,3,35.5,64.5,63.5,NA,NA,NA,NA,NA,2.37,0.0039,1449.541,1.3936,0.5,0.4,2020.055,0.7751,0.3707,0.0039,1449.541,1.7799,0.5,0.3,2580.069,0.5543,0.3707,0.0039,1449.5,1.5868,0.5,0.3,2300.1,0.6647,0.4,NA,NA,NA
HERPT1S4,HERPT1S4.1b,HERPT1S4.1B_173,2.4,120.5,3,36,65,64,NA,NA,NA,NA,NA,2.359,0,24.1562,1.4033,0.2,0.1,33.8993,0.7695,0.38,0,24.1562,1.793,0.2,0.1,43.3124,0.5468,0.38,0,24.2,1.5982,0.2,0.1,38.6,0.6582,0.4,NA,NA,NA
HERPT1S4,HERPT1S4.1b,HERPT1S4.1B_174,2.4,121,3,36.5,65.5,64.5,NA,NA,NA,NA,NA,2.354,0,24.105,1.4362,0.2,0.1,34.619,0.7508,0.3972,0,24.105,1.8417,0.2,0.1,44.393,0.5191,0.3972,0,24.1,1.639,0.2,0.1,39.5,0.635,0.4,NA,NA,NA
HERPT1S4,HERPT1S4.1b,HERPT1S4.1B_175,2.4,121.5,3,37,66,65,NA,NA,NA,NA,NA,2.349,0.0008,486.7386,1.4706,0.8,0.5,715.8068,0.7311,0.3882,0.0008,486.7386,1.8948,0.8,0.4,922.2491,0.4887,0.3882,0.0008,486.7,1.6827,0.8,0.5,819,0.6099,0.4,NA,NA,NA
HERPT1S4,HERPT1S4.1b,HERPT1S4.1B_176,2.4,122,3,37.5,66.5,65.5,NA,NA,NA,NA,NA,2.359,0,24.1562,1.5094,1.3,0.9,36.4606,0.7089,0.3892,0,24.1562,1.9621,1.3,0.7,47.3972,0.4502,0.3892,0,24.2,1.7358,1.3,0.8,41.9,0.5796,0.4,NA,NA,NA
HERPT1S4,HERPT1S4.1b,HERPT1S4.1B_177,2.4,122.5,3,38,67,66,NA,NA,NA,NA,NA,2.375,0.0037,1789.752,1.5526,1.2,0.8,2778.815,0.6842,0.3769,0.0037,1789.752,2.0502,1.2,0.6,3669.389,0.3999,0.3769,0.0037,1789.8,1.8014,1.2,0.7,3224.1,0.5421,0.4,NA,NA,NA
HERPT1S4,HERPT1S4.1b,HERPT1S4.1B_178,2.4,123,3,38.5,67.5,66.5,NA,NA,NA,NA,NA,2.38,0.0172,1766.89,1.6906,1.9,1.1,2987.02,0.6054,0.3691,0.0172,1766.89,NA,1.9,NA,NA,NA,0.3691,0.0172,1766.9,NA,1.9,NA,NA,NA,0.4,NA,NA,NA
HERPT1S4,HERPT1S4.1b,HERPT1S4.1B_179,2.4,123.5,3,39,68,67,NA,NA,NA,NA,NA,2.38,0.0387,1789.474,1.7924,2.2,1.2,3207.416,0.5472,0.3561,0.0387,1789.474,NA,2.2,NA,NA,NA,0.3561,0.0387,1789.5,NA,2.2,NA,NA,NA,0.4,NA,NA,NA
HERPT1S4,HERPT1S4.1b,HERPT1S4.1B_180,2.4,124,3,39.5,68.5,67.5,NA,NA,NA,NA,NA,2.381,0.0323,1831.539,1.7251,6.5,3.8,3159.542,0.5857,0.3495,0.0323,1831.539,NA,6.5,NA,NA,NA,0.3495,0.0323,1831.5,NA,6.5,NA,NA,NA,0.3,NA,NA,NA
HERPT1S4,HERPT1S4.1b,HERPT1S4.1B_181,2.4,124.5,3,40,69,68,NA,NA,NA,NA,NA,2.405,0.0331,1827.508,1.5817,11.2,7.1,2890.623,0.6676,0.3387,0.0331,1827.508,2.139,11.2,5.2,NA,0.3491,0.3387,0.0331,1827.5,1.8604,11.2,6.2,NA,0.5084,0.3,NA,NA,NA
HERPT1S4,HERPT1S4.1b,HERPT1S4.1B_182,2.4,125,3,40.5,69.5,68.5,NA,NA,NA,NA,NA,2.427,0.0254,1847.032,1.5296,9.6,6.3,2825.26,0.6974,0.3278,0.0254,1847.032,2.028,9.6,4.7,3745.865,0.4125,0.3278,0.0254,1847,1.7788,9.6,5.5,3285.6,0.555,0.3,NA,NA,NA
HERPT1S4,HERPT1S4.1b,HERPT1S4.1B_183,2.4,125.5,3,41,70,69,NA,NA,NA,NA,NA,2.465,0.004,1726.191,1.5597,3.8,2.4,2692.312,0.6802,0.3345,0.004,1726.191,2.1367,3.8,1.8,3688.354,0.3505,0.3345,0.004,1726.2,1.8482,3.8,2.1,3190.3,0.5154,0.3,NA,NA,NA
HERPT1S4,HERPT1S4.1b,HERPT1S4.1B_184,2.4,126,3,41.5,70.5,69.5,NA,NA,NA,NA,NA,2.537,0,25.979,1.5316,1.5,1,39.79,0.6962,0.3426,0,25.979,2.1391,1.5,0.7,55.5722,0.3491,0.3426,0,26,1.8354,1.5,0.8,47.7,0.5227,0.3,NA,NA,NA
HERPT1S4,HERPT1S4.1b,HERPT1S4.1B_185,2.4,126.5,3,42,71,70,NA,NA,NA,NA,NA,2.609,0.0018,1404.198,1.4879,2.6,1.7,2089.373,0.7212,0.3341,0.0018,1404.198,2.0736,2.6,1.3,2911.781,0.3865,0.3341,0.0018,1404.2,1.7808,2.6,1.5,2500.6,0.5539,0.3,NA,NA,NA
HERPT1S4,HERPT1S4.1b,HERPT1S4.1B_186,2.4,127,3,42.5,71.5,70.5,NA,NA,NA,NA,NA,2.673,0.0064,1771.372,1.4167,4,2.8,2509.453,0.7619,0.3389,0.0064,1771.372,1.9072,4,2.1,3378.327,0.4816,0.3389,0.0064,1771.4,1.662,4,2.5,2943.9,0.6218,0.3,NA,NA,NA
HERPT1S4,HERPT1S4.1b,HERPT1S4.1B_187,2.4,127.5,3,43,72,71,NA,NA,NA,NA,NA,2.719,0.0018,1445.508,1.369,2.2,1.6,1978.866,0.7892,0.3376,0.0018,1445.508,1.8182,2.2,1.2,2628.206,0.5325,0.3376,0.0018,1445.5,1.5936,2.2,1.4,2303.5,0.6609,0.3,NA,NA,NA
HERPT1S4,HERPT1S4.1b,HERPT1S4.1B_188,2.4,128,3,43.5,72.5,71.5,NA,NA,NA,NA,NA,2.763,0,28.2932,1.3399,0.6,0.4,37.9092,0.8058,0.3396,0,28.2932,1.7734,0.6,0.3,50.1748,0.5581,0.3396,0,28.3,1.5567,0.6,0.4,44,0.682,0.3,NA,NA,NA
HERPT1S4,HERPT1S4.1b,HERPT1S4.1B_189,2.4,128.5,3,44,73,72,NA,NA,NA,NA,NA,2.809,0.0106,1698.307,1.3328,0.3,0.2,2263.495,0.8098,0.3377,0.0106,1698.307,1.7773,0.3,0.2,3018.447,0.5558,0.3377,0.0106,1698.3,1.5551,0.3,0.2,2641,0.6828,0.3,NA,NA,NA
HERPT1S4,HERPT1S4.1b,HERPT1S4.1B_190,2.4,129,3,44.5,73.5,72.5,NA,NA,NA,NA,NA,2.819,0.036,1711.597,1.3488,0.4,0.3,2308.634,0.8007,0.3346,0.036,1711.597,1.8232,0.4,0.2,3120.552,0.5296,0.3346,0.036,1711.6,1.586,0.4,0.3,2714.6,0.6652,0.3,NA,NA,NA
HERPT1S4,HERPT1S4.1b,HERPT1S4.1B_191,2.4,129.5,3,45,74,73,NA,NA,NA,NA,NA,2.818,0.042,1730.958,1.3339,-0.1,-0.1,2308.93,0.8092,0.3361,0.042,1730.958,1.7843,-0.1,-0.1,3088.594,0.5518,0.3361,0.042,1731,1.5591,-0.1,-0.1,2698.8,0.6805,0.3,NA,NA,NA
HERPT1S4,HERPT1S4.1b,HERPT1S4.1B_192,2.4,130,3,45.5,74.5,73.5,NA,NA,NA,NA,NA,2.84,0.0452,1759.603,1.3087,0,0,2302.828,0.8236,0.334,0.0452,1759.603,1.7365,0,0,3055.509,0.5792,0.334,0.0452,1759.6,1.5226,0,0,2679.2,0.7014,0.3,NA,NA,NA
HERPT1S4,HERPT1S4.1b,HERPT1S4.1B_193,2.4,130.5,3,46,75,74,NA,NA,NA,NA,NA,2.866,0.0319,1716.168,1.2748,0.4,0.3,2187.717,0.843,0.3281,0.0319,1716.168,1.6751,0.4,0.2,2874.67,0.6143,0.3281,0.0319,1716.2,1.475,0.4,0.3,2531.2,0.7287,0.3,NA,NA,NA
HERPT1S4,HERPT1S4.1b,HERPT1S4.1B_194,2.4,131,3,46.5,75.5,74.5,NA,NA,NA,NA,NA,2.887,0.0362,1701.238,1.2836,-0.2,-0.2,2183.769,0.8379,0.3343,0.0362,1701.238,1.7,-0.2,-0.1,2892.15,0.6,0.3343,0.0362,1701.2,1.4918,-0.2,-0.1,2538,0.719,0.3,NA,NA,NA
HERPT1S4,HERPT1S4.1b,HERPT1S4.1B_195,2.4,131.5,3,47,76,75,NA,NA,NA,NA,NA,2.897,0.0318,1647.896,1.2854,-0.6,-0.5,2118.257,0.8369,0.3372,0.0318,1647.896,1.7077,-0.6,-0.4,2814.169,0.5956,0.3372,0.0318,1647.9,1.4966,-0.6,-0.4,2466.2,0.7163,0.3,NA,NA,NA
HERPT1S4,HERPT1S4.1b,HERPT1S4.1B_196,2.4,132,3,47.5,76.5,75.5,NA,NA,NA,NA,NA,2.897,0.0687,1653.539,1.3202,-0.5,-0.4,2182.931,0.8171,0.3461,0.0687,1653.539,1.7961,-0.5,-0.3,2969.908,0.5451,0.3461,0.0687,1653.5,1.5582,-0.5,-0.3,2576.4,0.6811,0.3,NA,NA,NA
HERPT1S4,HERPT1S4.1b,HERPT1S4.1B_197,2.4,132.5,3,48,77,76,NA,NA,NA,NA,NA,2.888,0.1242,1680.047,1.3243,-0.3,-0.2,2224.837,0.8147,0.3745,0.1242,1680.047,1.8017,-0.3,-0.2,3026.922,0.5419,0.3745,0.1242,1680,1.563,-0.3,-0.2,2625.9,0.6783,0.4,NA,NA,NA
HERPT1S4,HERPT1S4.1b,HERPT1S4.1B_198,2.4,133,3,48.5,77.5,76.5,NA,NA,NA,NA,NA,2.876,0.1326,1680.889,1.3337,-0.1,-0.1,2241.793,0.8093,0.4468,0.1326,1680.889,1.8213,-0.1,-0.1,3061.338,0.5307,0.4468,0.1326,1680.9,1.5775,-0.1,-0.1,2651.6,0.67,0.4,NA,NA,NA
HERPT1S4,HERPT1S4.1b,HERPT1S4.1B_199,2.4,133.5,3,49,78,77,NA,NA,NA,NA,NA,2.825,0.7347,1725.718,1.3116,0.7,0.5,2263.478,0.8219,0.6359,0.7347,1725.718,1.7369,0.7,0.4,2997.443,0.5789,0.6359,0.7347,1725.7,1.5243,0.7,0.5,2630.5,0.7004,0.6,NA,NA,NA
HERPT1S4,HERPT1S4.1b,HERPT1S4.1B_200,2.4,134,3,49.5,78.5,77.5,NA,NA,NA,NA,NA,2.754,1.0688,1803.537,1.2843,1.6,1.2,2316.282,0.8375,0.8915,1.0688,1803.537,1.6658,1.6,1,3004.303,0.6196,0.8915,1.0688,1803.5,1.4751,1.6,1.1,2660.3,0.7286,0.9,NA,NA,NA