"Site","ID","depth","SH20_age","surface","validity","kcps","cps","MSE","S","K","Ca","Ti","Mn","Fe","Ni","Br","Rb","Sr","Zr","Mo_inc","Mo_coh"
"HER24L","HER24L_3A_2",5.1,1186.5,6.67,1,30814,68160,1.33,35,32,521,88,32,1955,208,3355,15,1100,1064,50795,8228
"HER24L","HER24L_3A_3",5.2,1206.17,6.69,1,30582,67603,1.3,32,18,494,84,32,1836,167,3407,102,1098,1299,50065,8118
"HER24L","HER24L_3A_4",5.3,1225.85,6.69,1,30510,66920,1.28,49,46,470,87,16,2132,142,3143,0,1082,1139,49756,8234
"HER24L","HER24L_3A_5",5.4,1245.53,6.7,1,30451,67795,1.24,48,23,503,67,37,1944,191,3228,131,1108,1149,50080,8229
"HER24L","HER24L_3A_6",5.5,1265.21,6.72,1,30244,67047,1.48,40,35,562,124,44,2470,158,3153,52,1081,1172,49445,8097
"HER24L","HER24L_3A_7",5.6,1284.89,6.73,1,29280,65103,1.28,20,29,456,147,47,2224,179,3175,92,1233,1010,47715,7933
"HER24L","HER24L_3A_8",5.7,1304.57,6.75,1,29174,64913,1.17,31,37,480,41,26,1570,97,3144,16,1562,1122,47827,8256
"HER24L","HER24L_3A_9",5.8,1324.25,6.76,1,30456,67186,1.39,25,32,460,54,16,1858,187,3263,55,1142,1301,49985,8024
"HER24L","HER24L_3A_10",5.9,1343.93,6.77,1,30003,66261,1.41,42,89,598,45,44,1664,182,3212,125,1217,1178,49128,8047
"HER24L","HER24L_3A_11",6,1363.6,6.78,1,29760,67240,1.51,42,40,444,68,49,1745,193,3368,176,1375,1172,49127,8052
"HER24L","HER24L_3A_12",6.1,1383.28,6.79,1,30466,67642,1.57,28,36,556,84,52,2066,192,3819,0,1106,965,50033,7896
"HER24L","HER24L_3A_13",6.2,1402.96,6.79,1,30487,67095,1.26,50,26,478,124,17,1523,192,3777,53,1245,1329,49588,8001
"HER24L","HER24L_3A_14",6.3,1422.64,6.8,1,30896,68150,1.51,59,40,461,46,35,1389,186,3806,43,1187,973,50891,8277
"HER24L","HER24L_3A_15",6.4,1442.32,6.81,1,31111,68879,1.2,52,24,487,30,20,1524,230,3688,0,1155,1141,51487,8424
"HER24L","HER24L_3A_16",6.5,1462,6.82,1,30886,68315,1.2,46,25,496,68,21,1722,145,3760,0,1296,1301,50823,8051
"HER24L","HER24L_3A_17",6.6,1481.68,6.83,1,30448,67262,1.29,40,53,464,106,33,1677,167,3697,20,1196,1229,49995,8017
"HER24L","HER24L_3A_18",6.7,1501.36,6.84,1,30498,67991,1.4,21,41,525,76,14,1563,187,4044,0,962,1206,50488,8108
"HER24L","HER24L_3A_19",6.8,1521.03,6.84,1,30265,68358,1.37,34,51,458,90,21,1555,183,4115,175,1039,1145,50542,8014
"HER24L","HER24L_3A_20",6.9,1540.71,6.85,1,30679,70192,1.37,22,39,423,172,53,1774,176,4292,0,1172,1277,51513,8281
"HER24L","HER24L_3A_21",7,1560.39,6.86,1,30588,69344,1.38,39,43,443,84,22,1825,192,4061,186,1071,1164,51017,8200
"HER24L","HER24L_3A_22",7.1,1580.07,6.86,1,30472,69583,1.4,48,46,465,69,16,1470,230,4176,129,1039,1519,51196,8084
"HER24L","HER24L_3A_23",7.2,1599.75,6.86,1,30586,69116,1.29,35,41,461,56,35,1322,188,4434,190,1020,1447,50878,8355
"HER24L","HER24L_3A_24",7.3,1619.43,6.86,1,30788,70081,1.31,25,25,399,29,20,1496,157,4564,0,1199,1397,51730,8291
"HER24L","HER24L_3A_25",7.4,1639.11,6.86,1,31218,70243,1.42,27,35,415,45,19,1575,209,4495,0,1166,1111,52178,8130
"HER24L","HER24L_3A_26",7.5,1658.79,6.87,1,32124,71998,1.48,54,18,476,67,27,1453,220,4654,68,1186,1130,53365,8358
"HER24L","HER24L_3A_27",7.6,1678.47,6.87,1,31262,69993,1.38,41,29,520,34,5,1345,199,4701,195,1046,1031,51978,8235
"HER24L","HER24L_3A_28",7.7,1698.14,6.87,1,31971,71622,1.55,56,20,471,39,0,1235,139,5354,77,837,1086,53263,8289
"HER24L","HER24L_3A_29",7.8,1717.82,6.85,1,32660,72892,1.32,57,57,451,59,0,1030,162,5729,0,978,1121,54222,8554
"HER24L","HER24L_3A_30",7.9,1737.5,6.83,1,33027,74305,1.29,17,38,501,21,0,1108,121,5845,171,1131,1066,54891,8705
"HER24L","HER24L_3A_31",8,1757.18,6.82,1,32327,72442,1.25,49,0,451,21,0,1009,219,5323,86,838,1279,53835,8369
"HER24L","HER24L_3A_32",8.1,1776.86,6.81,1,32995,74719,1.44,58,39,508,80,17,1116,189,5885,153,1120,1316,55063,8362
"HER24L","HER24L_3A_33",8.2,1796.54,6.81,1,32910,72833,1.37,36,51,468,18,11,841,186,5929,0,908,1272,53845,8609
"HER24L","HER24L_3A_34",8.3,1816.22,6.81,1,33042,73305,1.55,48,10,490,43,24,1004,183,5608,168,1100,1106,54121,8461
"HER24L","HER24L_3A_35",8.4,1835.9,6.81,1,33359,73708,1.35,47,34,413,40,17,843,161,5661,147,697,1336,55387,8256
"HER24L","HER24L_3A_36",8.5,1855.57,6.81,1,33565,75305,1.5,36,27,530,74,37,1064,200,5893,27,954,1279,55261,8644
"HER24L","HER24L_3A_37",8.6,1875.25,6.82,1,32716,73176,1.47,26,23,473,51,39,1079,239,5578,0,700,1221,54595,8310
"HER24L","HER24L_3A_38",8.7,1894.93,6.84,1,33004,74177,1.32,35,30,456,31,62,1895,152,4935,0,858,1170,54828,8503
"HER24L","HER24L_3A_39",8.8,1914.61,6.85,1,32675,72491,1.4,53,13,409,64,49,1052,161,5159,0,788,1248,54321,8456
"HER24L","HER24L_3A_40",8.9,1934.29,6.86,1,32433,70564,1.31,47,40,400,26,13,875,156,5083,0,938,1055,53425,7911
"HER24L","HER24L_3A_41",9,1953.97,6.88,1,32187,71451,1.42,35,20,441,25,45,1300,157,5133,14,750,1207,53196,8424
"HER24L","HER24L_3A_42",9.1,1973.65,6.88,1,32783,72750,1.26,36,41,359,36,50,1135,145,5469,42,934,1074,54148,8361
"HER24L","HER24L_3A_43",9.2,1993.33,6.89,1,32749,72288,1.35,42,14,397,26,17,1196,201,5466,57,797,1081,53976,8115
"HER24L","HER24L_3A_44",9.3,2013,6.89,1,33144,74692,1.22,33,42,435,33,33,1362,189,5509,113,852,1090,55282,8586
"HER24L","HER24L_3A_45",9.4,2032.68,6.89,1,33386,73914,1.34,47,19,421,48,0,987,203,5439,222,893,1152,55409,8477
"HER24L","HER24L_3A_46",9.5,2052.36,6.89,1,33464,74713,1.4,52,8,436,38,17,825,215,5438,68,701,1229,55813,8971
"HER24L","HER24L_3A_47",9.6,2072.04,6.89,1,33201,74488,1.52,29,15,377,36,5,707,138,5665,94,1081,1284,55529,8498
"HER24L","HER24L_3A_48",9.7,2091.72,6.89,1,33366,75770,1.6,62,53,395,62,50,1019,185,5632,273,769,1122,56228,8892
"HER24L","HER24L_3A_49",9.8,2111.4,6.9,1,33550,75397,1.29,27,23,413,31,7,823,242,5581,263,804,1231,56426,8563
"HER24L","HER24L_3A_50",9.9,2131.08,6.9,1,33840,75030,1.61,37,52,477,82,0,763,192,5477,54,842,1095,56422,8726
"HER24L","HER24L_3A_51",10,2150.76,6.9,1,33696,73640,1.38,35,69,505,86,24,1105,223,5078,0,844,1288,55390,8541
"HER24L","HER24L_3A_52",10.1,2176.62,6.91,1,33611,73833,1.29,20,16,532,32,16,1073,137,5324,235,960,1168,55454,8453
"HER24L","HER24L_3A_53",10.2,2202.48,6.92,1,33184,72804,1.39,59,38,450,53,16,632,250,5045,0,836,1209,54663,8700
"HER24L","HER24L_3A_54",10.3,2228.34,6.93,1,32616,72358,1.42,27,34,472,35,14,1220,182,4759,161,991,1195,54255,8296
"HER24L","HER24L_3A_55",10.4,2254.21,6.92,1,32793,73108,1.34,50,17,459,49,27,1316,194,5200,114,893,1350,54314,8417
"HER24L","HER24L_3A_56",10.5,2280.07,6.92,1,32623,72011,1.37,39,17,530,51,7,848,172,5376,0,1037,1490,53528,8310
"HER24L","HER24L_3A_57",10.6,2305.93,6.92,1,32767,71633,1.45,46,0,432,55,11,674,148,5194,49,939,1160,53887,8430
"HER24L","HER24L_3A_58",10.7,2331.79,6.91,1,32673,71716,1.4,58,34,456,60,0,1099,161,4622,0,959,1182,54098,8143
"HER24L","HER24L_3A_59",10.8,2357.66,6.91,1,32578,71543,1.25,39,10,458,108,33,1130,241,4296,92,776,1208,53678,8760
"HER24L","HER24L_3A_60",10.9,2383.52,6.9,1,32811,71913,1.12,46,86,491,21,26,891,200,4414,0,1004,1212,54401,8549
"HER24L","HER24L_3A_61",11,2409.38,6.9,1,33282,72925,1.37,50,19,519,212,69,1583,195,4290,51,1005,1104,54474,8584
"HER24L","HER24L_3A_62",11.1,2435.24,6.89,1,32985,72607,1.35,69,26,547,84,26,1268,158,4372,92,1204,1089,53957,8706
"HER24L","HER24L_3A_63",11.2,2461.1,6.89,1,32945,72326,1.45,45,50,498,94,29,1624,170,4649,0,972,1411,53904,8279
"HER24L","HER24L_3A_64",11.3,2486.97,6.88,1,32936,72446,1.32,44,42,552,64,43,1182,247,4314,304,1226,1216,53715,8436
"HER24L","HER24L_3A_65",11.4,2512.83,6.89,1,32921,71933,1.28,62,29,489,84,15,1149,148,4305,8,1037,1264,53937,8505
"HER24L","HER24L_3A_66",11.5,2538.69,6.9,1,32912,71282,1.11,41,25,473,50,29,983,196,4173,0,994,1290,53985,8444
"HER24L","HER24L_3A_67",11.6,2564.55,6.91,1,33003,70188,1.46,40,17,478,88,28,1161,147,3954,0,1003,1022,52758,8832
"HER24L","HER24L_3A_68",11.7,2590.42,6.92,1,32748,71342,1.44,58,23,506,66,28,1416,124,4185,175,1129,1230,53093,8412
"HER24L","HER24L_3A_69",11.8,2616.28,6.93,1,32033,68684,1.31,58,23,495,72,47,1209,181,4019,32,1163,1013,51210,8491
"HER24L","HER24L_3A_70",11.9,2642.14,6.94,1,31863,69345,1.13,25,25,476,48,26,1232,174,4090,7,1133,1455,51426,8299
"HER24L","HER24L_3A_71",12,2668,6.95,1,31730,68560,1.38,44,79,512,72,34,988,138,3978,192,1299,1120,51149,8479
"HER24L","HER24L_3A_72",12.1,2693.87,6.96,1,31987,69276,1.29,6,31,517,46,38,1514,164,3895,29,1203,1113,51404,8590
"HER24L","HER24L_3A_73",12.2,2719.73,6.97,1,32079,69514,1.38,68,38,552,117,11,1276,142,3870,66,1366,1295,51471,8465
"HER24L","HER24L_3A_74",12.3,2745.59,6.97,1,31915,68943,1.2,48,26,592,88,35,1567,170,3653,51,1355,1056,51091,8395
"HER24L","HER24L_3A_75",12.4,2771.45,6.97,1,31494,68548,1.29,54,34,624,99,62,1263,146,3669,168,1550,1175,50405,8562
"HER24L","HER24L_3A_76",12.5,2797.32,6.97,1,30264,66178,1.44,39,44,618,192,26,1162,202,3431,196,1199,1101,49122,8207
"HER24L","HER24L_3A_77",12.6,2823.18,6.96,1,30311,65410,1.41,42,73,657,80,0,1035,171,3282,161,1682,1079,48168,8017
"HER24L","HER24L_3A_78",12.7,2849.04,6.94,1,30573,68559,1.48,51,62,993,172,80,2987,151,3039,76,1708,1110,48892,8361
"HER24L","HER24L_3A_79",12.8,2874.9,6.91,1,31590,70315,1.39,39,48,727,356,105,2923,165,3675,50,1793,1092,50085,8537
"HER24L","HER24L_3A_80",12.9,2900.76,6.92,1,32136,69768,1.4,70,44,659,126,57,2081,169,3638,41,1467,1227,50931,8319
"HER24L","HER24L_3A_81",13,2926.63,6.92,1,31868,68539,1.46,39,58,693,103,75,2172,202,3585,0,1344,1226,50022,8470
"HER24L","HER24L_3A_82",13.1,2952.49,6.93,1,31347,67927,1.33,82,56,811,85,35,1937,171,3404,0,1276,1355,49611,8376
"HER24L","HER24L_3A_83",13.2,2978.35,6.94,1,31634,69441,1.38,65,64,724,264,39,1987,213,3642,0,1444,1387,50684,8353
"HER24L","HER24L_3A_84",13.3,3004.21,6.96,1,31904,69561,1.53,75,48,678,106,50,2280,216,3677,0,1397,1503,50183,8493
"HER24L","HER24L_3A_85",13.4,3030.08,6.98,1,31483,68457,1.31,34,44,676,115,61,1739,120,3577,144,1431,1176,50228,8577
"HER24L","HER24L_3A_86",13.5,3055.94,6.99,1,31373,68600,1.32,71,42,583,96,16,1242,202,3383,41,1679,1268,50697,8384
"HER24L","HER24L_3A_87",13.6,3081.8,7,1,32050,69081,1.27,51,50,633,87,11,1324,179,3525,0,1508,1171,51203,8716
"HER24L","HER24L_3A_88",13.7,3107.66,7.01,1,32218,70864,1.28,23,54,678,84,37,1611,173,3665,28,1451,1268,52381,8450
"HER24L","HER24L_3A_89",13.8,3133.53,7.02,1,31791,70078,1.35,47,34,582,99,52,1542,126,3607,0,1483,1110,52295,8428
"HER24L","HER24L_3A_90",13.9,3159.39,7.03,1,32415,70222,1.35,66,18,593,83,9,1453,168,3371,0,1456,1087,52381,8641
"HER24L","HER24L_3A_91",14,3185.25,7.04,1,32620,71414,1.41,71,55,600,87,38,1518,201,3536,63,1363,1302,52757,8754
"HER24L","HER24L_3A_92",14.1,3211.11,7.05,1,32805,71400,1.53,51,31,666,100,54,1839,169,3677,190,1279,1149,52990,8441
"HER24L","HER24L_3A_93",14.2,3236.98,7.05,1,32567,72405,1.29,42,46,695,105,138,3529,182,3509,0,1124,1149,52528,8608
"HER24L","HER24L_3A_94",14.3,3262.84,7.05,1,32170,71374,1.18,65,45,628,67,49,2153,172,3409,178,1526,1242,52350,8530
"HER24L","HER24L_3A_95",14.4,3288.7,7.06,1,32147,71235,1.39,58,58,636,96,70,1897,184,3404,19,1242,1431,52485,8778
"HER24L","HER24L_3A_96",14.5,3314.56,7.06,1,32504,71148,1.29,25,58,644,111,45,2057,173,3264,141,1356,1308,52826,8471
"HER24L","HER24L_3A_97",14.6,3340.43,7.06,1,32684,71059,1.28,55,63,673,77,35,1512,143,3365,44,1360,1389,53354,8365
"HER24L","HER24L_3A_98",14.7,3366.29,7.07,1,32635,71728,1.15,48,50,780,102,31,1860,204,3129,216,1544,1162,53060,8623
"HER24L","HER24L_3A_99",14.8,3392.15,7.06,1,32917,72931,1.38,50,63,804,187,91,2672,205,3221,185,1473,1243,53412,8510
"HER24L","HER24L_3A_100",14.9,3418.01,7.07,1,33209,72746,1.37,38,55,639,82,19,1338,191,3293,10,1370,1313,54715,8929
"HER24L","HER24L_3A_101",15,3443.87,7.07,1,33613,73643,1.44,46,50,626,127,32,1958,212,3042,0,1276,1391,55259,8656
"HER24L","HER24L_3A_102",15.1,3447.59,7.07,1,34072,73790,1.59,60,70,669,144,28,1250,221,2994,0,1010,1120,56537,8881
"HER24L","HER24L_3A_103",15.2,3451.31,7.08,1,33960,73491,1.23,44,35,643,164,27,1559,145,2880,47,1006,1271,55780,9105
"HER24L","HER24L_3A_104",15.3,3455.02,7.07,1,33217,71423,1.3,60,53,615,103,21,1287,167,2919,0,983,1006,54904,8538
"HER24L","HER24L_3A_105",15.4,3458.74,7.08,1,33020,71434,1.34,52,42,647,74,11,1182,168,2938,35,1140,1248,54196,8630
"HER24L","HER24L_3A_106",15.5,3462.45,7.07,1,33126,71043,1.29,55,50,727,91,46,1759,189,3107,30,1079,1128,53745,8378
"HER24L","HER24L_3A_107",15.6,3466.17,7.07,1,32777,71337,1.41,48,72,796,142,41,1782,207,3080,0,1190,1391,53022,8643
"HER24L","HER24L_3A_108",15.7,3469.88,7.06,1,32484,71232,1.39,64,115,726,156,74,1769,164,3243,0,1490,1295,52448,8930
"HER24L","HER24L_3A_109",15.8,3473.6,7.06,1,32518,71852,1.36,50,92,795,185,80,2740,140,3306,0,1548,1155,52098,8700
"HER24L","HER24L_3A_110",15.9,3477.31,7.06,1,32580,70564,1.49,50,75,698,142,32,1937,159,3261,0,1521,997,51972,8813
"HER24L","HER24L_3A_111",16,3481.03,7.04,1,32450,71862,1.51,68,66,780,187,44,1849,181,3382,71,1541,1340,52322,8837
"HER24L","HER24L_3A_112",16.1,3484.74,7.03,1,32755,71380,1.32,67,122,923,133,56,1861,160,3338,14,1397,1507,52030,8844
"HER24L","HER24L_3A_113",16.2,3488.46,7.01,1,33218,72664,1.35,60,114,825,180,30,2324,215,3330,121,1721,1295,52679,8742
"HER24L","HER24L_3A_114",16.3,3492.17,7,1,33177,72613,1.29,71,60,981,165,69,2757,214,2977,53,1628,1303,52679,8790
"HER24L","HER24L_3A_115",16.4,3495.89,6.97,1,32733,70756,1.39,57,74,861,156,27,1761,226,2777,0,1726,1252,52368,8679
"HER24L","HER24L_3A_116",16.5,3499.61,6.95,1,32210,69997,1.37,75,70,620,133,32,2061,141,2493,26,1493,1285,52183,8814
"HER24L","HER24L_3A_117",16.6,3503.32,6.93,1,32697,71337,1.17,70,70,770,184,38,2964,216,2610,161,1431,913,52361,8815
"HER24L","HER24L_3A_118",16.7,3507.04,6.93,1,32371,70912,1.26,50,82,671,560,96,3202,127,2915,0,1332,976,51330,8559
"HER24L","HER24L_3A_119",16.8,3510.75,6.94,1,32750,72648,1.34,58,130,749,737,117,2651,155,3188,169,1571,1215,52255,8666
"HER24L","HER24L_3A_120",16.9,3514.47,6.95,1,32748,71385,1.27,66,72,785,437,139,2690,204,2844,51,1565,1253,51847,8535
"HER24L","HER24L_3A_121",17,3518.18,6.96,1,32140,69482,1.27,86,121,830,146,69,2585,183,3079,111,1337,1254,50363,8535
"HER24L","HER24L_3A_122",17.1,3521.9,6.98,1,32095,68914,1.34,49,73,774,157,40,1932,210,2839,144,1308,1067,50861,8773
"HER24L","HER24L_3A_123",17.2,3525.61,6.99,1,31969,69414,1.41,80,41,806,190,85,2343,165,2936,0,1138,1298,50960,8724
"HER24L","HER24L_3A_124",17.3,3529.33,6.99,1,31442,67292,1.25,54,69,744,118,49,1680,272,2868,87,1338,891,49798,8392
"HER24L","HER24L_3A_125",17.4,3533.04,7,1,31156,67395,1.26,45,72,790,255,79,2712,154,3043,104,1574,939,48447,8134
"HER24L","HER24L_3A_126",17.5,3536.76,7.02,1,30537,66829,1.54,40,89,863,152,70,2868,196,3055,0,1653,1106,47509,8347
"HER24L","HER24L_3A_127",17.6,3540.47,7.03,1,29596,64896,1.18,60,83,913,221,58,3180,215,2701,258,1583,986,45786,7987
"HER24L","HER24L_3A_128",17.7,3544.19,7.04,1,29355,65473,1.21,53,128,870,251,169,5076,154,2932,42,1547,1157,44500,7936
"HER24L","HER24L_3A_129",17.8,3547.91,7.06,1,28987,65054,1.22,48,80,848,218,147,4516,193,2764,0,1852,1058,44537,8200
"HER24L","HER24L_3A_130",17.9,3551.62,7.07,1,29069,65515,1.35,53,83,976,498,156,4261,138,2755,93,2001,1181,44349,7969
"HER24L","HER24L_3A_131",18,3555.34,7.08,1,29178,66304,1.21,80,117,987,302,96,4762,147,2761,141,1873,1020,44737,8120
"HER24L","HER24L_3A_132",18.1,3559.05,7.09,1,29160,66012,1.23,59,98,996,215,139,3848,153,2683,446,1781,969,45002,8069
"HER24L","HER24L_3A_133",18.2,3562.77,7.11,1,29187,65466,1.29,46,147,1062,229,93,3736,108,2882,213,1906,1375,44816,7976
"HER24L","HER24L_3A_134",18.3,3566.48,7.12,1,28612,64500,1.29,48,89,924,253,125,4430,178,2612,29,1880,807,44028,7942
"HER24L","HER24L_3A_135",18.4,3570.2,7.13,1,28045,63838,1.28,54,118,1023,298,123,4389,141,2314,63,1876,1025,43436,7935
"HER24L","HER24L_3A_136",18.5,3573.91,7.14,1,28007,63483,1.17,73,95,959,300,105,4181,170,2499,86,1946,1253,42735,8136
"HER24L","HER24L_3A_137",18.6,3577.63,7.14,1,28115,63539,1.42,60,185,906,693,175,4298,119,2717,146,1585,1045,42705,7877
"HER24L","HER24L_3A_138",18.7,3581.34,7.14,1,27315,61810,1.57,40,97,1152,272,187,5466,105,2363,152,1686,1126,40704,7833
"HER24L","HER24L_3A_139",18.8,3585.06,7.15,1,26472,61272,1.23,72,136,1248,237,126,5876,201,2131,267,2015,1089,39246,7649
"HER24L","HER24L_3A_140",18.9,3588.77,7.15,1,25062,58289,1.3,53,163,1402,494,191,6360,136,1876,134,1979,1187,36098,7303
"HER24L","HER24L_3A_141",19,3592.49,7.16,1,23975,55425,1.47,66,216,1471,426,163,5393,167,1883,109,1913,862,34437,7297
"HER24L","HER24L_3A_142",19.1,3596.21,7.16,1,23371,57681,1.29,46,321,1899,542,259,9055,94,1484,111,2655,894,32019,7324
"HER24L","HER24L_3A_143",19.2,3599.92,7.17,1,22483,55409,1.56,41,267,1789,592,271,9747,78,1202,188,2413,942,29677,7057
"HER24L","HER24L_3A_144",19.3,3603.64,7.16,1,22033,56082,1.57,49,348,1886,925,420,10473,63,1045,147,2748,830,28745,7073
"HER24L","HER24L_3A_145",19.4,3607.35,7.17,1,21921,54703,1.43,53,341,1755,440,267,9939,92,967,208,2477,916,28817,7359
"HER24L","HER24L_3A_146",19.5,3611.07,7.18,1,21900,56582,1.29,41,282,1960,1093,336,10801,118,880,248,2390,734,29261,7331
"HER24L","HER24L_3A_147",19.6,3614.78,7.18,1,22522,60052,1.3,65,363,2364,783,423,14600,137,1017,223,2719,603,28604,7072
"HER24L","HER24L_3A_148",19.7,3618.5,7.19,1,22099,59296,1.35,51,305,2186,822,371,13168,82,1043,168,2548,874,28420,7746
"HER24L","HER24L_3A_149",19.8,3622.21,7.19,1,22120,61341,1.36,46,402,2398,1037,507,17150,57,875,209,2836,773,26855,7173
"HER24L","HER24L_3A_150",19.9,3625.93,7.19,1,20725,53495,1.57,51,532,2190,753,283,9429,32,742,459,2688,883,25912,8150
"HER24L","HER24L_3A_151",20,3629.64,7.2,1,19374,48659,1.26,43,323,1566,397,230,8265,65,557,178,2633,817,24415,8091
"HER24L","HER24L_3A_152",20.1,3633.06,7.22,1,17664,43262,1.45,18,260,1327,428,177,6946,91,493,364,2127,1052,22715,6543
"HER24L","HER24L_3A_153",20.2,3636.48,7.22,1,19399,51637,1.33,34,311,1935,575,293,10999,168,654,380,2672,631,24708,6845
"HER24L","HER24L_3A_154",20.3,3639.9,7.23,1,19353,50149,1.48,40,440,2101,662,244,9744,50,418,488,3190,663,24047,6868
"HER24L","HER24L_3A_155",20.4,3643.32,7.23,1,19405,48598,1.42,33,468,1857,578,261,8656,49,627,262,2900,862,24156,6915
"HER24L","HER24L_3A_156",20.5,3646.74,7.22,1,19512,51538,1.4,29,384,2009,561,285,11027,45,641,407,2913,954,23749,6910
"HER24L","HER24L_3A_157",20.6,3650.16,7.22,1,19122,50756,1.56,22,317,1882,458,303,12201,83,478,388,2648,732,23460,6874
"HER24L","HER24L_3A_158",20.7,3653.57,7.24,1,19154,50192,1.49,17,461,1793,901,318,11413,84,399,323,2935,1000,23205,6640
"HER24L","HER24L_3A_159",20.8,3656.99,7.23,1,20154,50834,1.5,58,668,2049,598,279,10002,116,326,512,2675,657,24814,7070
"HER24L","HER24L_3A_160",20.9,3660.41,7.23,1,20238,52852,1.54,53,455,2199,694,326,11137,90,720,304,2724,893,24484,6833
"HER24L","HER24L_3A_161",21,3663.83,7.25,1,20281,53634,1.51,30,582,2428,931,267,11009,109,637,244,3115,640,25437,7278
"HER24L","HER24L_3A_162",21.1,3667.25,7.23,1,21069,65326,1.43,32,453,3000,904,638,24542,83,574,282,2411,740,23383,6738
"HER24L","HER24L_3A_163",21.2,3670.67,7.22,1,19940,56810,1.53,19,408,2392,730,484,17067,127,646,335,2598,601,23267,6804
"HER24L","HER24L_3A_164",21.3,3674.09,7.22,1,19910,52649,1.37,37,304,2111,600,316,11557,79,737,412,3302,669,24319,7091
"HER24L","HER24L_3A_165",21.4,3677.51,7.22,1,19025,48804,1.4,57,306,1974,588,309,9791,95,609,237,2778,588,23531,6831
"HER24L","HER24L_3A_166",21.5,3680.92,7.24,1,19767,52719,1.42,26,407,1966,2010,491,11683,23,550,181,2610,589,23434,7671
"HER24L","HER24L_3A_167",21.6,3684.34,7.26,1,19404,49665,1.56,26,498,2350,668,244,9558,107,522,509,2696,852,23472,7277
"HER24L","HER24L_3A_168",21.7,3687.76,7.28,1,19654,53586,1.35,43,485,2249,859,382,13534,99,654,437,2648,638,23206,7081
"HER24L","HER24L_3A_169",21.8,3691.18,7.28,1,18838,49183,1.36,34,448,2060,425,291,9558,105,528,159,3488,1090,23247,6862
"HER24L","HER24L_3A_170",21.9,3694.6,7.29,1,18288,46583,1.33,26,438,1945,524,216,7741,134,347,444,2969,1012,22712,6705
"HER24L","HER24L_3A_171",22,3698.02,7.31,1,18624,47047,1.41,38,440,1777,520,291,9306,65,206,457,2390,693,22792,6731
"HER24L","HER24L_3A_172",22.1,3701.44,7.33,1,18086,46204,1.6,32,613,1631,472,239,8510,96,522,348,2641,836,22441,6718
"HER24L","HER24L_3A_173",22.2,3704.85,7.32,1,18355,47310,1.59,36,391,1681,979,278,9722,45,550,178,2202,856,22694,6571
"HER24L","HER24L_3A_174",22.3,3708.27,7.3,1,20085,53292,1.39,37,413,2388,569,327,11499,57,640,277,2797,605,24795,7233
"HER24L","HER24L_3A_175",22.4,3711.69,7.29,1,19617,51630,1.51,42,457,2162,694,295,10561,24,715,347,3063,504,23856,7062
"HER24L","HER24L_3A_176",22.5,3715.11,7.29,1,20916,58224,1.39,43,434,2323,1359,420,15124,88,684,301,3159,858,24768,7218
"HER24L","HER24L_3A_177",22.6,3718.53,7.3,1,20035,51247,1.82,42,360,1729,637,232,10689,0,966,383,2608,992,24585,7339
"HER24L","HER24L_3A_178",22.7,3721.95,7.3,1,20444,53216,1.45,39,303,2112,742,328,11936,113,610,281,2956,833,24701,6844
"HER24L","HER24L_3A_179",22.8,3725.37,7.29,1,20868,56826,1.48,47,433,2391,875,424,12860,157,689,253,3315,872,25394,7232
"HER24L","HER24L_3A_180",22.9,3728.78,7.29,1,21216,55330,1.42,40,406,2282,710,397,13041,191,703,301,2805,820,25516,7225
"HER24L","HER24L_3A_181",23,3732.2,7.3,1,21366,57417,1.61,29,371,2252,842,436,15939,99,587,275,2189,815,25102,7428
"HER24L","HER24L_3A_182",23.1,3735.62,7.3,1,21741,57275,1.53,34,349,2231,946,494,14954,68,724,423,2643,1077,25357,7351
"HER24L","HER24L_3A_183",23.2,3739.04,7.31,1,21159,55344,1.44,25,302,2034,792,324,13129,92,941,478,3024,864,25141,7546
"HER24L","HER24L_3A_184",23.3,3742.46,7.31,1,21270,55369,1.57,37,345,1981,742,354,12808,73,798,344,2984,895,25665,7381
"HER24L","HER24L_3A_185",23.4,3745.88,7.31,1,21490,58318,1.33,68,465,2244,1127,399,14500,46,977,242,2997,933,25887,7196
"HER24L","HER24L_3A_186",23.5,3749.3,7.31,1,20644,54719,1.32,26,502,2305,865,307,12230,65,905,193,2946,823,24922,7108
"HER24L","HER24L_3A_187",23.6,3752.72,7.31,1,20923,56201,1.53,62,318,2166,1229,347,13418,100,783,298,2741,647,24898,7989
"HER24L","HER24L_3A_188",23.7,3756.13,7.31,1,22183,59942,1.41,38,333,2442,839,428,15503,46,910,346,3368,830,26505,7271
"HER24L","HER24L_3A_189",23.8,3759.55,7.32,1,22515,62739,1.41,32,432,2204,942,498,18569,111,993,286,2808,914,26648,7070
"HER24L","HER24L_3A_190",23.9,3762.97,7.32,1,22309,59311,1.62,54,385,2108,919,461,14416,38,856,600,2625,728,27462,7782
"HER24L","HER24L_3A_191",24,3766.39,7.32,1,22260,59477,1.27,49,487,2386,737,332,14835,214,976,324,3105,842,26910,7367
"HER24L","HER24L_3A_192",24.1,3769.81,7.32,1,22204,60267,1.37,47,357,1901,1075,357,16258,125,1063,139,2740,947,26859,7498
"HER24L","HER24L_3A_193",24.2,3773.23,7.32,1,21918,57028,1.66,43,401,1884,962,381,12325,130,924,353,2754,1083,27346,7522
"HER24L","HER24L_3A_194",24.3,3776.65,7.33,1,22203,56056,1.31,50,316,1873,706,341,11715,72,1070,139,3203,908,27504,7137
"HER24L","HER24L_3A_195",24.4,3780.06,7.33,1,22454,57421,1.41,46,305,1752,933,334,11918,139,1166,441,2890,958,28051,7587
"HER24L","HER24L_3A_196",24.5,3783.48,7.33,1,22642,59398,1.42,31,363,1744,681,373,13670,110,1260,124,3120,946,27805,7805
"HER24L","HER24L_3A_197",24.6,3786.9,7.34,1,22659,62300,1.44,47,268,2110,986,476,17069,125,1067,190,3328,787,27105,7622
"HER24L","HER24L_3A_198",24.7,3790.32,7.34,1,22443,57483,1.51,36,379,1920,786,326,11792,114,1166,207,2879,954,28177,7576
"HER24L","HER24L_3A_199",24.8,3793.74,7.34,1,21943,56749,1.42,61,371,1956,910,332,12105,115,829,143,2945,924,27397,7637
"HER24L","HER24L_3A_200",24.9,3797.16,7.34,1,23433,60517,1.75,29,294,1679,734,389,12860,141,1212,292,2610,1219,29764,7567
"HER24L","HER24L_3A_201",25,3800.58,7.35,1,23791,62327,1.51,55,232,1772,739,356,13772,122,1272,279,2672,785,30673,7810
"HER24L","HER24L_3A_202",25.1,3821.91,7.36,1,24760,67655,1.37,55,314,1739,1005,676,16538,124,1471,288,2725,1572,32232,7911
"HER24L","HER24L_3A_203",25.2,3843.24,7.36,1,25693,63655,1.44,76,377,1789,615,350,10449,73,1940,93,2617,866,35367,8055
"HER24L","HER24L_3A_204",25.3,3864.58,7.35,1,25957,60961,1.3,55,244,1280,466,180,6754,207,2255,116,2317,1223,36892,8201
"HER24L","HER24L_3A_205",25.4,3885.91,7.36,1,27855,65367,1.3,52,171,1251,749,200,7873,198,2763,0,1852,1175,40119,8072
"HER24L","HER24L_3A_206",25.5,3907.24,7.36,1,28028,66381,1.46,55,186,1236,508,204,7951,98,2708,144,2068,1131,41092,8027
"HER24L","HER24L_3A_207",25.6,3928.57,7.37,1,29170,70293,1.28,59,191,1416,537,283,9219,161,2970,314,2370,1065,42229,8418
"HER24L","HER24L_3A_208",25.7,3949.91,7.37,1,30001,68774,1.39,95,147,1070,709,159,5784,254,3289,231,1944,1156,44475,8655
"HER24L","HER24L_3A_209",25.8,3971.24,7.38,1,30765,71449,1.32,68,135,1163,460,244,6523,175,3488,43,1976,1043,46333,8710
"HER24L","HER24L_3A_210",25.9,3992.57,7.37,1,31335,69892,1.47,73,116,1059,429,160,3989,154,3770,155,1915,1028,47863,8313
"HER24L","HER24L_3A_211",26,4013.91,7.38,1,30994,69951,1.4,79,70,995,404,90,4031,122,3757,102,1573,1183,47891,8704
"HER24L","HER24L_3A_212",26.1,4035.24,7.38,1,30591,67961,1.45,63,181,882,265,93,3471,177,3529,92,1573,933,47374,8375
"HER24L","HER24L_3A_213",26.2,4056.57,7.39,1,30807,69324,1.26,63,75,885,342,181,5351,157,3435,16,1694,873,47246,8083
"HER24L","HER24L_3A_214",26.3,4077.91,7.39,1,30857,71026,1.39,50,103,1151,292,202,6166,147,3391,62,1755,1175,46552,8778
"HER24L","HER24L_3A_215",26.4,4099.24,7.38,1,30141,66540,1.41,35,134,982,320,131,3319,154,3285,247,1725,1032,45377,8801
"HER24L","HER24L_3A_216",26.5,4120.57,7.38,1,30425,70214,1.35,44,169,1029,411,226,7015,178,3369,142,2015,992,45283,8344
"HER24L","HER24L_3A_217",26.6,4141.91,7.38,1,29942,66421,1.22,40,78,919,284,137,4691,152,3054,145,1899,1011,44908,7982
"HER24L","HER24L_3A_218",26.7,4163.24,7.38,1,30428,69184,1.33,54,101,896,303,141,5219,156,3465,171,2259,1426,45573,8500
"HER24L","HER24L_3A_219",26.8,4184.57,7.38,1,30967,69607,1.46,56,72,802,268,105,3960,149,3682,117,1841,1106,47605,8594
"HER24L","HER24L_3A_220",26.9,4205.9,7.38,1,31589,69727,1.33,47,79,836,327,89,3496,110,3716,86,1799,977,48952,8371
"HER24L","HER24L_3A_221",27,4227.24,7.38,1,32407,73969,1.31,68,60,878,458,97,4725,212,4009,68,1564,1032,50846,8928
"HER24L","HER24L_3A_222",27.1,4248.57,7.39,1,32854,74763,1.23,63,82,1096,257,244,6967,153,4211,23,1376,936,50485,8101
"HER24L","HER24L_3A_223",27.2,4269.9,7.39,1,31385,66370,1.35,73,41,664,224,84,1880,144,3962,120,1338,1018,47819,8247
"HER24L","HER24L_3A_224",27.3,4291.24,7.38,1,31180,70269,1.29,90,54,887,360,83,5405,221,3909,0,1688,1189,47604,8098
"HER24L","HER24L_3A_225",27.4,4312.57,7.38,1,31028,69948,1.31,67,97,976,259,100,4271,166,3885,45,1579,1276,47798,8430
"HER24L","HER24L_3A_226",27.5,4333.9,7.36,1,30548,68588,1.32,65,99,967,327,74,4118,146,3692,135,1577,1222,46812,8284
"HER24L","HER24L_3A_227",27.6,4355.24,7.34,1,31020,70672,1.3,87,94,926,273,98,5279,138,3618,227,1720,1320,47124,8778
"HER24L","HER24L_3A_228",27.7,4376.57,7.33,1,31372,71459,1.56,71,74,1069,593,145,5426,173,3617,27,1706,1521,47697,8574
"HER24L","HER24L_3A_229",27.8,4397.9,7.33,1,31442,70129,1.37,46,144,1147,280,132,4001,187,3408,49,1895,1195,47677,8603
"HER24L","HER24L_3A_230",27.9,4419.23,7.33,1,32061,69867,1.36,38,73,889,244,92,2626,113,4099,144,1633,1073,49254,8627
"HER24L","HER24L_3A_231",28,4440.57,7.32,1,31972,69912,1.51,47,68,956,283,116,3400,154,4152,100,1648,1098,48542,8480
"HER24L","HER24L_3A_232",28.1,4461.9,7.31,1,31606,71522,1.24,52,82,964,242,101,4207,208,4076,137,1730,1083,48758,8532
"HER24L","HER24L_3A_233",28.2,4483.23,7.29,1,31521,69818,1.2,61,50,803,347,104,4145,181,3858,0,1507,1082,48499,8521
"HER24L","HER24L_3A_234",28.3,4504.57,7.29,1,31220,67709,1.26,66,72,742,257,124,2963,214,3895,179,1615,1015,47594,8194
"HER24L","HER24L_3A_235",28.4,4525.9,7.28,1,30382,67038,1.38,30,65,905,313,128,4632,182,3594,0,1586,1045,45455,8023
"HER24L","HER24L_3A_236",28.5,4547.23,7.27,1,29003,65607,1.32,65,44,960,294,119,4160,166,2957,61,1761,1286,44302,8630
"HER24L","HER24L_3A_237",28.6,4568.57,7.27,1,29212,66770,1.29,52,120,916,372,162,5559,119,2827,208,1967,979,44020,8649
"HER24L","HER24L_3A_238",28.7,4589.9,7.27,1,30157,68011,1.32,47,93,1023,320,134,5572,202,3190,64,1935,857,45478,8325
"HER24L","HER24L_3A_239",28.8,4611.23,7.27,1,29602,65865,1.41,52,94,895,244,100,3747,136,3238,324,1982,966,44820,8397
"HER24L","HER24L_3A_240",28.9,4632.57,7.28,1,29864,66643,1.38,52,115,876,358,146,4478,142,3229,139,1694,993,45328,8090
"HER24L","HER24L_3A_241",29,4653.9,7.28,1,29960,67509,1.32,58,127,881,287,149,5098,160,3096,216,1717,1083,45372,8390
"HER24L","HER24L_3A_242",29.1,4675.23,7.29,1,29995,67665,1.26,25,92,842,307,60,3839,152,3476,228,1960,875,46376,8318
"HER24L","HER24L_3A_243",29.2,4696.56,7.29,1,30683,71029,1.26,50,89,1047,317,129,6444,194,3692,92,1762,1385,46689,8485
"HER24L","HER24L_3A_244",29.3,4717.9,7.3,1,30696,69668,1.47,68,100,887,357,161,4770,174,3417,220,1566,1330,47405,8471
"HER24L","HER24L_3A_245",29.4,4739.23,7.29,1,30362,67534,1.35,46,64,994,237,121,3924,152,3270,154,1622,964,46370,8630
"HER24L","HER24L_3A_246",29.5,4760.56,7.3,1,30483,66895,1.51,57,133,914,302,105,2836,187,3397,129,1622,1029,46852,8175
"HER24L","HER24L_3A_247",29.6,4781.9,7.3,1,30221,65614,1.16,25,81,807,258,94,2574,283,3497,0,1343,965,46715,8294
"HER24L","HER24L_3A_248",29.7,4803.23,7.3,1,30190,68499,1.57,58,79,837,514,157,4303,224,3675,207,1548,1136,46332,8458
"HER24L","HER24L_3A_249",29.8,4824.56,7.3,1,30105,66439,1.22,52,62,742,417,138,3779,139,3376,181,1636,1250,45966,8177
"HER24L","HER24L_3A_250",29.9,4845.9,7.29,1,30056,65913,1.19,36,113,814,240,76,3004,210,3529,161,1579,996,45822,8389
"HER24L","HER24L_3A_251",30,4867.23,7.3,1,29300,63893,1.23,52,110,683,248,49,2993,137,3474,36,1728,1073,44359,8292
"HER24L","HER24L_3A_252",30.1,4889.66,7.31,1,29398,65442,1.26,62,83,832,282,102,3958,201,3205,92,1618,1009,44783,8454
"HER24L","HER24L_3A_253",30.2,4912.09,7.31,1,30000,66326,1.28,45,74,932,268,127,4665,154,3214,204,1732,1065,44738,8374
"HER24L","HER24L_3A_254",30.3,4934.52,7.32,1,30609,68156,1.43,60,110,810,273,85,3509,188,3405,118,1706,1112,47137,8597
"HER24L","HER24L_3A_255",30.4,4956.95,7.33,1,30803,69196,1.18,41,134,784,440,200,3637,160,3719,194,1829,1397,47151,8524
"HER24L","HER24L_3A_256",30.5,4979.38,7.33,1,31485,72505,1.35,56,70,789,1486,379,5140,201,3801,85,1861,982,47761,8691
"HER24L","HER24L_3A_257",30.6,5001.81,7.34,1,31952,71844,1.31,49,111,852,589,116,4432,182,4113,107,1857,1091,48488,8505
"HER24L","HER24L_3A_258",30.7,5024.23,7.33,1,31138,69789,1.34,73,111,878,299,95,4451,157,3602,158,1732,1143,47457,8562
"HER24L","HER24L_3A_259",30.8,5046.66,7.33,1,30434,68009,1.58,52,207,940,525,103,4350,185,3297,300,1587,1027,46130,8809
"HER24L","HER24L_3A_260",30.9,5069.09,7.33,1,30447,68061,1.33,76,193,911,568,155,4330,106,3504,240,1760,945,46048,8302
"HER24L","HER24L_3A_261",31,5091.52,7.32,1,29413,66167,1.32,54,119,897,322,106,4595,134,3492,46,1666,1213,44341,8071
"HER24L","HER24L_3A_262",31.1,5113.95,7.32,1,29368,65378,1.17,14,106,826,427,118,4072,181,3418,126,1927,1221,44018,8149
"HER24L","HER24L_3A_263",31.2,5136.38,7.32,1,29706,66038,1.28,44,124,836,361,129,3741,185,3468,81,2034,1069,44620,8169
"HER24L","HER24L_3A_264",31.3,5158.81,7.33,1,30370,71055,1.37,47,123,801,755,202,7359,189,3733,242,1820,1062,45251,8730
"HER24L","HER24L_3A_265",31.4,5181.24,7.34,1,30793,68222,1.29,46,111,795,354,87,3707,158,3898,115,1621,1089,46515,8586
"HER24L","HER24L_3A_266",31.5,5203.67,7.34,1,30503,68854,1.29,90,110,816,555,169,4816,231,3761,166,1832,1235,45839,8298
"HER24L","HER24L_3A_267",31.6,5226.1,7.35,1,29744,66762,1.46,60,131,923,307,110,4398,184,3669,165,1818,1058,44646,8191
"HER24L","HER24L_3A_268",31.7,5248.53,7.36,1,29249,65599,1.27,53,111,957,290,131,3810,231,3878,231,1945,1120,43461,8193
"HER24L","HER24L_3A_269",31.8,5270.96,7.35,1,29332,66121,1.17,73,72,813,355,156,4967,223,3828,166,1931,775,43643,8048
"HER24L","HER24L_3A_270",31.9,5293.39,7.35,1,29134,65244,1.23,55,110,897,364,118,4543,133,3655,161,1671,1027,43463,8117
"HER24L","HER24L_3A_271",32,5315.82,7.35,1,28824,63650,1.37,69,132,881,243,106,3861,170,3465,18,1721,1028,43004,8151
"HER24L","HER24L_3A_272",32.1,5338.25,7.36,1,28908,64750,1.35,42,129,915,300,141,5130,171,3098,29,1643,1076,43099,8191
"HER24L","HER24L_3A_273",32.2,5360.68,7.37,1,29690,68048,1.3,65,129,961,348,147,5610,134,3302,83,1642,1317,44612,8688
"HER24L","HER24L_3A_274",32.3,5383.11,7.37,1,29673,67052,1.4,71,144,818,327,165,4755,118,3465,173,1879,953,44496,8335
"HER24L","HER24L_3A_275",32.4,5405.54,7.37,1,29606,66400,1.31,40,155,1021,381,139,4830,244,3375,11,1784,1279,43919,8249
"HER24L","HER24L_3A_276",32.5,5427.97,7.38,1,29133,65034,1.29,23,117,818,291,119,4599,165,3544,24,1872,1072,43290,8031
"HER24L","HER24L_3A_277",32.6,5450.4,7.38,1,28928,65811,1.29,56,150,924,652,175,5504,317,3285,19,1776,909,42567,8342
"HER24L","HER24L_3A_278",32.7,5472.82,7.37,1,28933,64154,1.17,42,88,955,487,125,4398,68,3234,239,1794,1061,42366,8253
"HER24L","HER24L_3A_279",32.8,5495.25,7.37,1,29618,65434,1.24,30,136,746,296,96,4599,208,3284,185,1631,1034,44152,8278
"HER24L","HER24L_3A_280",32.9,5517.68,7.36,1,29486,65842,1.44,45,143,782,451,155,4574,94,3149,230,1914,1093,44161,8142
"HER24L","HER24L_3B_21",33,5540.11,7.36,1,31858,70399,1.23,109,113,1021,315,101,4445,173,4162,0,1643,1289,47633,8514
"HER24L","HER24L_3B_22",33.1,5562.54,7.39,1,31287,69167,1.23,85,70,975,274,104,4606,153,3870,22,1657,1120,46975,8358
"HER24L","HER24L_3B_23",33.2,5584.97,7.39,1,31004,67975,1.28,62,81,970,282,84,3626,187,4006,55,1596,1261,46364,8515
"HER24L","HER24L_3B_24",33.3,5607.4,7.38,1,30949,67951,1.36,112,155,976,253,55,2951,234,3973,147,1604,1063,46852,8451
"HER24L","HER24L_3B_25",33.4,5629.83,7.37,1,30823,66162,1.44,77,160,857,253,68,2489,104,3660,129,1864,1083,46417,8328
"HER24L","HER24L_3B_26",33.5,5652.26,7.36,1,30274,67540,1.52,101,135,1038,439,118,4309,176,3694,53,1721,1053,45779,8209
"HER24L","HER24L_3B_27",33.6,5674.69,7.36,1,28709,66030,1.4,63,97,892,421,131,4610,129,3491,248,1903,1025,43910,8118
"HER24L","HER24L_3B_28",33.7,5697.12,7.35,1,29583,66377,1.35,78,144,998,352,136,3787,155,3647,107,1882,1276,44438,8188
"HER24L","HER24L_3B_29",33.8,5719.55,7.35,1,28532,64903,1.34,78,90,943,400,109,4344,205,3386,81,1746,1009,43226,8142
"HER24L","HER24L_3B_30",33.9,5741.98,7.36,1,28200,62665,1.2,58,174,966,408,114,3626,142,3194,0,1863,1047,42241,8029
"HER24L","HER24L_3B_31",34,5764.41,7.36,1,27992,62962,1.23,74,163,974,269,122,3996,156,3131,13,1873,1218,42276,7935
"HER24L","HER24L_3B_32",34.1,5786.84,7.37,1,28716,65405,1.27,54,151,1060,314,107,4098,126,3360,222,2199,1134,43431,8374
"HER24L","HER24L_3B_33",34.2,5809.27,7.38,1,29686,67043,1.72,72,129,1171,315,113,4606,154,3375,284,2120,970,44559,8322
"HER24L","HER24L_3B_34",34.3,5831.7,7.39,1,30190,68325,1.27,84,269,1279,395,121,4798,151,3712,190,1998,1253,44420,8589
"HER24L","HER24L_3B_35",34.4,5854.13,7.4,1,29482,67036,1.44,69,175,1243,358,160,5432,162,3456,61,2012,1127,43008,8646
"HER24L","HER24L_3B_36",34.5,5876.56,7.39,1,29338,68021,1.4,80,309,1364,410,266,6947,203,3347,118,1809,1076,42674,8365
"HER24L","HER24L_3B_37",34.6,5898.99,7.37,1,28566,66667,1.31,61,214,1430,404,156,6481,190,3410,34,2054,1081,42215,8099
"HER24L","HER24L_3B_38",34.7,5921.41,7.37,1,28331,68008,1.27,63,179,1324,424,281,9312,176,2992,323,1923,1268,41082,7828
"HER24L","HER24L_3B_39",34.8,5943.84,7.36,1,27971,64759,1.34,65,129,1202,545,178,5840,175,2950,194,2022,1291,41216,8267
"HER24L","HER24L_3B_40",34.9,5966.27,7.36,1,27789,64253,1.52,85,276,1196,433,152,5471,187,3297,326,1997,1187,40600,7961
"HER24L","HER24L_3B_41",35,5988.7,7.36,1,27905,64165,1.24,56,127,1105,353,180,6059,140,3257,147,1829,1150,40657,7916
"HER24L","HER24L_3B_42",35.1,6015.78,7.36,1,27210,61687,1.27,65,121,1179,301,98,4018,120,3260,209,2028,1029,40124,8387
"HER24L","HER24L_3B_43",35.2,6042.87,7.37,1,27575,64105,1.31,67,161,1241,346,163,6295,193,3366,112,1909,827,40178,8076
"HER24L","HER24L_3B_44",35.3,6069.95,7.38,1,28241,64974,1.29,81,229,1098,261,133,4944,152,3282,248,2085,898,42033,8196
"HER24L","HER24L_3B_45",35.4,6097.03,7.39,1,28754,64637,1.36,98,148,1079,352,151,4478,146,3710,246,2245,1022,41966,8036
"HER24L","HER24L_3B_46",35.5,6124.11,7.41,1,28733,64857,1.27,64,171,1080,288,124,4568,189,3673,214,2204,924,42166,8142
"HER24L","HER24L_3B_47",35.6,6151.19,7.43,1,28484,65196,1.31,60,110,1241,436,191,5877,161,3751,148,2159,907,40986,8195
"HER24L","HER24L_3B_48",35.7,6178.27,7.43,1,27930,65187,1.33,96,178,1319,703,150,6972,163,3768,33,2088,1093,39684,7958
"HER24L","HER24L_3B_49",35.8,6205.35,7.44,1,27010,61072,1.21,74,131,1198,348,149,5611,150,3315,0,1996,1121,38253,7892
"HER24L","HER24L_3B_50",35.9,6232.43,7.44,1,26332,57923,1.56,81,147,1193,451,124,4030,127,3236,325,2045,974,37096,7496
"HER24L","HER24L_3B_51",36,6259.51,7.44,1,26788,64541,1.35,87,148,1386,496,189,9787,156,3235,119,2330,953,36804,8049
"HER24L","HER24L_3B_52",36.1,6286.59,7.45,1,26552,60807,1.33,96,158,1113,365,155,5468,132,3075,256,2079,872,37760,8096
"HER24L","HER24L_3B_53",36.2,6313.67,7.45,1,26745,60252,1.32,100,131,1080,379,135,5113,142,3323,289,2218,966,37368,7848
"HER24L","HER24L_3B_54",36.3,6340.76,7.45,1,27337,61907,1.52,70,178,1225,463,205,5215,124,3455,325,2342,834,37903,8259
"HER24L","HER24L_3B_55",36.4,6367.84,7.46,1,26994,59678,1.44,71,131,1219,346,183,4611,172,3449,134,2441,842,37453,7832
"HER24L","HER24L_3B_56",36.5,6394.92,7.46,1,26074,57917,1.22,68,96,1082,314,114,4841,148,3244,248,2169,840,36108,7863
"HER24L","HER24L_3B_57",36.6,6422,7.47,1,24753,55242,1.25,80,133,1117,369,165,5316,149,3051,128,2131,836,33719,7069
"HER24L","HER24L_3B_58",36.7,6449.08,7.48,1,24687,58151,1.45,77,152,1277,429,248,8538,84,2503,181,1904,1602,32705,7642
"HER24L","HER24L_3B_59",36.8,6476.16,7.48,1,25824,58607,1.35,76,128,1211,398,160,6678,90,3017,254,2259,1072,34178,7964
"HER24L","HER24L_3B_60",36.9,6503.24,7.48,1,27134,61528,1.39,92,194,1245,395,147,5884,127,3491,178,2397,888,37057,8321
"HER24L","HER24L_3B_61",37,6530.32,7.49,1,26759,60170,1.22,79,191,1121,449,179,5477,177,3355,198,2383,1055,36565,8141
"HER24L","HER24L_3B_62",37.1,6557.4,7.5,1,26915,62897,1.48,96,267,1334,501,232,9661,121,3280,30,2409,973,35886,7609
"HER24L","HER24L_3B_63",37.2,6584.48,7.5,1,25931,59606,1.3,67,156,1336,340,145,5317,160,3210,222,2526,910,35856,7908
"HER24L","HER24L_3B_64",37.3,6611.57,7.51,1,25526,56715,1.4,85,226,1495,270,145,5587,113,2692,277,2654,650,33864,8007
"HER24L","HER24L_3B_65",37.4,6638.65,7.51,1,25913,58233,1.22,66,148,1133,274,139,5479,121,3102,142,2618,863,35297,7914
"HER24L","HER24L_3B_66",37.5,6665.73,7.51,1,25607,57547,1.37,90,148,1118,331,149,4608,164,3026,236,2758,913,35099,7571
"HER24L","HER24L_3B_67",37.6,6692.81,7.51,1,25297,57015,1.34,90,131,1144,455,106,5370,148,3286,192,2532,915,34105,7638
"HER24L","HER24L_3B_68",37.7,6719.89,7.52,1,24998,55368,1.32,91,137,1181,362,139,4655,145,3157,211,2341,947,33549,7316
"HER24L","HER24L_3B_69",37.8,6746.97,7.52,1,25172,58077,1.28,93,107,1410,358,162,6916,158,2606,87,2797,879,33509,7740
"HER24L","HER24L_3B_70",37.9,6774.05,7.53,1,24468,53641,1.47,70,124,1286,452,153,4354,142,2679,33,2423,817,32598,7806
"HER24L","HER24L_3B_71",38,6801.13,7.53,1,23367,53304,1.29,55,174,1306,377,150,5789,131,2216,253,2405,791,31077,7579
"HER24L","HER24L_3B_72",38.1,6828.21,7.54,1,24151,53193,1.31,65,106,1143,400,97,4533,174,2690,311,2428,829,31780,7528
"HER24L","HER24L_3B_73",38.2,6855.29,7.54,1,23645,53697,1.3,70,110,1304,340,154,6144,140,2171,192,2451,966,30831,7787
"HER24L","HER24L_3B_74",38.3,6882.37,7.54,1,23935,59085,1.33,96,171,1582,441,315,11255,198,2135,335,2417,1029,30301,7978
"HER24L","HER24L_3B_75",38.4,6909.46,7.55,1,23035,54545,1.4,95,265,1606,436,209,8008,104,2001,321,2889,768,29195,7692
"HER24L","HER24L_3B_76",38.5,6936.54,7.55,1,22615,58819,1.47,55,460,1847,722,359,13211,177,1570,258,2833,858,27798,7681
"HER24L","HER24L_3B_77",38.6,6963.62,7.55,1,22573,58677,1.54,78,530,1832,2058,471,12780,112,1514,143,2903,1057,26754,7511
"HER24L","HER24L_3B_78",38.7,6990.7,7.55,1,21716,55586,1.47,58,296,1815,505,321,9979,157,1524,122,2748,849,26964,8755
"HER24L","HER24L_3B_79",38.8,7017.78,7.55,1,22190,52732,1.4,104,241,1618,334,182,6800,162,1853,155,2512,692,28186,8082
"HER24L","HER24L_3B_80",38.9,7044.86,7.55,1,22823,54046,1.43,65,266,1909,408,121,7400,172,1940,277,2804,727,29303,7521
"HER24L","HER24L_3B_81",39,7071.94,7.56,1,21693,52049,1.42,78,265,1626,355,147,7304,300,1788,285,2808,1144,27489,7465
"HER24L","HER24L_3B_82",39.1,7099.02,7.57,1,22876,56436,1.48,85,399,2258,560,260,10309,191,1294,419,2812,1182,28206,7710
"HER24L","HER24L_3B_83",39.2,7126.1,7.57,1,22155,54010,1.38,78,450,1809,441,276,9269,179,1614,350,2662,777,27442,7280
"HER24L","HER24L_3B_84",39.3,7153.18,7.57,1,23076,58440,1.55,78,403,2002,484,386,12217,193,1858,435,3195,1013,28014,7301
"HER24L","HER24L_3B_85",39.4,7180.26,7.57,1,22560,57913,1.41,71,407,2077,827,411,11513,222,1857,293,2529,983,27910,7544
"HER24L","HER24L_3B_86",39.5,7207.35,7.58,1,22611,56357,1.58,63,438,1820,556,225,10001,165,2111,345,2858,924,27853,7634
"HER24L","HER24L_3B_87",39.6,7234.43,7.58,1,22834,58884,1.63,84,380,2574,555,296,11949,200,1715,95,3599,599,27984,7647
"HER24L","HER24L_3B_88",39.7,7261.51,7.58,1,22069,55456,1.48,73,348,2182,624,279,9861,166,1774,305,3282,757,27399,7168
"HER24L","HER24L_3B_89",39.8,7288.59,7.58,1,21992,56227,1.45,66,328,2330,377,329,11651,205,1434,234,2780,669,26812,7909
"HER24L","HER24L_3B_90",39.9,7315.67,7.58,1,21907,59149,1.51,50,411,2598,570,462,14733,242,1409,349,2877,1168,25787,7452
"HER24L","HER24L_3B_91",40,7342.75,7.59,1,22123,62126,1.67,65,435,2274,836,444,16144,233,1116,370,2809,802,25400,8859
"HER24L","HER24L_3B_92",40.1,7351.58,7.59,1,21058,57351,1.4,84,469,2533,1268,306,14178,228,836,321,2932,533,24056,7321
"HER24L","HER24L_3B_93",40.2,7360.4,7.58,1,22153,68784,1.69,66,735,2970,1176,471,23656,209,964,552,3066,1214,24299,7712
"HER24L","HER24L_3B_94",40.3,7369.22,7.57,1,21234,63811,1.58,63,565,3071,806,563,22036,112,478,268,3011,506,23250,7327
"HER24L","HER24L_3B_95",40.4,7378.05,7.58,1,20905,57544,1.52,47,583,3088,762,342,14130,133,651,370,3366,876,23905,7648
"HER24L","HER24L_3B_96",40.5,7386.87,7.58,1,20224,55266,1.68,46,775,3106,711,324,13725,125,928,365,3327,556,23047,6973
"HER24L","HER24L_3B_97",40.6,7395.7,7.57,1,21147,58224,1.52,73,480,3012,1093,350,15501,144,589,301,3158,631,24338,7332
"HER24L","HER24L_3B_98",40.7,7404.52,7.57,1,22750,64383,1.39,94,374,3107,1478,464,17027,206,1056,273,3331,843,26665,8207
"HER24L","HER24L_3B_99",40.8,7413.35,7.57,1,21472,59356,1.59,56,767,3072,811,393,14670,124,904,212,3307,903,24976,7295
"HER24L","HER24L_3B_100",40.9,7422.17,7.58,1,19387,53755,1.44,54,524,2611,635,399,13910,170,713,310,2553,863,22997,6833
"HER24L","HER24L_3B_101",41,7431,7.57,1,19863,54579,1.54,51,905,2651,617,384,13101,147,673,480,3020,842,23397,7219
"HER24L","HER24L_3B_102",41.1,7439.82,7.57,1,21426,61644,1.5,64,551,2907,907,500,18677,104,884,371,3136,882,24337,7309
"HER24L","HER24L_3B_103",41.2,7448.65,7.57,1,20726,55223,1.42,100,622,2437,706,321,12450,169,863,538,2998,737,24502,7159
"HER24L","HER24L_3B_104",41.3,7457.47,7.57,1,22504,60612,1.51,73,488,2508,871,357,14874,168,1288,408,2792,886,27140,7577
"HER24L","HER24L_3B_105",41.4,7466.3,7.56,1,23019,58444,1.35,53,368,1947,963,327,12094,296,1418,299,2660,902,28800,7492
"HER24L","HER24L_3B_106",41.5,7475.12,7.56,1,24651,62763,1.41,83,351,1972,716,326,11830,181,1639,312,2656,855,33003,7869
"HER24L","HER24L_3B_107",41.6,7483.95,7.56,1,27262,70091,1.42,100,222,2034,795,319,12820,187,2063,399,2990,1229,37427,8459
"HER24L","HER24L_3B_108",41.7,7492.77,7.56,1,29661,76734,1.43,112,263,2005,820,365,13739,208,2614,63,2825,1029,42949,8894
"HER24L","HER24L_3B_109",41.8,7501.6,7.57,1,32248,78997,1.4,88,160,1571,457,254,10312,192,3497,214,2202,1308,48690,8969
"HER24L","HER24L_3B_110",41.9,7510.42,7.58,1,34392,80058,1.39,114,118,1236,394,156,6349,279,4499,90,1653,1923,53433,9019
"HER24L","HER24L_3B_111",42,7519.25,7.57,1,35216,80813,1.21,114,83,995,716,144,4499,279,4869,10,1384,1359,56099,9071
"HER24L","HER24L_3B_112",42.1,7528.07,7.57,1,35426,79674,1.32,82,40,900,240,54,3325,221,5089,0,1295,1480,57197,8966
"HER24L","HER24L_3B_113",42.2,7536.89,7.57,1,35519,79829,1.11,117,42,827,247,78,2512,300,4950,0,1567,1353,57640,8928
"HER24L","HER24L_3B_114",42.3,7545.72,7.55,1,35706,80138,1.37,87,111,843,487,67,2672,255,4953,0,1376,1353,57979,8837
"HER24L","HER24L_3B_115",42.4,7554.54,7.55,1,35898,78233,1.44,101,55,753,203,54,1476,268,4916,0,1235,1106,58343,8834
"HER24L","HER24L_3B_116",42.5,7563.37,7.56,1,35965,77913,1.6,86,35,711,194,26,798,259,4843,249,1094,1255,58526,8742
"HER24L","HER24L_3B_117",42.6,7572.19,7.56,1,36162,78605,1.25,96,54,809,203,31,862,187,4801,112,1101,1414,59346,8702
"HER24L","HER24L_3B_118",42.7,7581.02,7.56,1,36163,77914,1.3,128,35,754,187,50,1260,196,4842,95,1158,1165,58360,9051
"HER24L","HER24L_3B_119",42.8,7589.84,7.57,1,36280,77660,1.43,111,48,814,177,35,642,201,4835,80,1001,1384,58530,9086
"HER24L","HER24L_3B_120",42.9,7598.67,7.56,1,36216,77628,1.39,119,36,811,203,36,825,159,4651,0,1285,1173,58275,8851
"HER24L","HER24L_3B_121",43,7607.49,7.57,1,36138,77662,1.45,86,19,800,237,0,492,210,4467,0,1106,1391,59304,8882
"HER24L","HER24L_3B_122",43.1,7616.32,7.55,1,36156,77653,1.21,98,16,803,228,21,490,269,4576,0,1236,1288,59122,8691
"HER24L","HER24L_3B_123",43.2,7625.14,7.54,1,36232,77770,1.34,135,53,792,175,41,569,177,4498,0,1133,1226,59023,9226
"HER24L","HER24L_3B_124",43.3,7633.97,7.53,1,36053,76224,1.41,102,48,769,242,5,337,125,4639,69,1172,1117,58001,8537
"HER24L","HER24L_3B_125",43.4,7642.79,7.52,1,35806,75627,1.32,123,45,759,134,0,307,202,4417,0,1086,1292,57818,8740
"HER24L","HER24L_3B_126",43.5,7651.62,7.5,1,36088,76189,1.31,67,37,647,169,0,241,231,4459,0,913,1285,58211,8800
"HER24L","HER24L_3B_127",43.6,7660.44,7.48,1,35944,77055,1.28,99,11,664,143,16,246,194,4211,0,937,1458,59542,8933
"HER24L","HER24L_3B_128",43.7,7669.27,7.48,1,36032,76869,1.35,101,35,650,143,39,305,120,4475,0,1168,1136,58938,8676
"HER24L","HER24L_3B_129",43.8,7678.09,7.49,1,36163,76980,1.42,93,40,578,172,15,314,241,4324,0,955,1383,59275,8952
"HER24L","HER24L_3B_130",43.9,7686.91,7.5,1,36270,77462,1.24,67,18,684,142,18,305,149,4542,80,1074,1257,59286,8990
"HER24L","HER24L_3B_131",44,7695.74,7.5,1,36254,76012,1.36,91,35,678,128,20,231,220,4230,0,829,1365,58642,8926
"HER24L","HER24L_3B_132",44.1,7704.56,7.51,1,35994,76756,1.43,84,39,659,151,23,258,206,4265,0,947,1238,58868,8861
"HER24L","HER24L_3B_133",44.2,7713.39,7.51,1,36213,76686,1.3,108,41,605,143,11,339,221,4199,0,1057,1087,59147,8853
"HER24L","HER24L_3B_134",44.3,7722.21,7.51,1,36416,77790,1.22,119,26,632,110,30,270,236,4254,0,877,1423,59878,9017
"HER24L","HER24L_3B_135",44.4,7731.04,7.51,1,36451,77256,1.45,99,51,710,138,53,312,223,4244,0,946,1422,59312,8942
"HER24L","HER24L_3B_136",44.5,7739.86,7.51,1,35758,76504,1.4,106,34,628,125,0,243,248,4128,0,1021,1314,58902,8761
"HER24L","HER24L_3B_137",44.6,7748.69,7.52,1,35937,76009,1.66,100,42,647,135,23,279,191,3888,35,963,1328,58954,8890
"HER24L","HER24L_3B_138",44.7,7757.51,7.5,1,36055,76438,1.35,100,6,635,129,38,322,204,3590,0,948,1411,59343,9147
"HER24L","HER24L_3B_139",44.8,7766.34,7.5,1,36198,76476,1.27,76,35,621,155,0,240,229,4017,0,857,1335,59492,8783
"HER24L","HER24L_3B_140",44.9,7775.16,7.5,1,35963,75274,1.3,94,25,614,114,0,236,169,3687,97,900,1206,58609,8847
"HER24L","HER24L_3B_141",45,7783.99,7.5,1,35920,76341,1.28,74,15,602,111,13,205,257,4085,65,938,1155,59230,8768
"HER24L","HER24L_3B_142",45.1,7789.38,7.5,1,35603,75524,1.23,62,6,493,142,5,146,170,3738,0,756,1287,58856,8835
"HER24L","HER24L_3B_143",45.2,7794.77,7.49,1,35769,76543,1.27,70,30,539,127,31,467,220,3807,90,910,1253,59142,8956
"HER24L","HER24L_3B_144",45.3,7800.16,7.48,1,36046,79440,1.45,118,32,534,124,30,3150,258,3834,41,923,1316,58901,8811
"HER24L","HER24L_3B_145",45.4,7805.55,7.49,1,36066,79378,1.38,105,48,542,135,0,3780,209,3842,10,1063,1153,58758,8791
"HER24L","HER24L_3B_146",45.5,7810.95,7.49,1,35850,76031,1.69,98,30,644,172,33,584,181,3873,42,996,1341,58357,9156
"HER24L","HER24L_3B_147",45.6,7816.34,7.49,1,35821,76436,1.49,99,29,637,102,8,399,214,4032,0,973,1160,59205,8785
"HER24L","HER24L_3B_148",45.7,7821.73,7.5,1,36017,77438,1.42,112,41,602,157,18,1021,110,3856,0,1032,1392,59259,8883
"HER24L","HER24L_3B_149",45.8,7827.12,7.5,1,36116,76982,1.14,85,17,721,149,15,272,204,3869,0,1076,1195,59344,8834
"HER24L","HER24L_3B_150",45.9,7832.51,7.5,1,36124,76920,1.48,142,35,775,157,22,313,235,3733,73,1072,1411,59201,8876
"HER24L","HER24L_3B_151",46,7837.9,7.51,1,35787,76271,1.29,106,23,694,142,12,270,159,3905,0,985,1411,58666,8913
"HER24L","HER24L_3B_152",46.1,7843.3,7.5,1,35778,76491,1.56,92,25,685,138,6,253,225,4032,0,1032,1486,59104,8929
"HER24L","HER24L_3B_153",46.2,7848.69,7.5,1,35781,76301,1.47,105,30,726,97,18,581,175,3851,0,906,1125,59048,8999
"HER24L","HER24L_3B_154",46.3,7854.08,7.5,1,36013,77174,1.5,92,37,685,155,23,464,223,3930,0,944,1519,59440,8869
"HER24L","HER24L_3B_155",46.4,7859.47,7.49,1,36240,77224,1.52,118,38,668,138,24,418,175,3846,0,834,1351,59969,8886
"HER24L","HER24L_3B_156",46.5,7864.86,7.48,1,35836,75912,1.54,114,17,704,137,16,286,218,3576,73,965,1373,58941,8989
"HER24L","HER24L_3B_157",46.6,7870.25,7.49,1,35847,76059,1.55,93,27,575,120,7,307,189,3496,0,742,1480,59448,9095
"HER24L","HER24L_3B_158",46.7,7875.65,7.48,1,36127,76268,1.47,103,20,711,147,50,340,144,3558,0,937,1373,59516,8807
"HER24L","HER24L_3B_159",46.8,7881.04,7.47,1,35994,77511,1.33,125,20,717,115,36,574,213,3705,0,1026,1298,59543,8985
"HER24L","HER24L_3B_160",46.9,7886.43,7.47,1,35810,76307,1.48,119,18,684,83,0,700,220,3523,0,705,1338,59082,8932
"HER24L","HER24L_3B_161",47,7891.82,7.46,1,35694,76683,1.47,115,16,645,117,0,1040,230,3632,0,1133,1417,59208,8674
"HER24L","HER24L_3B_162",47.1,7897.21,7.45,1,35684,76503,1.2,103,21,610,124,9,891,212,3689,7,983,1354,58630,9018
"HER24L","HER24L_3B_163",47.2,7902.6,7.44,1,35484,75285,1.4,100,15,595,89,0,1081,165,3610,0,627,1342,58190,8963
"HER24L","HER24L_3B_164",47.3,7908,7.43,1,35528,75667,1.42,84,31,583,72,32,1194,228,3406,0,725,1345,58536,8750
"HER24L","HER24L_3B_165",47.4,7913.39,7.4,1,35746,76403,1.27,113,7,607,98,27,1476,185,3679,0,829,1209,58353,8711
"HER24L","HER24L_3B_166",47.5,7918.78,7.4,1,35279,75065,1.6,109,37,525,110,0,754,202,3354,63,725,1193,58500,8724
"HER24L","HER24L_3B_167",47.6,7924.17,7.4,1,35110,74440,1.4,96,13,595,114,0,616,184,3252,65,671,1369,58248,8470
"HER24L","HER24L_3B_168",47.7,7929.56,7.4,1,35026,74170,1.5,104,0,534,105,0,877,222,3329,0,736,1301,57589,8640
"HER24L","HER24L_3B_169",47.8,7934.95,7.4,1,35150,74717,1.34,85,0,548,95,0,858,252,3323,0,1079,1263,57760,8499
"HER24L","HER24L_3B_170",47.9,7940.35,7.39,1,35466,75594,1.17,93,34,578,112,14,1435,164,3361,0,729,1316,58342,8991
"HER24L","HER24L_3B_171",48,7945.74,7.39,1,35581,77462,1.52,111,51,595,118,12,2829,227,3517,0,975,1269,58070,8732
"HER24L","HER24L_3B_172",48.1,7951.13,7.39,1,35634,78074,1.32,111,25,656,108,32,2619,210,3654,44,942,1332,58725,8909
"HER24L","HER24L_3B_173",48.2,7956.52,7.4,1,35463,77120,1.41,108,22,567,75,0,2628,228,3381,0,550,1268,58481,8545
"HER24L","HER24L_3B_174",48.3,7961.91,7.39,1,35716,78342,1.56,102,33,602,94,6,3639,202,3549,17,633,1227,58459,8952
"HER24L","HER24L_3B_175",48.4,7967.3,7.38,1,35811,79150,1.47,104,27,614,80,0,4060,187,3452,0,763,1407,58495,9071
"HER24L","HER24L_3B_176",48.5,7972.7,7.38,1,35761,78056,1.2,115,20,545,85,16,3256,201,3597,0,726,1307,58590,8787
"HER24L","HER24L_3B_177",48.6,7978.09,7.38,1,35577,76242,1.27,108,19,583,97,0,1985,222,3499,0,864,1316,58114,8762
"HER24L","HER24L_3B_178",48.7,7983.48,7.38,1,35677,75781,1.43,116,31,608,88,36,1409,157,3278,0,769,1201,58738,8655
"HER24L","HER24L_3B_179",48.8,7988.87,7.38,1,35592,76549,1.33,54,0,610,66,0,1459,228,3325,0,864,1484,58769,8872
"HER24L","HER24L_3B_180",48.9,7994.26,7.39,1,35866,76059,1.25,83,22,617,57,0,760,226,3402,95,941,1321,59068,8813
"HER24L","HER24L_3B_181",49,7999.65,7.38,1,36308,77029,1.49,112,16,687,118,31,776,201,3604,0,815,1360,59872,8701
"HER24L","HER24L_3B_182",49.1,8005.05,7.39,1,36351,75843,1.45,103,31,626,85,0,277,219,3628,0,677,1444,59204,8977
"HER24L","HER24L_3B_183",49.2,8010.44,7.39,1,35836,75615,1.31,104,9,652,89,13,168,211,3618,0,773,1411,59175,8640
"HER24L","HER24L_3B_184",49.3,8015.83,7.38,1,35709,74605,1.29,54,18,597,92,0,195,205,3484,0,709,1433,58824,8478
"HER24L","HER24L_3B_185",49.4,8021.22,7.38,1,35665,75579,1.46,115,16,584,87,0,198,267,3599,0,905,1343,59023,8844
"HER24L","HER24L_3B_186",49.5,8026.61,7.38,1,36026,76390,1.28,98,23,646,114,13,202,201,3525,213,868,1411,59460,8740
"HER24L","HER24L_3B_187",49.6,8032,7.37,1,35848,75567,1.21,87,13,614,106,15,341,154,3218,202,876,1565,58659,8829
"HER24L","HER24L_3B_188",49.7,8037.4,7.37,1,34876,73740,1.32,100,11,442,74,29,313,186,3162,0,665,1329,58082,8713
"HER24L","HER24L_3B_189",49.8,8042.79,7.37,1,35443,74908,1.37,113,28,565,90,0,225,211,3199,0,741,1287,58907,8987
"HER24L","HER24L_3B_190",49.9,8048.18,7.37,1,35390,74355,1.46,75,24,551,86,16,174,207,3197,27,873,1195,58438,8821
"HER24L","HER24L_3B_191",50,8053.57,7.38,1,35574,74835,1.66,111,23,531,82,7,212,189,3443,0,911,1067,58820,8793
"HER24L","HER24L_3B_192",50.1,8059.29,7.38,1,35600,74564,1.35,121,0,538,61,0,203,244,3076,0,720,1277,58842,8657
"HER24L","HER24L_3B_193",50.2,8065.01,7.38,1,35496,74392,1.23,99,23,556,51,9,154,232,3185,5,885,1318,58164,8875
"HER24L","HER24L_3B_194",50.3,8070.73,7.38,1,35537,74872,1.33,105,32,534,83,0,142,223,3096,0,650,1445,58954,8753
"HER24L","HER24L_3B_195",50.4,8076.44,7.38,1,35778,74840,1.52,91,15,498,97,0,197,171,3219,68,634,1354,58502,8809
"HER24L","HER24L_3B_196",50.5,8082.16,7.38,1,35675,74813,1.28,85,20,525,53,14,164,212,3326,0,728,1268,58721,8968
"HER24L","HER24L_3B_197",50.6,8087.88,7.38,1,35821,74878,1.29,73,18,480,71,0,138,146,3203,0,755,1345,58842,8989
"HER24L","HER24L_3B_198",50.7,8093.6,7.37,1,35706,76161,1.39,79,22,523,70,7,181,238,3257,0,858,1443,59339,9193
"HER24L","HER24L_3B_199",50.8,8099.32,7.38,1,35587,75794,1.55,102,23,574,86,24,146,165,3229,184,826,1404,59307,8925
"HER24L","HER24L_3B_200",50.9,8105.04,7.37,1,35782,75419,1.47,142,22,524,74,33,205,208,3283,0,645,1420,59191,9031
"HER24L","HER24L_3B_201",51,8110.75,7.37,1,35662,75069,1.43,115,23,500,95,9,174,153,3101,0,802,1361,59024,8852
"HER24L","HER24L_3B_202",51.1,8116.47,7.38,1,35616,75587,1.32,90,38,535,70,17,200,199,2939,0,655,1228,59585,9021
"HER24L","HER24L_3B_203",51.2,8122.19,7.38,1,35752,75847,1.17,86,14,517,68,7,229,194,3268,141,819,1370,59518,9023
"HER24L","HER24L_3B_204",51.3,8127.91,7.38,1,35951,75707,1.5,80,25,487,50,9,157,199,3352,0,901,1487,59410,8922
"HER24L","HER24L_3B_205",51.4,8133.63,7.38,1,36118,75475,1.33,87,38,540,76,0,271,191,3172,0,564,1242,59606,8884
"HER24L","HER24L_3B_206",51.5,8139.35,7.39,1,36010,76309,1.43,116,33,540,73,0,811,226,3393,7,871,1193,59269,9000
"HER24L","HER24L_3B_207",51.6,8145.06,7.38,1,35975,75989,1.39,99,15,554,59,0,633,231,3151,0,705,1209,59578,8951
"HER24L","HER24L_3B_208",51.7,8150.78,7.38,1,35972,75560,1.23,126,13,578,87,24,606,274,3380,0,898,1227,58812,8840
"HER24L","HER24L_3B_209",51.8,8156.5,7.38,1,35792,75520,1.45,92,35,574,82,19,381,164,3091,0,911,1182,59007,9110
"HER24L","HER24L_3B_210",51.9,8162.22,7.38,1,35821,76439,1.46,106,4,440,71,7,362,200,3334,0,835,1083,60036,8936
"HER24L","HER24L_3B_211",52,8167.94,7.38,1,36039,75188,1.52,98,23,533,70,6,375,238,3231,0,715,1302,59156,8759
"HER24L","HER24L_3B_212",52.1,8173.66,7.38,1,36342,75863,1.32,112,33,541,82,22,412,211,3402,201,780,1107,59303,8861
"HER24L","HER24L_3B_213",52.2,8179.37,7.37,1,36187,76144,1.36,98,10,554,68,0,590,220,3232,100,878,1192,59966,8797
"HER24L","HER24L_3B_214",52.3,8185.09,7.36,1,36226,76693,1.46,86,31,515,85,30,408,184,3288,16,654,1597,60012,9017
"HER24L","HER24L_3B_215",52.4,8190.81,7.36,1,35994,76670,1.32,107,32,504,83,24,665,165,3331,69,718,1451,59746,9157
"HER24L","HER24L_3B_216",52.5,8196.53,7.36,1,36526,76702,1.43,89,45,575,69,0,1117,216,3304,0,698,1203,59832,8989
"HER24L","HER24L_3B_217",52.6,8202.25,7.36,1,36346,76302,1.42,106,27,581,30,34,828,202,3387,99,740,1426,59235,8840
"HER24L","HER24L_3B_218",52.7,8207.96,7.35,1,36288,77267,1.39,112,26,547,75,0,298,221,3390,39,794,1500,60255,9264
"HER24L","HER24L_3B_219",52.8,8213.68,7.35,1,36500,75666,1.58,97,12,545,98,0,306,231,3449,0,542,1303,59539,8822
"HER24L","HER24L_3B_220",52.9,8219.4,7.35,1,36221,75933,1.43,104,26,565,86,17,172,183,3397,26,726,1334,59817,8959
"HER24L","HER24L_3B_221",53,8225.12,7.36,1,35992,75403,1.3,105,25,494,42,0,185,218,3349,35,680,1393,59214,8949
"HER24L","HER24L_3B_222",53.1,8230.84,7.37,1,36284,76309,1.31,62,20,465,33,0,174,231,3240,0,730,1447,59976,9043
"HER24L","HER24L_3B_223",53.2,8236.56,7.37,1,36476,76706,1.33,99,29,533,43,15,180,145,3339,0,840,1179,60486,9049
"HER24L","HER24L_3B_224",53.3,8242.27,7.38,1,36460,76349,1.65,115,11,568,45,5,315,232,3244,44,778,1259,60052,9140
"HER24L","HER24L_3B_225",53.4,8247.99,7.39,1,36862,77943,1.28,120,29,533,79,24,429,141,3305,57,820,1384,60956,9235
"HER24L","HER24L_3B_226",53.5,8253.71,7.39,1,36810,77943,1.61,119,20,601,81,0,1276,203,3575,74,704,1319,59865,9141
"HER24L","HER24L_3B_227",53.6,8259.43,7.4,1,36664,77752,1.23,91,23,638,85,25,2722,142,3491,0,772,1238,59094,8643
"HER24L","HER24L_3B_228",53.7,8265.15,7.4,1,36445,77908,1.48,113,40,520,30,0,2032,174,3262,0,856,1230,59816,8926
"HER24L","HER24L_3B_229",53.8,8270.87,7.39,1,36584,78980,1.34,91,28,562,62,0,3493,234,3191,31,573,1283,59731,9112
"HER24L","HER24L_3B_230",53.9,8276.58,7.38,1,36627,79173,1.69,98,8,534,86,22,4386,204,3016,10,673,1268,59022,8989
"HER24L","HER24L_3B_231",54,8282.3,7.37,1,36349,80511,1.37,126,16,471,78,18,4920,223,3383,153,553,1543,59008,8984
"HER24L","HER24L_3B_232",54.1,8288.02,7.37,1,36142,79593,1.41,125,25,467,81,0,5723,177,3169,73,662,1163,57910,8744
"HER24L","HER24L_3B_233",54.2,8293.74,7.36,1,36338,83413,1.46,143,31,438,69,18,9533,200,3175,0,678,1443,58409,8638
"HER24L","HER24L_3B_234",54.3,8299.46,7.36,1,36232,85900,1.61,127,27,510,82,39,11865,235,3243,0,612,1205,57674,8894
"HER24L","HER24L_3B_235",54.4,8305.18,7.36,1,36265,84157,1.39,144,8,478,62,24,12311,161,3353,12,432,1002,56968,8576
"HER24L","HER24L_3B_236",54.5,8310.89,7.35,1,35613,78783,1.52,123,32,516,20,50,5703,164,2965,0,493,1335,57623,9025
"HER24L","HER24L_3B_237",54.6,8316.61,7.36,1,35303,77381,1.54,100,17,419,36,11,4606,233,2955,0,705,1169,57338,8824
"HER24L","HER24L_3B_238",54.7,8322.33,7.38,1,35180,76663,1.31,76,15,466,18,0,3819,151,3000,0,539,1381,57640,8906
"HER24L","HER24L_3B_239",54.8,8328.05,7.39,1,35483,77992,1.38,85,30,459,69,14,3447,188,3187,0,662,1525,58373,9045
"HER24L","HER24L_3B_240",54.9,8333.77,7.4,1,36157,78994,1.28,109,10,453,14,11,4059,226,3107,0,660,1209,59045,9051
"HER24L","HER24L_3B_241",55,8339.49,7.43,1,36465,81851,1.39,170,27,766,63,6,6692,200,2813,0,863,1309,59081,9165
"HER24L","HER24L_3B_242",55.1,8345.01,7.45,1,36693,80010,1.35,170,19,668,63,32,4579,161,3045,0,761,1181,59631,8695
"HER24L","HER24L_3B_243",55.2,8350.54,7.46,1,36583,80834,1.37,128,43,546,37,0,6560,143,3386,0,781,1243,58141,8860
"HER24L","HER24L_3B_244",55.3,8356.07,7.45,1,36459,82192,1.38,124,25,494,73,27,7915,220,3061,47,682,1209,58712,8700
"HER24L","HER24L_3B_245",55.4,8361.59,7.44,1,36339,79207,1.4,122,38,569,60,9,5710,201,2938,0,736,1148,57812,8996
"HER24L","HER24L_3B_246",55.5,8367.12,7.44,1,36003,77551,1.65,105,41,524,23,0,3571,192,2826,50,557,1338,58474,9073
"HER24L","HER24L_3B_247",55.6,8372.64,7.44,1,36242,78007,1.62,124,26,466,21,0,3876,224,3375,0,611,1242,58370,8943
"HER24L","HER24L_3B_248",55.7,8378.17,7.43,1,36396,80145,1.71,119,7,489,63,0,5878,224,3140,0,635,1108,58658,8875
"HER24L","HER24L_3B_249",55.8,8383.7,7.43,1,36218,80049,1.36,124,6,521,48,39,5987,188,3188,35,576,1294,58175,8819
"HER24L","HER24L_3B_250",55.9,8389.22,7.43,1,36220,78842,1.39,130,26,497,55,28,6202,215,2935,0,657,925,57751,8763
"HER24L","HER24L_3B_251",56,8394.75,7.43,1,36542,88042,1.45,141,21,484,71,34,14636,220,3247,0,686,1370,57663,8724
"HER24L","HER24L_3B_252",56.1,8400.28,7.43,1,36573,87897,1.46,117,16,472,53,5,15402,239,3009,0,639,1281,56966,8873
"HER24L","HER24L_3B_253",56.2,8405.8,7.42,1,36310,86547,1.37,128,8,454,94,47,13172,212,2981,0,630,1359,57871,8829
"HER24L","HER24L_3B_254",56.3,8411.33,7.42,1,36183,82068,1.37,104,19,432,53,0,8602,173,2974,0,516,1320,58006,8963
"HER24L","HER24L_3B_255",56.4,8416.86,7.41,1,36073,82877,1.44,73,14,534,49,0,9710,229,2894,0,453,1373,57844,8856
"HER24L","HER24L_3B_256",56.5,8422.38,7.4,1,36432,83972,1.45,90,7,423,62,0,10904,193,3079,0,793,1126,57768,8683
"HER24L","HER24L_3B_257",56.6,8427.91,7.39,1,36290,82998,1.44,111,32,480,29,27,10557,227,2793,24,464,1303,57355,9007
"HER24L","HER24L_3B_258",56.7,8433.44,7.38,1,36403,83725,1.38,113,24,451,33,41,10838,253,2886,80,526,1311,57549,8816
"HER24L","HER24L_3B_259",56.8,8438.96,7.36,1,36287,83745,1.4,123,14,504,29,30,10688,216,3109,0,480,1237,57760,8674
"HER24L","HER24L_3B_260",56.9,8444.49,7.35,1,36016,80632,1.43,93,31,505,34,11,7152,178,3276,0,774,1269,57662,8700
"HER24L","HER24L_3B_261",57,8450.02,7.34,1,36068,82082,1.4,113,23,479,42,12,8707,165,3031,0,565,1309,57738,8949
"HER24L","HER24L_3B_262",57.1,8455.54,7.34,1,35754,79176,1.34,100,37,455,23,8,6662,156,3014,0,524,1197,57342,8825
"HER24L","HER24L_3B_263",57.2,8461.07,7.34,1,35758,79009,1.32,131,22,509,35,9,5863,244,3082,127,573,1374,57455,8713
"HER24L","HER24L_3B_264",57.3,8466.6,7.34,1,35777,79298,1.22,90,0,475,38,0,6091,191,2987,165,455,1279,57817,8785
"HER24L","HER24L_3B_265",57.4,8472.12,7.34,1,35770,77883,1.27,89,13,458,72,9,5992,241,3027,0,381,1088,57187,8522
"HER24L","HER24L_3B_266",57.5,8477.65,7.34,1,35784,76810,1.37,75,47,453,77,0,4087,208,3070,0,472,1369,57444,8853
"HER24L","HER24L_3B_267",57.6,8483.18,7.34,1,35711,78122,1.28,104,22,460,4,4,3539,249,2966,52,703,1453,58468,9110
"HER24L","HER24L_3B_268",57.7,8488.7,7.35,1,36115,78262,1.28,116,16,473,57,0,3329,213,3181,161,601,1419,59070,8773
"HER24L","HER24L_3B_269",57.8,8494.23,7.35,1,36322,78080,1.47,129,28,501,52,0,3376,182,3218,0,674,1308,58835,8890
"HER24L","HER24L_3B_270",57.9,8499.76,7.36,1,36327,78252,1.51,135,35,573,36,35,3333,205,3060,44,659,1077,59254,8811
"HER24L","HER24L_3B_271",58,8505.28,7.36,1,36403,80296,1.43,107,0,520,33,0,6365,211,3198,0,647,1279,58271,8871
"HER24L","HER24L_3B_272",58.1,8510.81,7.37,1,36072,81390,1.57,138,20,479,36,24,8776,204,2596,57,696,1050,57650,8684
"HER24L","HER24L_3B_273",58.2,8516.34,7.37,1,35985,79759,1.35,125,10,528,33,13,6778,171,2922,0,503,1493,57750,8759
"HER24L","HER24L_3B_274",58.3,8521.86,7.37,1,35784,78221,1.26,105,17,531,39,7,5098,259,2943,0,459,1265,57894,8678
"HER24L","HER24L_3B_275",58.4,8527.39,7.37,1,35661,78184,1.35,130,7,458,48,0,4983,187,2705,0,578,1269,58316,8850
"HER24L","HER24L_3B_276",58.5,8532.92,7.37,1,35446,77612,1.36,99,16,488,38,23,3813,252,2826,102,631,1188,58424,8992
"HER24L","HER24L_3B_277",58.6,8538.44,7.37,1,35814,78210,1.33,82,9,442,35,36,3982,208,2950,22,715,1421,58643,8935
"HER24L","HER24L_3B_278",58.7,8543.97,7.37,1,36314,80114,1.53,100,0,483,60,18,5842,208,2880,0,761,1350,58986,8571
"HER24L","HER24L_3B_279",58.8,8549.5,7.38,1,36232,80441,1.42,116,52,513,17,5,6359,247,2948,0,635,1490,58797,8695
"HER24L","HER24L_3B_280",58.9,8555.02,7.38,1,35798,77500,1.32,104,37,512,43,40,3952,218,2777,0,651,1251,58352,8785
"HER24L","HER24L_3B_281",59,8560.55,7.38,1,35891,77505,1.33,89,0,517,80,0,2757,174,2820,75,434,1627,59250,9075
"HER24L","HER24L_3B_282",59.1,8566.08,7.38,1,35949,77770,1.46,109,32,468,67,14,3676,193,2874,0,529,1400,58874,8847
"HER24L","HER24L_3B_283",59.2,8571.6,7.38,1,35874,78022,1.32,87,32,493,35,0,4356,175,2744,0,655,1289,58348,8878
"HER24L","HER24L_3B_284",59.3,8577.13,7.37,1,35731,77465,1.54,99,20,495,52,0,4318,156,2754,41,760,1231,58165,8740
"HER24L","HER24L_3B_285",59.4,8582.66,7.36,1,35845,78980,1.39,94,30,499,17,0,5006,181,2948,18,509,1190,58937,8994
"HER24L","HER24L_3B_286",59.5,8588.18,7.36,1,35763,79904,1.37,111,18,423,58,6,5451,215,3054,21,849,1605,58622,8701
"HER24L","HER24L_3B_287",59.6,8593.71,7.35,1,35672,77029,1.42,118,25,473,47,19,3401,169,2668,0,513,1421,58556,8824
"HER24L","HER24L_3B_288",59.7,8599.24,7.34,1,35643,76396,1.58,147,16,448,46,31,3162,195,2794,0,440,1368,58523,8609
"HER24L","HER24L_3B_289",59.8,8604.76,7.33,1,35536,78758,1.3,104,23,561,0,20,4768,228,2797,27,749,1274,58107,9107
"HER24L","HER24L_3B_290",59.9,8610.29,7.32,1,35160,77965,1.5,113,34,537,35,31,4981,194,2690,0,717,1188,57738,8788
"HER24L","HER24L_3B_291",60,8615.81,7.31,1,35009,76453,1.36,115,24,553,34,0,4116,186,2462,19,776,1354,57221,8813
"HER24L","HER24L_3B_292",60.1,8621.44,7.3,1,35174,77411,1.4,104,29,426,54,0,4155,178,2517,0,700,1350,57952,8765
"HER24L","HER24L_3B_293",60.2,8627.07,7.28,1,35178,76899,1.44,108,5,462,52,13,4045,200,2653,0,676,1161,57692,8730
"HER24L","HER24L_3B_294",60.3,8632.7,7.27,1,35447,77143,1.4,92,18,455,39,0,3760,217,2735,21,686,1113,58571,8841
"HER24L","HER24L_3B_295",60.4,8638.33,7.28,1,35179,76280,1.31,94,43,440,48,16,3080,185,2606,0,716,1387,57871,8823
"HER24L","HER24L_3B_296",60.5,8643.95,7.28,1,35266,75379,1.39,99,0,524,50,10,2562,239,2704,0,549,1392,57511,8949
"HER24L","HER24L_3B_297",60.6,8649.58,7.28,1,35227,76040,1.32,104,19,516,27,9,2773,220,2584,0,556,1075,58113,8854
"HER24L","HER24L_3B_298",60.7,8655.21,7.28,1,35218,76023,1.64,95,39,512,52,27,3062,188,2577,0,773,1338,57759,8775
"HER24L","HER24L_3B_299",60.8,8660.84,7.29,1,35229,77454,1.29,101,18,497,45,0,4774,251,2692,0,567,1279,57563,8707
"HER24L","HER24L_3B_300",60.9,8666.47,7.29,1,35218,77501,1.39,111,21,517,29,19,4369,203,2686,0,564,1119,57774,9047
"HER24L","HER24L_3B_301",61,8672.09,7.29,1,34939,74989,1.48,61,26,472,18,45,3058,198,2671,0,500,1166,57326,8673
"HER24L","HER24L_3B_302",61.1,8677.72,7.29,1,35153,75717,1.59,120,26,446,63,13,3237,168,2679,84,529,1330,57829,8614
"HER24L","HER24L_3B_303",61.2,8683.35,7.3,1,35248,75929,1.33,95,13,454,32,0,3492,269,2542,39,489,1404,57702,8645
"HER24L","HER24L_3B_304",61.3,8688.98,7.31,1,35405,76007,1.26,101,31,465,22,11,2602,237,2703,0,641,1403,58276,8592
"HER24L","HER24L_3B_305",61.4,8694.61,7.33,1,35472,78270,1.45,108,10,459,13,9,4954,188,2831,0,746,1174,58033,8890
"HER24L","HER24L_3B_306",61.5,8700.23,7.34,1,35664,80006,1.47,109,33,491,56,17,5792,177,2656,0,740,1261,58843,8858
"HER24L","HER24L_3B_307",61.6,8705.86,7.35,1,35456,78285,1.44,103,14,422,69,35,4430,198,2704,98,596,1206,58695,8805
"HER24L","HER24L_3B_308",61.7,8711.49,7.35,1,35536,77848,1.43,70,0,430,22,0,4476,181,2758,12,563,1254,58565,8591
"HER24L","HER24L_3B_309",61.8,8717.12,7.36,1,35383,76297,1.21,77,17,476,21,16,2746,221,2904,0,581,1302,58344,8855
"HER24L","HER24L_3B_310",61.9,8722.75,7.35,1,35438,74401,1.14,86,25,571,18,20,1319,121,3035,0,504,1244,58281,8805
"HER24L","HER24L_3B_311",62,8728.37,7.35,1,35356,74979,1.32,98,28,471,40,18,552,161,3007,0,838,1116,59064,8792
"HER24L","HER24L_3B_312",62.1,8734,7.34,1,35730,75366,1.29,97,37,569,31,0,910,231,3330,0,584,1470,58739,8734
"HER24L","HER24L_3B_313",62.2,8739.63,7.34,1,35755,75605,1.25,103,18,545,44,0,794,180,3172,0,784,1334,59115,8885
"HER24L","HER24L_3B_314",62.3,8745.26,7.33,1,35633,73993,1.47,96,30,548,39,22,688,192,2993,0,557,1036,58601,8694
"HER24L","HER24L_3B_315",62.4,8750.89,7.33,1,35494,75128,1.24,104,22,523,44,15,791,162,3096,0,559,1380,59089,8633
"HER24L","HER24L_3B_316",62.5,8756.52,7.32,1,35430,75688,1.3,117,33,525,19,0,1698,216,2967,0,621,1239,58693,8957
"HER24L","HER24L_3B_317",62.6,8762.14,7.31,1,35515,77800,1.52,96,39,441,38,14,3318,209,3150,40,716,1361,58699,9057
"HER24L","HER24L_3B_318",62.7,8767.77,7.31,1,35502,76867,1.67,97,27,500,22,15,2068,189,3364,222,624,1364,58631,9010
"HER24L","HER24L_3B_319",62.8,8773.4,7.3,1,35560,75165,1.42,84,19,583,23,9,1109,239,3109,0,650,1407,58697,8879
"HER24L","HER24L_3B_320",62.9,8779.03,7.3,1,35442,75105,1.35,70,19,528,12,24,981,209,2988,83,663,1254,58638,8908
"HER24L","HER24L_3B_321",63,8784.66,7.28,1,35718,76304,1.49,116,32,527,34,0,1539,243,2783,0,693,1078,59271,9075
"HER24L","HER24L_3B_322",63.1,8790.28,7.25,1,35887,75318,1.33,74,22,492,0,0,1188,203,3152,0,537,1382,59119,8662
"HER24L","HER24L_3B_323",63.2,8795.91,7.23,1,36019,76360,1.38,122,14,549,6,0,1835,262,3066,11,731,1155,59050,8825
"HER24L","HER24L_3B_324",63.3,8801.54,7.22,1,35885,77991,1.32,100,17,478,59,0,2581,235,3239,43,713,1188,59207,8846
"HER24L","HER24L_3B_325",63.4,8807.17,7.21,1,35979,77403,1.41,118,31,484,20,0,2432,227,3136,0,503,1461,59260,8731
"HER24L","HER24L_3B_326",63.5,8812.8,7.22,1,36054,77428,1.4,135,31,500,0,7,2127,249,3254,0,741,1429,59413,8805
"HER24L","HER24L_3B_327",63.6,8818.42,7.23,1,36036,77828,1.58,131,31,474,40,41,2318,186,3048,0,721,1434,59476,9185
"HER24L","HER24L_3B_328",63.7,8824.05,7.23,1,35800,75058,1.38,107,23,473,14,8,1225,274,2938,0,395,1399,58822,8886
"HER24L","HER24L_3B_329",63.8,8829.68,7.23,1,35707,75786,1.31,107,18,465,0,0,1816,197,2929,0,610,1129,59017,8922
"HER24L","HER24L_3B_330",63.9,8835.31,7.23,1,35732,76906,1.43,99,28,482,46,22,2514,249,3041,0,632,1415,58948,8635
"HER24L","HER24L_3B_331",64,8840.94,7.23,1,35582,76480,1.44,102,30,502,36,11,2850,258,2778,26,402,1406,58609,8628
"HER24L","HER24L_3B_332",64.1,8846.56,7.24,1,35435,77377,1.28,95,26,511,23,0,2376,224,2952,23,634,1508,59271,8998
"HER24L","HER24L_3B_333",64.2,8852.19,7.23,1,35658,76613,1.52,131,45,503,68,37,1931,204,3108,0,719,1319,59111,8683
"HER24L","HER24L_3B_334",64.3,8857.82,7.23,1,35396,73937,1.3,69,13,525,33,16,1084,185,3116,0,524,1325,57995,8501
"HER24L","HER24L_3B_335",64.4,8863.45,7.23,1,35427,74899,1.6,79,10,499,47,0,999,234,2751,35,577,1355,58918,8937
"HER24L","HER24L_3B_336",64.5,8869.08,7.25,1,35697,77162,1.59,107,18,540,27,34,1453,230,2909,144,818,1526,59298,8721
"HER24L","HER24L_3B_337",64.6,8874.7,7.24,1,35767,76623,1.34,101,35,503,38,0,1461,222,3235,0,593,1195,59302,8984
"HER24L","HER24L_3B_338",64.7,8880.33,7.24,1,35653,75701,1.27,95,13,534,34,6,901,168,3093,0,611,1495,59196,8901
"HER24L","HER24L_3B_339",64.8,8885.96,7.25,1,35714,76995,1.54,118,26,531,31,35,888,184,3200,123,636,1413,59396,9145
"HER24L","HER24L_3B_340",64.9,8891.59,7.25,1,35468,74900,1.33,84,22,499,26,0,1102,246,3189,0,632,1289,58436,8771
"HER24L","HER24L_3B_341",65,8897.22,7.26,1,35341,74915,1.52,74,6,438,40,6,965,231,2947,0,693,1193,58403,8836
"HER24L","HER24L_3B_342",65.1,8901.08,7.27,1,35563,76420,1.29,76,16,456,83,0,941,180,2971,232,823,1560,59247,9107
"HER24L","HER24L_3B_343",65.2,8904.95,7.27,1,35706,75514,1.45,78,16,542,46,0,731,226,3065,13,740,1367,58870,8926
"HER24L","HER24L_3B_344",65.3,8908.81,7.29,1,35545,75036,1.54,91,28,497,22,19,540,164,3073,0,769,1487,58776,8857
"HER24L","HER24L_3B_345",65.4,8912.68,7.29,1,35643,76057,1.34,86,35,531,10,0,1245,209,3183,0,689,1311,59165,8726
"HER24L","HER24L_3B_346",65.5,8916.55,7.29,1,35340,75506,1.37,100,15,463,33,7,1831,255,2996,0,570,1250,58516,8566
"HER24L","HER24L_3B_347",65.6,8920.41,7.3,1,35681,77410,1.56,88,30,463,15,7,2572,214,3028,24,677,1117,59568,9062
"HER24L","HER24L_3B_348",65.7,8924.28,7.3,1,35771,76960,1.45,107,29,484,34,0,2026,270,3256,0,585,1298,58926,9095
"HER24L","HER24L_3B_349",65.8,8928.15,7.3,1,35425,75084,1.34,88,8,536,25,0,1388,126,2953,50,744,1384,58548,8552
"HER24L","HER24L_3B_350",65.9,8932.01,7.31,1,35146,75396,1.31,89,12,510,4,0,745,218,3193,60,602,1346,58782,8882
"HER24L","HER24L_3B_351",66,8935.88,7.31,1,35262,75382,1.5,91,31,506,36,23,627,216,3281,0,433,1427,59080,8985
"HER24L","HER24L_3B_352",66.1,8939.74,7.3,1,35207,74186,1.38,60,30,459,11,7,583,198,2945,113,739,1519,58202,8790
"HER24L","HER24L_3B_353",66.2,8943.61,7.29,1,35350,75630,1.5,99,0,517,26,0,540,195,3073,0,648,1556,59567,8737
"HER24L","HER24L_3B_354",66.3,8947.48,7.28,1,35422,75450,1.31,85,18,498,38,14,283,195,3117,21,633,1305,59254,8936
"HER24L","HER24L_3B_355",66.4,8951.34,7.26,1,35586,75988,1.56,103,23,483,60,22,316,220,3161,0,732,1607,59595,9008
"HER24L","HER24L_3B_356",66.5,8955.21,7.25,1,35610,74983,1.33,85,37,509,23,0,390,158,3170,0,642,1421,58990,8894
"HER24L","HER24L_3B_357",66.6,8959.08,7.25,1,35649,76013,1.5,86,15,592,21,0,521,178,3138,0,781,1432,59668,8831
"HER24L","HER24L_3B_358",66.7,8962.94,7.24,1,35925,77145,1.31,108,28,507,41,13,873,198,3103,0,773,1654,59548,9250
"HER24L","HER24L_3B_359",66.8,8966.81,7.24,1,35907,76242,1.26,79,30,514,17,0,1032,204,3258,0,734,1457,59402,8860
"HER24L","HER24L_3B_360",66.9,8970.67,7.23,1,35693,74835,1.4,96,48,521,32,14,1192,221,3044,0,682,1233,58823,8483
"HER24L","HER24L_3B_361",67,8974.54,7.23,1,35791,74953,1.49,95,49,564,8,0,795,214,3116,25,698,1128,58722,9024
"HER24L","HER24L_3B_362",67.1,8978.41,7.22,1,35647,75827,1.33,93,24,570,25,0,410,236,3031,0,614,1407,59678,8887
"HER24L","HER24L_3B_363",67.2,8982.27,7.22,1,35516,75787,1.46,91,23,543,35,5,627,215,3130,0,782,1472,59320,8735
"HER24L","HER24L_3B_364",67.3,8986.14,7.21,1,35408,74543,1.41,93,17,541,24,0,401,149,3192,0,712,1425,58767,8619
"HER24L","HER24L_3B_365",67.4,8990.01,7.21,1,35641,75406,1.42,74,19,456,30,0,417,208,3268,98,603,1274,59291,8815
"HER24L","HER24L_3B_366",67.5,8993.87,7.21,1,35716,75632,1.34,89,14,515,28,0,380,208,3150,0,576,1399,59679,8984
"HER24L","HER24L_3B_367",67.6,8997.74,7.21,1,35672,75700,1.42,96,16,536,4,0,577,233,3028,0,662,1311,59201,9369
"HER24L","HER24L_3B_368",67.7,9001.6,7.21,1,35645,75353,1.54,106,19,545,27,0,595,211,3016,0,647,1434,59145,8929
"HER24L","HER24L_3B_369",67.8,9005.47,7.21,1,35616,75157,1.27,83,20,523,34,0,734,170,3179,99,652,1269,59033,8811
"HER24L","HER24L_3B_370",67.9,9009.34,7.22,1,35649,75102,1.27,85,11,484,24,12,583,212,3013,0,638,1282,59195,8792
"HER24L","HER24L_3B_371",68,9013.2,7.22,1,35630,75084,1.5,68,0,522,50,0,281,103,3060,0,720,1357,59271,8942
"HER24L","HER24L_3B_372",68.1,9017.07,7.22,1,35557,73989,1.41,86,30,577,26,0,201,180,2955,0,770,1170,58444,8907
"HER24L","HER24L_3B_373",68.2,9020.94,7.22,1,35423,74693,1.7,94,24,575,16,26,198,165,3144,0,657,1334,59212,8770
"HER24L","HER24L_3B_374",68.3,9024.8,7.2,1,35501,74578,1.62,121,23,517,25,16,203,204,2782,0,590,1215,59179,8906
"HER24L","HER24L_3B_375",68.4,9028.67,7.19,1,35623,74919,1.32,96,24,520,42,0,814,182,2894,0,391,1282,59137,8730
"HER24L","HER24L_3B_376",68.5,9032.53,7.19,1,35646,76434,1.27,84,33,437,24,0,1659,222,2954,0,658,1193,59403,9001
"HER24L","HER24L_3B_377",68.6,9036.4,7.19,1,35789,76628,1.34,99,17,401,13,19,1638,241,3023,103,523,1392,59782,8593
"HER24L","HER24L_3B_378",68.7,9040.27,7.19,1,35769,76662,1.68,80,24,517,74,17,947,204,3093,71,648,1407,59844,8734
"HER24L","HER24L_3B_379",68.8,9044.13,7.21,1,35357,76186,1.29,88,28,491,41,0,604,218,3297,70,695,1245,59214,9003
"HER24L","HER24L_3B_380",68.9,9048,7.21,1,35781,75467,1.37,95,33,407,39,0,1193,171,3249,24,561,1369,58872,8756
"HER24L","HER24L_3B_381",69,9051.87,7.21,1,35576,76323,1.43,87,15,398,10,7,1437,203,3292,0,605,1383,59179,8910
"HER24L","HER24L_3B_382",69.1,9055.73,7.21,1,36023,77036,1.49,97,24,470,9,4,1339,243,3166,0,641,1242,59639,8997
"HER24L","HER24L_3B_383",69.2,9059.6,7.21,1,35973,77120,1.27,104,5,469,17,16,1114,144,3014,0,525,1433,60171,9103
"HER24L","HER24L_3B_384",69.3,9063.46,7.21,1,35740,76664,1.47,110,13,559,6,0,1868,205,3013,143,827,1474,58805,8740
"HER24L","HER24L_3B_385",69.4,9067.33,7.2,1,35679,75066,1.29,66,47,536,49,5,1053,218,2951,0,519,1274,59043,8788
"HER24L","HER24L_3B_386",69.5,9071.2,7.19,1,35548,75222,1.4,118,29,550,22,0,536,205,3010,0,590,1294,59212,8844
"HER24L","HER24L_3B_387",69.6,9075.06,7.19,1,35452,73723,1.32,71,17,526,18,20,546,179,2968,0,588,1429,58141,8635
"HER24L","HER24L_3B_388",69.7,9078.93,7.18,1,35468,75539,1.43,85,15,441,38,27,1178,168,2948,0,692,1365,59094,8846
"HER24L","HER24L_3B_389",69.8,9082.8,7.18,1,35855,77017,1.6,97,6,440,41,43,2597,192,2966,0,486,1182,59541,8742
"HER24L","HER24L_3B_390",69.9,9086.66,7.18,1,36221,77123,1.76,83,31,498,14,13,1797,164,3265,0,636,1147,59737,9016
"HER24L","HER24L_3B_391",70,9090.53,7.18,1,36719,79272,1.51,109,27,525,0,0,3134,227,3394,0,536,1052,59969,9120
"HER24L","HER24L_3B_392",70.1,9092.48,7.19,1,36348,77887,1.32,136,30,526,22,10,2649,224,3243,19,563,1128,59847,8765
"HER24L","HER24L_3B_393",70.2,9094.43,7.19,1,36455,77796,1.55,130,42,555,0,40,1925,184,3381,0,692,1357,60345,8689
"HER24L","HER24L_3B_394",70.3,9096.37,7.18,1,36366,77396,1.58,96,17,529,25,11,1539,223,3399,129,490,1424,59854,8938
"HER24L","HER24L_3B_395",70.4,9098.32,7.17,1,36447,77423,1.47,108,27,556,9,43,855,156,3401,81,594,1093,60376,9157
"HER24L","HER24L_3B_396",70.5,9100.27,7.15,1,36455,76787,1.42,114,18,579,0,0,643,218,3472,34,631,1371,60048,8996
"HER24L","HER24L_3B_397",70.6,9102.22,7.14,1,36088,77250,1.33,88,22,519,38,0,599,249,3520,0,629,1452,60296,9033
"HER24L","HER24L_3B_398",70.7,9104.17,7.13,1,36024,76732,1.51,109,23,462,33,5,1153,205,3782,0,508,1130,59997,8834
"HER24L","HER24L_3B_399",70.8,9106.12,7.1,1,36735,78381,1.23,102,14,381,12,0,1649,214,4014,0,495,1108,60480,9030
"HER24L","HER24L_3B_400",70.9,9108.07,7.08,1,37029,79218,1.31,113,21,487,32,12,1546,225,3815,0,647,1262,61007,9335
"HER24L","HER24L_3B_401",71,9110.01,7.06,1,37385,80374,1.47,100,29,451,55,16,2064,161,4096,0,692,1386,61345,9339
"HER24L","HER24L_3B_402",71.1,9111.96,7.05,1,36922,79043,1.53,110,0,376,20,22,2443,231,3677,0,606,1276,60471,9104
"HER24L","HER24L_3B_403",71.2,9113.91,7.03,1,36946,78825,1.45,102,34,442,6,0,1858,225,4006,0,692,1297,60192,9091
"HER24L","HER24L_3B_404",71.3,9115.86,7.03,1,36359,77052,1.38,81,20,495,37,0,1427,304,3798,0,483,1352,59528,8839
"HER24L","HER24L_3B_405",71.4,9117.81,7.01,1,36451,78321,1.61,91,47,462,30,14,2017,162,4103,0,604,1209,59969,8949
"HER24L","HER24L_3B_406",71.5,9119.76,6.99,1,36265,77163,1.53,100,32,493,51,0,1057,152,4043,0,557,1170,59844,8998
"HER24L","HER24L_3B_407",71.6,9121.71,6.99,1,35923,76790,1.49,85,38,437,41,0,1481,209,4094,0,616,1188,59044,8821
"HER24L","HER24L_3B_408",71.7,9123.65,6.99,1,36438,77393,1.35,96,18,462,14,41,1048,236,4233,109,613,1262,59548,8934
"HER24L","HER24L_3B_409",71.8,9125.6,6.99,1,36256,77509,1.56,47,21,437,27,0,1220,307,4242,0,486,1333,59900,9007
"HER24L","HER24L_3B_410",71.9,9127.55,7,1,36186,77288,1.42,79,18,440,13,0,1094,145,4256,0,582,1505,59496,9296
"HER24L","HER24L_3B_411",72,9129.5,7.01,1,36608,76986,1.46,88,21,530,34,6,1122,227,4184,0,527,1384,59580,8760
"HER24L","HER24L_3B_412",72.1,9131.45,7.03,1,36328,76728,1.27,102,0,494,20,15,2070,115,4064,0,419,1311,58544,8876
"HER24L","HER24L_3B_413",72.2,9133.4,7.05,1,36188,78034,1.36,92,28,521,9,6,2123,160,3927,98,628,1280,59042,9019
"HER24L","HER24L_3B_414",72.3,9135.35,7.07,1,35680,76237,1.34,94,21,440,10,0,1025,169,3757,0,633,1420,58958,8887
"HER24L","HER24L_3B_415",72.4,9137.3,7.09,1,35563,75404,1.43,50,19,399,27,17,642,185,3821,10,580,1286,58865,8828
"HER24L","HER24L_3B_416",72.5,9139.24,7.1,1,35667,76119,1.58,102,33,439,50,27,482,151,3875,12,680,1417,59669,8799
"HER24L","HER24L_3B_417",72.6,9141.19,7.12,1,35940,77067,1.46,76,17,420,24,18,568,214,4216,0,581,1214,59967,8898
"HER24L","HER24L_3B_418",72.7,9143.14,7.15,1,36495,77301,1.48,109,20,527,39,15,555,140,4084,89,714,1154,59827,9179
"HER24L","HER24L_3B_419",72.8,9145.09,7.17,1,36555,77255,1.41,95,24,513,55,7,348,243,4373,0,684,1309,59764,9187
"HER24L","HER24L_3B_420",72.9,9147.04,7.19,1,36212,76605,1.34,81,0,494,36,21,352,226,4090,74,503,1321,59922,8854
"HER24L","HER24L_3B_421",73,9148.99,7.21,1,36268,77220,1.5,111,33,492,11,0,402,155,4331,91,421,1358,60303,8722
"HER24L","HER24L_3B_422",73.1,9150.94,7.22,1,36242,77133,1.62,83,36,555,52,23,310,217,4395,0,701,1374,59919,8700
"HER24L","HER24L_3B_423",73.2,9152.88,7.23,1,36248,76435,1.51,103,40,530,6,6,339,206,4389,45,546,1119,59270,8930
"HER24L","HER24L_3B_424",73.3,9154.83,7.23,1,36326,77876,1.4,113,35,509,30,15,487,224,4385,190,743,1350,60078,8854
"HER24L","HER24L_3B_425",73.4,9156.78,7.23,1,36291,77573,1.22,101,8,520,6,12,523,202,4544,65,622,1380,59924,8964
"HER24L","HER24L_3B_426",73.5,9158.73,7.23,1,36395,77851,1.54,86,13,513,34,0,313,184,4383,0,525,1358,60274,9183
"HER24L","HER24L_3B_427",73.6,9160.68,7.24,1,36361,76833,1.55,98,43,590,34,0,520,175,4372,12,679,1115,59847,8885
"HER24L","HER24L_3B_428",73.7,9162.63,7.24,1,36219,77015,1.53,130,15,564,32,5,632,198,4101,0,752,1251,59649,8909
"HER24L","HER24L_3B_429",73.8,9164.58,7.25,1,36289,77209,1.41,111,14,590,24,0,420,184,4509,29,708,1265,59759,8650
"HER24L","HER24L_3B_430",73.9,9166.52,7.25,1,36526,78660,1.54,117,35,575,30,0,728,185,4658,0,682,1360,60329,9128
"HER24L","HER24L_3B_431",74,9168.47,7.25,1,36172,76878,1.51,82,33,550,29,20,563,187,4596,0,588,1477,59276,8719
"HER24L","HER24L_3B_432",74.1,9170.42,7.25,1,35787,76031,1.34,77,13,479,35,15,543,230,4353,36,492,1346,59064,8743
"HER24L","HER24L_3B_433",74.2,9172.37,7.25,1,35707,75933,1.28,101,25,508,24,0,350,211,4240,78,864,1204,58754,8802
"HER24L","HER24L_3B_434",74.3,9174.32,7.25,1,35929,76618,1.39,84,37,568,34,35,525,193,4330,0,595,1288,59216,8821
"HER24L","HER24L_3B_435",74.4,9176.27,7.26,1,35833,75913,1.29,83,30,481,0,11,360,251,4032,88,735,1537,58659,8892
"HER24L","HER24L_3B_436",74.5,9178.22,7.26,1,36057,77084,1.45,85,37,501,38,0,459,160,4282,181,660,1389,59763,8783
"HER24L","HER24L_3B_437",74.6,9180.16,7.28,1,36093,78376,1.37,87,23,539,42,0,1578,179,4438,0,621,1234,59525,9331
"HER24L","HER24L_3B_438",74.7,9182.11,7.29,1,36267,77713,1.39,106,15,524,11,40,1005,217,4561,95,524,1245,59428,9165
"HER24L","HER24L_3B_439",74.8,9184.06,7.29,1,36307,78482,1.43,90,24,516,0,24,1006,251,4828,0,606,1476,59823,9057
"HER24L","HER24L_3B_440",74.9,9186.01,7.31,1,36204,78151,1.28,70,5,527,0,0,1352,240,4834,0,787,1169,59181,9028
"HER24L","HER24L_3B_441",75,9187.96,7.31,1,36070,78048,1.34,111,18,569,26,0,1395,220,4753,0,710,1191,59044,8825
"HER24L","HER24L_3B_442",75.1,9189.88,7.31,1,36069,77565,1.25,84,19,524,4,0,626,248,4726,0,633,1446,59571,8913
"HER24L","HER24L_3B_443",75.2,9191.79,7.31,1,36097,76295,1.36,81,21,489,39,4,253,200,4550,0,521,1155,59387,8875
"HER24L","HER24L_3B_444",75.3,9193.71,7.3,1,35925,76428,1.35,105,21,485,32,0,309,237,4302,10,592,1394,59041,8977
"HER24L","HER24L_3B_445",75.4,9195.62,7.3,1,35872,77026,1.53,91,13,489,48,0,428,235,4470,0,616,1381,59552,8843
"HER24L","HER24L_3B_446",75.5,9197.54,7.3,1,35942,78474,1.28,92,11,456,26,22,1538,208,4286,64,688,1316,60218,8811
"HER24L","HER24L_3B_447",75.6,9199.46,7.3,1,36141,78033,1.32,89,27,514,6,14,949,192,4609,0,714,1415,59635,8909
"HER24L","HER24L_3B_448",75.7,9201.37,7.29,1,36221,77301,1.41,115,22,555,28,0,606,232,4335,198,587,1447,59375,9036
"HER24L","HER24L_3B_449",75.8,9203.29,7.29,1,35980,76709,1.47,77,12,496,24,78,608,196,4288,71,702,1420,59270,8841
"HER24L","HER24L_3B_450",75.9,9205.21,7.27,1,35933,76447,1.49,80,8,457,51,6,493,219,4329,0,665,1306,59200,8771
"HER24L","HER24L_3B_451",76,9207.12,7.26,1,36164,76741,1.42,50,29,538,37,12,514,207,4342,0,572,1262,59830,8817
"HER24L","HER24L_3B_452",76.1,9209.04,7.26,1,36261,77010,1.53,115,19,596,26,8,604,244,4304,0,595,1259,59569,8815
"HER24L","HER24L_3B_453",76.2,9210.96,7.25,1,36272,76849,1.44,92,14,505,25,24,640,184,4086,0,517,1602,59703,8972
"HER24L","HER24L_3B_454",76.3,9212.87,7.25,1,35972,76439,1.33,84,18,507,30,0,1006,277,4060,0,585,1423,58957,8774
"HER24L","HER24L_3B_455",76.4,9214.79,7.24,1,35992,76883,1.62,99,19,540,30,0,844,197,4102,49,642,1252,59422,8693
"HER24L","HER24L_3B_456",76.5,9216.71,7.24,1,36113,76963,1.45,76,23,562,33,4,774,212,4284,12,635,1231,59452,9072
"HER24L","HER24L_3B_457",76.6,9218.62,7.23,1,36126,76531,1.25,76,19,503,33,0,430,224,4306,0,564,1166,59705,8898
"HER24L","HER24L_3B_458",76.7,9220.54,7.22,1,36044,75864,1.25,88,0,539,17,0,240,220,4342,0,439,1217,59513,8761
"HER24L","HER24L_3B_459",76.8,9222.45,7.21,1,36010,76357,1.4,86,31,515,23,0,381,191,4379,0,536,1422,59292,8731
"HER24L","HER24L_3B_460",76.9,9224.37,7.21,1,36162,77989,1.38,79,26,481,42,10,857,252,4411,0,638,1216,59710,8954
"HER24L","HER24L_3B_461",77,9226.29,7.21,1,36197,77874,1.48,101,26,501,59,0,1131,181,4204,0,683,1335,59835,9025
"HER24L","HER24L_3B_462",77.1,9228.2,7.21,1,36060,76801,1.38,108,22,473,30,8,641,163,4110,50,516,1616,59509,8808
"HER24L","HER24L_3B_463",77.2,9230.12,7.22,1,36302,78128,1.41,80,23,515,39,0,242,182,4499,76,598,1518,59945,9459
"HER24L","HER24L_3B_464",77.3,9232.04,7.22,1,36262,77724,1.56,80,29,585,0,28,278,199,4495,0,705,1572,59840,9160
"HER24L","HER24L_3B_465",77.4,9233.95,7.23,1,36077,75549,1.48,117,30,497,10,14,254,211,4249,0,494,1311,58900,8870
"HER24L","HER24L_3B_466",77.5,9235.87,7.23,1,35963,76572,1.27,82,23,521,0,0,341,183,4241,17,537,1343,59724,8971
"HER24L","HER24L_3B_467",77.6,9237.79,7.23,1,36079,76824,1.49,77,42,475,22,7,438,279,4326,0,598,1189,59614,8845
"HER24L","HER24L_3B_468",77.7,9239.7,7.23,1,36119,76987,1.27,94,15,562,28,0,251,213,4384,0,770,1260,59611,9152
"HER24L","HER24L_3B_469",77.8,9241.62,7.23,1,36282,77170,1.4,113,29,675,15,26,204,214,4340,0,645,1283,59907,9087
"HER24L","HER24L_3B_470",77.9,9243.54,7.25,1,36156,77548,1.25,100,36,518,33,0,608,197,4184,176,757,1534,59666,8970
"HER24L","HER24L_3B_471",78,9245.45,7.24,1,36073,76911,1.21,85,12,570,0,0,276,214,4072,0,838,1498,59280,9074
"HER24L","HER24L_3B_472",78.1,9247.37,7.24,1,35956,76411,1.42,83,30,637,37,0,180,203,4244,0,641,1353,59611,8779
"HER24L","HER24L_3B_473",78.2,9249.28,7.25,1,35823,76782,1.47,126,20,601,16,10,523,225,4315,62,733,1218,58940,9004
"HER24L","HER24L_3B_474",78.3,9251.2,7.24,1,35752,75470,1.27,93,14,634,30,22,335,240,4036,0,608,1275,59026,8507
"HER24L","HER24L_3B_475",78.4,9253.12,7.23,1,35377,75424,1.28,72,36,491,27,0,186,244,4104,0,672,1320,58573,8782
"HER24L","HER24L_3B_476",78.5,9255.03,7.23,1,35272,74900,1.37,76,54,557,38,7,337,230,4032,0,634,1281,58043,8770
"HER24L","HER24L_3B_477",78.6,9256.95,7.22,1,35478,75037,1.29,72,12,494,4,0,590,234,3956,30,532,1293,58413,8789
"HER24L","HER24L_3B_478",78.7,9258.87,7.21,1,35864,76979,1.22,87,39,487,45,8,400,203,4277,0,508,1365,59826,9107
"HER24L","HER24L_3B_479",78.8,9260.78,7.21,1,35838,76375,1.34,85,23,471,13,22,275,193,4775,0,623,1411,58876,8899
"HER24L","HER24L_3B_480",78.9,9262.7,7.22,1,36111,76933,1.34,90,19,477,28,22,639,204,4469,0,528,1207,59511,8947
"HER24L","HER24L_3C_387",79.1,9266.53,7.36,1,35429,76580,1.4,74,5,460,17,0,254,244,4360,33,547,1369,59110,8852
"HER24L","HER24L_3C_388",79.2,9268.45,7.36,1,35640,76464,1.48,73,0,493,50,0,212,192,4032,0,766,1410,59837,8744
"HER24L","HER24L_3C_389",79.3,9270.37,7.36,1,35737,77441,1.31,47,23,417,0,15,251,177,4435,74,641,1494,59956,8917
"HER24L","HER24L_3C_390",79.4,9272.28,7.35,1,35824,77114,1.34,84,24,491,7,0,820,209,4360,0,460,1434,59599,8891
"HER24L","HER24L_3C_391",79.5,9274.2,7.35,1,35560,76388,1.38,87,33,463,19,0,241,173,4343,77,743,1186,59462,8574
"HER24L","HER24L_3C_392",79.6,9276.12,7.33,1,35868,76441,1.52,78,42,494,16,8,501,203,4054,153,627,1182,59882,8805
"HER24L","HER24L_3C_393",79.7,9278.03,7.31,1,35291,75292,1.45,71,42,415,0,20,698,170,4066,0,492,1225,58522,9019
"HER24L","HER24L_3C_394",79.8,9279.95,7.29,1,35895,77435,1.5,101,36,490,0,0,921,233,4223,60,606,1502,60003,8703
"HER24L","HER24L_3C_395",79.9,9281.86,7.27,1,36130,78400,1.4,84,18,523,0,0,1136,229,4119,0,775,1308,60242,9149
"HER24L","HER24L_3C_396",80,9283.78,7.26,1,36272,77589,1.5,105,27,485,53,0,335,268,4177,161,805,1363,60267,9017
"HER24L","HER24L_3C_397",80.1,9285.75,7.25,1,36339,77047,1.29,105,5,504,24,0,295,262,4252,0,514,1183,60434,8807
"HER24L","HER24L_3C_398",80.2,9287.72,7.25,1,35984,76527,1.26,86,0,463,18,0,380,207,4242,0,466,1281,59948,8678
"HER24L","HER24L_3C_399",80.3,9289.68,7.24,1,35625,75884,1.53,108,26,533,15,0,432,146,4124,0,651,1274,58835,8935
"HER24L","HER24L_3C_400",80.4,9291.65,7.23,1,35842,75308,1.46,73,19,492,40,14,267,135,4113,0,456,1425,58840,8955
"HER24L","HER24L_3C_401",80.5,9293.62,7.21,1,35937,76669,1.36,96,31,570,40,0,681,139,4180,16,722,1128,59466,8777
"HER24L","HER24L_3C_402",80.6,9295.59,7.21,1,35792,77269,1.49,101,0,457,32,0,588,174,4096,0,778,1297,60003,8716
"HER24L","HER24L_3C_403",80.7,9297.56,7.22,1,35958,76076,1.28,97,17,492,23,13,519,178,3693,0,567,1137,59333,8852
"HER24L","HER24L_3C_404",80.8,9299.52,7.2,1,36021,76257,1.69,82,13,500,30,20,952,235,3865,0,689,1185,59254,8618
"HER24L","HER24L_3C_405",80.9,9301.49,7.2,1,36372,78027,1.56,71,31,530,13,45,1057,195,4173,20,799,1384,60139,8840
"HER24L","HER24L_3C_406",81,9303.46,7.2,1,36226,77663,1.82,135,42,449,19,20,1149,174,4409,0,630,1264,59903,8727
"HER24L","HER24L_3C_407",81.1,9305.43,7.19,1,36502,78895,1.41,86,26,476,6,9,2462,226,4249,138,647,1281,59780,8891
"HER24L","HER24L_3C_408",81.2,9307.4,7.18,1,36606,77223,1.72,76,34,552,35,15,1437,198,4188,0,522,1301,59592,8873
"HER24L","HER24L_3C_409",81.3,9309.36,7.17,1,36325,76771,1.3,106,28,504,17,20,1390,165,3867,0,477,1373,59248,9039
"HER24L","HER24L_3C_410",81.4,9311.33,7.17,1,36227,77161,1.44,107,26,531,20,0,948,159,4110,122,620,1241,59269,8873
"HER24L","HER24L_3C_411",81.5,9313.3,7.16,1,36234,76243,1.49,72,23,463,46,0,806,190,3996,0,682,1246,59505,8810
"HER24L","HER24L_3C_412",81.6,9315.27,7.16,1,36063,76299,1.5,103,26,539,42,17,369,243,3968,19,597,1334,58972,9290
"HER24L","HER24L_3C_413",81.7,9317.23,7.17,1,36144,76371,1.41,93,9,509,0,20,239,193,3953,90,520,1307,59781,8738
"HER24L","HER24L_3C_414",81.8,9319.2,7.17,1,36239,76224,1.43,145,20,503,0,0,321,211,4155,16,644,1342,59299,8888
"HER24L","HER24L_3C_415",81.9,9321.17,7.17,1,35954,75054,1.43,88,26,528,36,0,266,162,3966,0,693,1270,58953,8605
"HER24L","HER24L_3C_416",82,9323.14,7.18,1,35575,74361,1.59,77,23,480,33,0,235,201,3706,107,793,1323,58418,8445
"HER24L","HER24L_3C_417",82.1,9325.11,7.19,1,35713,75226,1.58,88,9,499,39,19,257,165,3849,0,615,1180,58984,8764
"HER24L","HER24L_3C_418",82.2,9327.07,7.19,1,35594,74822,1.26,39,0,478,44,0,275,206,4069,0,409,1187,58952,8609
"HER24L","HER24L_3C_419",82.3,9329.04,7.2,1,35421,75386,1.61,88,19,447,23,36,194,164,4080,0,566,1347,58819,8713
"HER24L","HER24L_3C_420",82.4,9331.01,7.22,1,35623,74975,1.36,84,23,406,19,0,167,230,4080,0,555,1161,58990,8590
"HER24L","HER24L_3C_421",82.5,9332.98,7.23,1,35678,75804,1.35,56,16,419,31,0,252,168,4092,102,814,1126,59398,8493
"HER24L","HER24L_3C_422",82.6,9334.95,7.25,1,35631,74808,1.62,99,5,498,7,0,184,222,4150,0,466,1448,58375,8832
"HER24L","HER24L_3C_423",82.7,9336.91,7.26,1,35607,75892,1.49,91,32,398,0,4,667,202,4063,12,693,1219,59077,8910
"HER24L","HER24L_3C_424",82.8,9338.88,7.27,1,35593,75578,1.41,93,25,455,0,47,479,167,3847,0,505,1494,59275,8560
"HER24L","HER24L_3C_425",82.9,9340.85,7.27,1,35083,75240,1.56,76,23,490,10,7,324,151,3806,143,505,1355,58959,8677
"HER24L","HER24L_3C_426",83,9342.82,7.27,1,35390,75075,1.45,49,15,366,16,0,164,191,3847,0,621,1284,59182,8793
"HER24L","HER24L_3C_427",83.1,9344.79,7.26,1,35389,74615,1.23,55,11,463,28,16,192,223,3480,0,537,1192,58842,8845
"HER24L","HER24L_3C_428",83.2,9346.75,7.27,1,35478,74804,1.28,67,23,484,24,33,197,178,3515,0,761,1137,59133,8701
"HER24L","HER24L_3C_429",83.3,9348.72,7.27,1,35477,74523,1.44,58,32,456,0,7,221,184,3671,0,376,1097,58994,8681
"HER24L","HER24L_3C_430",83.4,9350.69,7.29,1,35468,75248,1.6,49,26,456,41,19,150,179,3735,0,705,1189,58973,8767
"HER24L","HER24L_3C_431",83.5,9352.66,7.29,1,35189,74591,1.54,73,0,404,22,40,132,167,3580,234,354,1241,58824,8894
"HER24L","HER24L_3C_432",83.6,9354.62,7.3,1,34987,74114,1.37,73,0,360,12,17,221,217,3515,34,388,1145,58218,8858
"HER24L","HER24L_3C_433",83.7,9356.59,7.31,1,34809,73160,1.26,76,14,358,7,8,459,215,3166,0,528,948,57844,8427
"HER24L","HER24L_3C_434",83.8,9358.56,7.32,1,35303,75640,1.48,50,0,366,21,0,228,183,3494,193,727,1273,58877,8989
"HER24L","HER24L_3C_435",83.9,9360.53,7.33,1,35621,76119,1.31,73,0,475,35,15,195,242,3529,0,530,1289,60182,8811
"HER24L","HER24L_3C_436",84,9362.5,7.34,1,35685,75571,1.24,55,12,435,25,0,198,155,3659,77,518,1336,59801,8689
"HER24L","HER24L_3C_437",84.1,9364.46,7.34,1,35899,75924,1.44,74,25,466,0,5,122,172,3520,51,578,1448,59781,9007
"HER24L","HER24L_3C_438",84.2,9366.43,7.35,1,35633,74472,1.53,64,26,442,16,16,147,180,3347,0,499,1281,59000,8764
"HER24L","HER24L_3C_439",84.3,9368.4,7.35,1,35506,75991,1.35,85,22,420,0,19,154,201,3550,41,576,1365,59806,9082
"HER24L","HER24L_3C_440",84.4,9370.37,7.35,1,35706,75271,1.32,64,23,432,18,6,139,163,3357,0,488,1473,59599,8757
"HER24L","HER24L_3C_441",84.5,9372.34,7.35,1,35585,74833,1.44,107,32,515,0,0,159,164,3581,11,650,1188,58951,8678
"HER24L","HER24L_3C_442",84.6,9374.3,7.35,1,35540,75523,1.38,82,19,442,20,34,120,181,3480,0,860,1469,59474,8566
"HER24L","HER24L_3C_443",84.7,9376.27,7.35,1,35385,74974,1.37,70,26,398,31,10,215,247,3451,0,556,1409,59172,8611
"HER24L","HER24L_3C_444",84.8,9378.24,7.34,1,35192,74131,1.44,93,31,435,26,16,417,196,3397,0,478,1129,58548,8544
"HER24L","HER24L_3C_445",84.9,9380.21,7.35,1,35417,75104,1.38,47,22,414,31,0,378,206,3414,68,668,1298,59106,8848
"HER24L","HER24L_3C_446",85,9382.18,7.35,1,35525,75014,1.44,70,5,453,11,16,377,146,3459,61,723,1236,59095,8482
"HER24L","HER24L_3C_447",85.1,9384.69,7.35,1,35591,75773,1.31,59,29,426,32,26,198,210,3227,68,584,1393,59802,9068
"HER24L","HER24L_3C_448",85.2,9387.21,7.36,1,35786,75846,1.47,73,17,455,38,0,216,211,3404,0,319,1293,60212,8940
"HER24L","HER24L_3C_449",85.3,9389.73,7.35,1,35921,75278,1.49,56,13,558,4,13,233,164,3501,0,614,1287,59613,8550
"HER24L","HER24L_3C_450",85.4,9392.25,7.34,1,35590,74976,1.46,81,12,414,11,0,178,230,3368,0,652,1328,59173,8806
"HER24L","HER24L_3C_451",85.5,9394.76,7.35,1,35621,75652,1.7,87,22,477,24,11,256,170,3575,0,682,1157,59879,8644
"HER24L","HER24L_3C_452",85.6,9397.28,7.34,1,35623,75031,1.37,41,16,482,60,13,303,185,3363,118,585,1296,59330,8433
"HER24L","HER24L_3C_453",85.7,9399.8,7.33,1,35663,76427,1.4,102,24,511,12,0,303,207,3644,0,724,1220,59419,8936
"HER24L","HER24L_3C_454",85.8,9402.32,7.32,1,35553,75325,1.63,50,18,466,19,50,181,189,3709,0,608,1168,59292,8799
"HER24L","HER24L_3C_455",85.9,9404.83,7.32,1,35714,76156,1.45,63,5,450,32,0,301,196,3560,31,784,1571,59687,8948
"HER24L","HER24L_3C_456",86,9407.35,7.32,1,35923,76492,1.45,80,14,485,27,0,263,231,3794,0,534,1486,60276,8725
"HER24L","HER24L_3C_457",86.1,9409.87,7.31,1,36211,76411,1.56,99,0,459,8,0,478,137,3803,0,629,1459,59764,9050
"HER24L","HER24L_3C_458",86.2,9412.39,7.32,1,36191,77110,1.5,86,15,510,60,10,721,223,3628,67,780,1340,60157,8911
"HER24L","HER24L_3C_459",86.3,9414.9,7.31,1,36344,77475,1.46,61,20,458,35,21,1208,245,3605,0,632,1376,60081,8908
"HER24L","HER24L_3C_460",86.4,9417.42,7.3,1,36616,78470,1.27,69,18,484,21,23,1835,181,3654,0,711,1464,60419,8892
"HER24L","HER24L_3C_461",86.5,9419.94,7.29,1,37213,84546,1.49,123,29,482,31,0,8593,178,3890,0,502,1131,60045,8721
"HER24L","HER24L_3C_462",86.6,9422.46,7.28,1,37039,82027,1.46,96,8,557,34,23,5205,246,3679,0,749,1507,60336,8876
"HER24L","HER24L_3C_463",86.7,9424.97,7.27,1,36537,78953,1.53,99,16,542,21,19,3157,203,3553,39,762,1130,59424,8814
"HER24L","HER24L_3C_464",86.8,9427.49,7.27,1,36185,77065,1.7,118,26,569,25,0,2251,248,3324,22,509,1388,59070,8765
"HER24L","HER24L_3C_465",86.9,9430.01,7.26,1,35984,76417,1.37,95,16,483,10,0,1512,239,3276,0,722,1388,59287,8659
"HER24L","HER24L_3C_466",87,9432.53,7.25,1,35966,77439,1.39,74,16,471,4,43,613,247,3577,0,730,1393,60141,8987
"HER24L","HER24L_3C_467",87.1,9435.04,7.25,1,36169,75338,1.38,84,14,411,0,0,506,199,3454,0,688,1430,59313,8564
"HER24L","HER24L_3C_468",87.2,9437.56,7.25,1,36405,76405,1.34,59,19,493,20,0,451,238,3573,0,750,1391,60120,8569
"HER24L","HER24L_3C_469",87.3,9440.08,7.24,1,36426,76608,1.46,98,21,550,6,0,388,195,3626,0,473,1062,60346,9110
"HER24L","HER24L_3C_470",87.4,9442.6,7.25,1,36417,76293,1.43,54,32,530,0,26,274,249,3653,0,747,1225,59791,8842
"HER24L","HER24L_3C_471",87.5,9445.12,7.24,1,36402,77160,1.65,86,22,577,25,21,789,202,3437,0,620,1453,60130,8816
"HER24L","HER24L_3C_472",87.6,9447.63,7.24,1,36266,77002,1.52,109,23,524,52,25,509,213,3219,118,466,1436,60734,8737
"HER24L","HER24L_3C_473",87.7,9450.15,7.23,1,36339,76225,1.32,84,0,545,21,0,387,172,3194,214,684,1309,59930,8813
"HER24L","HER24L_3C_474",87.8,9452.67,7.23,1,36046,77084,1.62,95,9,472,30,23,2037,166,3471,0,640,1165,59244,8864
"HER24L","HER24L_3C_475",87.9,9455.19,7.23,1,36290,76147,1.51,77,20,462,28,5,783,170,3393,0,598,1148,59695,8969
"HER24L","HER24L_3C_476",88,9457.7,7.22,1,36549,77877,1.55,83,30,482,35,0,1075,141,3704,58,708,1181,60648,8765
"HER24L","HER24L_3C_477",88.1,9460.22,7.21,1,36425,76705,1.43,82,22,490,23,0,544,198,3521,127,790,1221,60381,8787
"HER24L","HER24L_3C_478",88.2,9462.74,7.2,1,36721,76935,1.41,50,23,492,37,0,528,186,3672,107,648,1193,60689,8708
"HER24L","HER24L_3C_479",88.3,9465.26,7.18,1,36612,77301,1.56,93,19,438,7,0,259,201,3362,25,670,1346,61103,9026
"HER24L","HER24L_3C_480",88.4,9467.77,7.18,1,36611,77371,1.51,72,0,437,57,9,291,229,3747,50,698,1304,60442,8908
"HER24L","HER24L_3C_481",88.5,9470.29,7.17,1,36756,76862,1.66,94,30,538,10,0,171,151,3629,0,785,1053,60710,9255
"HER24L","HER24L_3C_482",88.6,9472.81,7.16,1,36883,77236,1.32,94,26,504,0,0,183,220,3799,0,605,1268,60830,9035
"HER24L","HER24L_3C_483",88.7,9475.33,7.15,1,36761,77441,1.5,67,22,565,18,40,280,229,3488,0,696,1351,60569,9042
"HER24L","HER24L_3C_484",88.8,9477.84,7.14,1,37215,78501,1.42,85,18,526,0,0,470,229,3729,0,712,1228,61551,9071
"HER24L","HER24L_3C_485",88.9,9480.36,7.13,1,37201,77905,1.53,87,21,622,35,13,306,204,3594,13,543,1338,61563,8889
"HER24L","HER24L_3C_486",89,9482.88,7.11,1,37204,77411,1.34,89,30,582,9,17,245,211,3546,44,451,1470,61256,9025
"HER24L","HER24L_3C_487",89.1,9485.4,7.09,1,37030,77317,1.39,98,7,607,17,0,293,194,3710,0,635,1314,60885,8718
"HER24L","HER24L_3C_488",89.2,9487.91,7.08,1,37027,77963,1.46,83,0,496,8,27,217,205,3566,29,700,1463,61341,9154
"HER24L","HER24L_3C_489",89.3,9490.43,7.06,1,37290,78391,1.34,101,9,548,44,0,311,218,3657,12,765,1057,61842,9158
"HER24L","HER24L_3C_490",89.4,9492.95,7.05,1,37199,77956,1.35,73,8,459,14,0,329,178,3610,51,448,1413,61686,9031
