Site,Section,MSCL_ID,depth_min,depth_max,depth,Wet_den,Dry_den
BI10,BI10.1,BI10.1_1,0,1.1,0.6,0.854177321,0.106894716
BI10,BI10.1,BI10.1_2,1.3,2.4,1.9,1.051138144,0.119038466
BI10,BI10.1,BI10.1_3,2.6,3.7,3.2,1.047721043,0.114174954
BI10,BI10.1,BI10.1_4,3.9,5,4.5,1.675639821,0.175709963
BI10,BI10.1,BI10.1_5,5.2,6.3,5.8,0.879767253,0.086409341
BI10,BI10.1,BI10.1_6,6.5,7.6,7.1,0.973101002,0.100548977
BI10,BI10.1,BI10.1_7,7.8,8.9,8.4,0.984694538,0.108094654
BI10,BI10.1,BI10.1_8,9.1,10.2,9.7,1.042409817,0.115219099
BI10,BI10.1,BI10.1_9,10.4,11.5,11,1.052908649,0.125403004
BI10,BI10.1,BI10.1_10,11.7,12.8,12.3,1.066663032,0.145233799
BI10,BI10.1,BI10.1_11,13,14.1,13.6,1.043615946,0.128070523
BI10,BI10.1,BI10.1_12,14.3,15.4,14.8,1.060221769,0.137026083
BI10,BI10.1,BI10.1_13,15.6,16.6,16.1,1.112542758,0.144301427
BI10,BI10.1,BI10.1_14,16.8,17.8,17.3,1.14179952,0.144155077
BI10,BI10.1,BI10.1_15,18,19,18.5,1.057222686,0.14917924
BI10,BI10.1,BI10.1_16,19.2,20.3,19.8,1.086771894,0.170253847
BI10,BI10.1,BI10.1_17,20.5,21.5,21,1.126613655,0.175466053
BI10,BI10.1,BI10.1_18,21.7,22.7,22.2,1.189522566,0.186909657
BI10,BI10.1,BI10.1_19,23,24,23.5,1.239753575,0.176740965
BI10,BI10.1,BI10.1_20,24.2,25.3,24.7,1.035377894,0.170805605
BI10,BI10.1,BI10.1_21,25.5,26.5,26,1.100558325,0.196672603
BI10,BI10.1,BI10.1_22,26.7,27.8,27.2,1.089755597,0.214200619
BI10,BI10.1,BI10.1_23,28,29.1,28.5,0.999625523,0.146040029
BI10,BI10.1,BI10.1_24,29.3,30.3,29.8,0.996204911,0.149080599
BI10,BI10.1,BI10.1_25,30.5,31.5,31,1.27016748,0.185680267
BI10,BI10.1,BI10.1_26,31.7,32.6,32.2,1.098728482,0.218897633
BI10,BI10.1,BI10.1_27,32.8,33.8,33.3,1.05796249,0.176042181
BI10,BI10.1,BI10.1_28,34.1,35,34.5,1.180506346,0.197972729
BI10,BI10.1,BI10.1_29,35.2,36.1,35.6,1.243979495,0.231860984
BI10,BI10.1,BI10.1_30,36.3,37.2,36.7,1.394263136,0.303817276
BI10,BI10.1,BI10.1_31,37.4,38.4,37.9,1.300582674,0.284576343
BI10,BI10.1,BI10.1_32,38.6,39.6,39.1,1.266399072,0.214356032
BI10,BI10.1,BI10.1_33,39.8,40.7,40.3,1.241449021,0.183682567
BI10,BI10.1,BI10.1_34,40.9,41.9,41.4,1.333212399,0.25962259
BI10,BI10.1,BI10.1_35,42.1,43.1,42.6,1.332839071,0.209941206
BI10,BI10.1,BI10.1_36,43.3,44.2,43.8,1.251366468,0.209114422
BI10,BI10.2,BI10.2_49,43.7,44.7,44.2,1.152188817,0.187111449
BI10,BI10.2,BI10.2_50,44.8,45.8,45.3,1.097803472,0.154775436
BI10,BI10.2,BI10.2_51,45.9,46.9,46.4,1.180328848,0.178667469
BI10,BI10.2,BI10.2_52,47.1,48.1,47.6,1.153566641,0.166675941
BI10,BI10.2,BI10.2_53,48.2,49.2,48.7,1.12467279,0.184750353
BI10,BI10.2,BI10.2_54,49.3,50.3,49.8,1.238093075,0.276912503
BI10,BI10.2,BI10.2_55,50.5,51.5,51,1.190313979,0.164400414
BI10,BI10.2,BI10.2_56,51.6,52.6,52.1,1.21558291,0.16037996
BI10,BI10.2,BI10.2_57,52.7,53.7,53.2,1.726301298,0.233829925
BI10,BI10.2,BI10.2_58,53.9,54.9,54.4,1.260804041,0.1623635
BI10,BI10.2,BI10.2_59,55,56,55.5,1.249361619,0.162644455
BI10,BI10.2,BI10.2_60,56.2,57.2,56.7,1.264716842,0.166331947
BI10,BI10.2,BI10.2_61,57.3,58.3,57.8,1.254105104,0.168527382
BI10,BI10.2,BI10.2_62,58.4,59.4,58.9,1.177456831,0.143757408
BI10,BI10.2,BI10.2_63,59.6,60.6,60.1,1.265526746,0.171131385
BI10,BI10.2,BI10.2_64,60.7,61.7,61.2,1.297891823,0.18638819
BI10,BI10.2,BI10.2_65,61.8,62.8,62.3,1.265264546,0.173572356
BI10,BI10.2,BI10.2_66,63,64,63.5,1.361540446,0.213672364
BI10,BI10.2,BI10.2_67,64.1,65.2,64.6,1.362916141,0.313261892
BI10,BI10.2,BI10.2_68,65.3,66.3,65.8,1.251182091,0.241123722
BI10,BI10.2,BI10.2_69,66.4,67.4,66.9,1.326051785,0.280262229
BI10,BI10.2,BI10.2_70,67.5,68.5,68,1.253858429,0.225993106
BI10,BI10.2,BI10.2_71,68.7,69.8,69.2,1.31059554,0.303477386
BI10,BI10.2,BI10.2_72,69.9,70.9,70.4,1.283637053,0.225280394
BI10,BI10.2,BI10.2_73,71,72.1,71.6,1.189010233,0.190894943
BI10,BI10.2,BI10.2_74,72.3,73.3,72.8,1.196053982,0.177673356
BI10,BI10.2,BI10.2_75,73.5,74.5,74,1.293364026,0.202110156
BI10,BI10.2,BI10.2_76,74.6,75.6,75.1,1.406171439,0.223463815
BI10,BI10.2,BI10.2_77,75.8,76.8,76.3,1.344253765,0.208718413
BI10,BI10.2,BI10.2_78,76.9,77.9,77.4,1.266935976,0.22106976
BI10,BI10.2,BI10.2_79,78.1,79.1,78.6,1.261810385,0.210086588
BI10,BI10.2,BI10.2_80,79.2,80.3,79.8,0.970283671,0.205536516
BI10,BI10.3,BI10.3_84,80,81,80.5,1.055202387,0.171488347
BI10,BI10.3,BI10.3_85,81.2,82.2,81.7,1.148037008,0.194417567
BI10,BI10.3,BI10.3_86,82.4,83.4,82.9,1.024730062,0.181518943
BI10,BI10.3,BI10.3_87,83.6,84.6,84.1,1.258080143,0.203552439
BI10,BI10.3,BI10.3_88,84.8,85.8,85.3,1.108379209,0.184247026
BI10,BI10.3,BI10.3_89,86,87,86.5,1.173395903,0.174841128
BI10,BI10.3,BI10.3_90,87.2,88.2,87.7,1.158462073,0.173160878
BI10,BI10.3,BI10.3_91,88.4,89.3,88.8,1.290612143,0.190629932
BI10,BI10.3,BI10.3_92,89.5,90.5,90,1.096591666,0.194394402
BI10,BI10.3,BI10.3_93,90.6,91.6,91.1,1.069128762,0.173552535
BI10,BI10.3,BI10.3_94,91.8,92.8,92.3,1.108362529,0.176471595
BI10,BI10.3,BI10.3_95,93,94,93.5,1.095732898,0.169763258
BI10,BI10.3,BI10.3_96,94.1,95,94.5,1.062510673,0.238269264
BI10,BI10.3,BI10.3_97,95.1,96.1,95.6,1.136556491,0.330566821
BI10,BI10.3,BI10.3_98,96.3,97.3,96.8,1.262322283,0.345133732
BI10,BI10.3,BI10.3_99,97.4,98.4,97.9,1.178103385,0.251889131
BI10,BI10.3,BI10.3_100,98.6,99.6,99.1,1.176133377,0.204460787
BI10,BI10.3,BI10.3_101,99.8,100.8,100.3,1.089850287,0.192247487
BI10,BI10.3,BI10.3_102,101,101.9,101.4,1.07544459,0.184433019
BI10,BI10.3,BI10.3_103,102.1,103.1,102.6,1.125141584,0.177168746
BI10,BI10.3,BI10.3_104,103.2,104.2,103.7,1.135049566,0.191025979
BI10,BI10.3,BI10.3_105,104.4,105.4,104.9,1.137447963,0.187759401
BI10,BI10.3,BI10.3_106,105.5,106.5,106,1.221310993,0.184950206
BI10,BI10.3,BI10.3_107,106.7,107.7,107.2,1.224671367,0.209416311
BI10,BI10.3,BI10.3_108,107.9,108.9,108.4,1.17358415,0.198810164
BI10,BI10.3,BI10.3_109,109,110,109.5,1.202735218,0.217839081
BI10,BI10.3,BI10.3_110,110.2,111.2,110.7,1.308346617,0.223226677
BI10,BI10.3,BI10.3_111,111.4,112.4,111.9,1.535613139,0.257927318
BI10,BI10.3,BI10.3_112,112.5,113.6,113,1.177597723,0.186358728
BI10,BI10.3,BI10.3_113,113.7,114.8,114.3,1.689566661,0.252612782
BI10,BI10.3,BI10.3_114,114.9,115.9,115.4,1.989468795,0.27542932
BI10,BI10.3,BI10.3_115,116.1,117.1,116.6,1.859216003,0.247594508
BI10,BI10.3,BI10.3_116,117.3,118.3,117.8,1.189933568,0.156129299
BI10,BI10.3,BI10.3_117,118.4,119.4,118.9,1.269012721,0.168864277
BI10,BI10.3,BI10.3_118,119.6,120.6,120.1,1.306952349,0.172647898
BI10,BI10.3,BI10.3_119,120.7,121.7,121.2,1.444650521,0.183579402
BI10,BI10.3,BI10.3_120,121.8,122.7,122.3,1.244335845,0.151943562
BI10,BI10.3,BI10.3_121,122.9,123.8,123.4,1.35016908,0.167741951
BI10,BI10.4,BI10.4_138,123.9,124.9,124.4,1.147074101,0.183221194
BI10,BI10.4,BI10.4_139,125.1,126.1,125.6,1.129744727,0.18156598
BI10,BI10.4,BI10.4_140,126.3,127.2,126.7,1.10855442,0.184201804
BI10,BI10.4,BI10.4_141,127.4,128.4,127.9,1.208951832,0.181045156
BI10,BI10.4,BI10.4_142,128.6,129.5,129,1.262625659,0.205004927
BI10,BI10.4,BI10.4_143,129.7,130.7,130.2,1.077120772,0.166668186
BI10,BI10.4,BI10.4_144,130.8,131.8,131.3,1.280551385,0.18835367
BI10,BI10.4,BI10.4_145,132,133,132.5,1.843418861,0.272975891
BI10,BI10.4,BI10.4_146,133.2,134.2,133.7,1.182173412,0.181801969
BI10,BI10.4,BI10.4_147,134.4,135.4,134.9,1.326796654,0.196422692
BI10,BI10.4,BI10.4_148,135.5,136.5,136,1.330175872,0.243132361
BI10,BI10.4,BI10.4_149,136.7,137.7,137.2,1.25868688,0.187073468
BI10,BI10.4,BI10.4_150,137.9,138.9,138.4,1.127611682,0.185602712
BI10,BI10.4,BI10.4_151,139,140,139.5,1.278868668,0.206287439
BI10,BI10.4,BI10.4_152,140.2,141.2,140.7,1.159794001,0.190041407
BI10,BI10.4,BI10.4_153,141.4,142.3,141.9,1.269686584,0.221938646
BI10,BI10.4,BI10.4_154,142.5,143.5,143,1.300637094,0.216369737
BI10,BI10.4,BI10.4_155,143.7,144.8,144.2,1.137670369,0.185787318
BI10,BI10.4,BI10.4_156,145,146,145.5,1.271823717,0.198381482
BI10,BI10.4,BI10.4_157,146.1,147.1,146.6,1.270843567,0.195843016
BI10,BI10.4,BI10.4_158,147.3,148.4,147.8,1.180902747,0.190960686
BI10,BI10.4,BI10.4_159,148.5,149.6,149.1,1.125338561,0.184895851
BI10,BI10.4,BI10.4_160,149.8,150.8,150.3,1.314144586,0.207281866
BI10,BI10.4,BI10.4_161,151,152,151.5,1.364866481,0.215764701
BI10,BI10.4,BI10.4_162,152.2,153.2,152.7,1.323029163,0.20087221
BI10,BI10.4,BI10.4_163,153.4,154.4,153.9,1.153690175,0.169730446
BI10,BI10.5,BI10.5_170,153.6,154.6,154.1,1.09921786,0.18138373
BI10,BI10.5,BI10.5_171,154.8,155.9,155.4,1.087548548,0.156296603
BI10,BI10.5,BI10.5_172,156.1,157.2,156.6,1.030143192,0.16121729
BI10,BI10.5,BI10.5_173,157.4,158.5,157.9,1.144350831,0.168670461
BI10,BI10.5,BI10.5_174,158.7,159.8,159.2,1.04505363,0.153210755
BI10,BI10.5,BI10.5_175,159.9,161,160.5,1.025549117,0.146296695
BI10,BI10.5,BI10.5_176,161.2,162.3,161.8,1.183847552,0.162054146
BI10,BI10.5,BI10.5_177,162.5,163.5,163,1.103110037,0.154276329
BI10,BI10.5,BI10.5_178,163.7,164.6,164.1,1.1016429,0.15697075
BI10,BI10.5,BI10.5_179,164.8,165.8,165.3,1.117389604,0.158992907
BI10,BI10.5,BI10.5_180,166,167,166.5,1.083719973,0.15365072
BI10,BI10.5,BI10.5_181,167.1,168.1,167.6,1.082836744,0.155714357
BI10,BI10.5,BI10.5_182,168.3,169.4,168.9,1.232514084,0.163226853
BI10,BI10.5,BI10.5_183,169.6,170.6,170.1,1.172761156,0.162185394
BI10,BI10.5,BI10.5_184,170.8,171.8,171.3,1.175851455,0.16318798
BI10,BI10.5,BI10.5_185,172,173,172.5,1.108763992,0.155204756
BI10,BI10.5,BI10.5_186,173.2,174.1,173.7,1.204765895,0.162764268
BI10,BI10.5,BI10.5_187,174.3,175.3,174.8,1.111818227,0.15581196
BI10,BI10.5,BI10.5_188,175.5,176.5,176,1.204250053,0.173458209
BI10,BI10.5,BI10.5_189,176.7,177.7,177.2,1.131359726,0.171136673
BI10,BI10.5,BI10.5_190,177.9,178.9,178.4,1.153607391,0.203893381
BI10,BI10.5,BI10.5_191,179.1,180.1,179.6,1.394934159,0.281645054
BI10,BI10.5,BI10.5_192,180.3,181.4,180.8,1.181810231,0.242870907
BI10,BI10.5,BI10.5_193,181.6,182.6,182.1,1.076636844,0.250743813
BI10,BI10.5,BI10.5_194,182.8,183.8,183.3,1.196027446,0.424637677
BI10,BI10.5,BI10.5_195,184,185,184.5,1.045212399,0.189181826
BI10,BI10.5,BI10.5_196,185.2,186.3,185.8,1.032895301,0.16266835
BI10,BI10.5,BI10.5_197,186.5,187.5,187,1.161718357,0.178709685
BI10,BI10.5,BI10.5_198,187.7,188.6,188.1,1.199628439,0.207678185
BI10,BI10.5,BI10.5_199,188.8,189.8,189.3,1.106531565,0.192998614
BI10,BI10.5,BI10.5_200,190,191,190.5,1.254752497,0.197338092
BI10,BI10.5,BI10.5_201,191.2,192.2,191.7,1.093490049,0.170708869
BI10,BI10.5,BI10.5_202,192.4,193.3,192.8,1.117044228,0.188368399
BI10,BI10.5,BI10.5_203,193.5,194.5,194,1.316848736,0.21675814
BI10,BI10.5,BI10.5_204,194.6,195.6,195.1,0.797036338,0.140398691
BI10,BI10.5,BI10.5_205,195.8,196.7,196.3,1.164668607,0.199346579
BI10,BI10.5,BI10.5_206,196.9,197.9,197.4,1.109456662,0.191114697
BI10,BI10.5,BI10.5_207,198.1,199.1,198.6,1.234036146,0.217223414
BI10,BI10.5,BI10.5_208,199.3,200.3,199.8,1.065354363,0.190528764
BI10,BI10.6,BI10.6_216,199.7,200.6,200.2,1.28447071,0.255299473
BI10,BI10.6,BI10.6_217,200.8,201.8,201.3,1.134877858,0.228242073
BI10,BI10.6,BI10.6_218,202,203,202.5,1.265285855,0.264956368
BI10,BI10.6,BI10.6_219,203.2,204.2,203.7,1.2548554,0.196458281
BI10,BI10.6,BI10.6_220,204.3,205.3,204.8,1.236784101,0.16470686
BI10,BI10.6,BI10.6_221,205.5,206.6,206,1.252488653,0.198032114
BI10,BI10.6,BI10.6_222,206.7,207.7,207.2,1.186837943,0.176751429
BI10,BI10.6,BI10.6_223,207.9,209,208.4,1.106303672,0.208236485
BI10,BI10.6,BI10.6_224,209.1,210.1,209.6,1.21676876,0.164790194
BI10,BI10.6,BI10.6_225,210.3,211.3,210.8,1.201427223,0.197468448
BI10,BI10.6,BI10.6_226,211.5,212.5,212,1.16911697,0.201498583
BI10,BI10.6,BI10.6_227,212.7,213.7,213.2,1.251560881,0.193221146
BI10,BI10.6,BI10.6_228,213.9,214.9,214.4,1.1207261,0.168317087
BI10,BI10.6,BI10.6_229,215.1,215.8,215.5,1.341404852,0.223391344
BI10,BI10.6,BI10.6_230,216,216.9,216.4,1.126189997,0.207699726
BI10,BI10.6,BI10.6_231,217,218,217.5,1.131513563,0.185514138
BI10,BI10.6,BI10.6_232,218.2,219.2,218.7,1.236268207,0.214798723
BI10,BI10.6,BI10.6_233,219.4,220.4,219.9,1.273354247,0.225812564
BI10,BI10.6,BI10.6_234,220.6,221.6,221.1,1.137910806,0.208634494
BI10,BI10.6,BI10.6_235,221.8,222.8,222.3,1.076905203,0.198868629
BI10,BI10.6,BI10.6_236,223,224.1,223.5,1.141541839,0.217278829
BI10,BI10.6,BI10.6_237,224.2,225.3,224.8,1.176683697,0.212663591
BI10,BI10.6,BI10.6_238,225.5,226.5,226,1.259447265,0.235145163
BI10,BI10.6,BI10.6_239,226.7,227.7,227.2,1.176068166,0.221334128
BI10,BI10.6,BI10.6_240,227.9,229,228.4,1.1333728,0.221877837
BI10,BI10.6,BI10.6_241,229.1,230.2,229.7,1.117565871,0.218123061
BI10,BI10.6,BI10.6_242,230.4,231.5,230.9,1.19754682,0.224610914
BI10,BI10.6,BI10.6_243,231.6,232.6,232.1,1.008617895,0.172795302
BI10,BI10.6,BI10.6_244,232.8,233.9,233.3,1.350149495,0.220142972
BI10,BI10.6,BI10.6_245,234,235.1,234.6,1.216969388,0.194950489
BI10,BI10.6,BI10.6_246,235.3,236.3,235.8,1.348702845,0.218634055
BI10,BI10.6,BI10.6_247,236.4,237.5,237,1.180587674,0.198638202
BI10,BI10.6,BI10.6_248,237.7,238.7,238.2,1.321955267,0.212578271
BI10,BI10.6,BI10.6_249,238.9,240,239.4,1.168403212,0.187771888
BI10,BI10.6,BI10.6_250,240.2,242,241.1,1.051435408,0.162144645
BI10,BI10.7,BI10.7_251,242,243.1,242.6,1.096327103,0.17497674
BI10,BI10.7,BI10.7_252,243.3,244.4,243.9,1.197691843,0.18144764
BI10,BI10.7,BI10.7_253,244.6,245.8,245.2,1.117270307,0.157354574
BI10,BI10.7,BI10.7_254,246.1,247.3,246.7,1.158277883,0.162280682
BI10,BI10.7,BI10.7_255,247.5,248.7,248.1,1.220120847,0.167006375
BI10,BI10.7,BI10.7_256,248.9,250,249.4,1.064937545,0.149970456
BI10,BI10.7,BI10.7_257,250.2,251.2,250.7,1.127498084,0.162894662
BI10,BI10.7,BI10.7_258,251.4,252.4,251.9,1.026763104,0.147926381
BI10,BI10.7,BI10.7_259,252.7,253.7,253.2,1.142904119,0.177747431
BI10,BI10.7,BI10.7_260,253.9,254.9,254.4,1.084418716,0.189877358
BI10,BI10.7,BI10.7_261,255.1,256,255.6,1.12720707,0.175143183
BI10,BI10.7,BI10.7_262,256.2,257.2,256.7,0.960529206,0.143301596
BI10,BI10.7,BI10.7_263,257.4,258.4,257.9,1.096327803,0.161277723
BI10,BI10.7,BI10.7_264,258.7,259.6,259.1,1.105913448,0.164234676
BI10,BI10.7,BI10.7_265,259.8,260.7,260.3,1.233612922,0.178400464
BI10,BI10.7,BI10.7_266,261,261.9,261.4,1.232836384,0.198731121
BI10,BI10.7,BI10.7_267,262.1,263.1,262.6,1.051530723,0.139914809
BI10,BI10.7,BI10.7_268,263.3,264.3,263.8,1.176471249,0.168440233
BI10,BI10.7,BI10.7_269,264.6,265.6,265.1,1.145293436,0.169208976
BI10,BI10.7,BI10.7_270,265.8,266.8,266.3,1.11787476,0.169507593
BI10,BI10.7,BI10.7_271,267,268,267.5,1.038755372,0.148754132
BI10,BI10.7,BI10.7_272,268.2,269.2,268.7,1.013197393,0.162126976
BI10,BI10.7,BI10.7_273,269.4,270.4,269.9,0.983224993,0.156147551
BI10,BI10.7,BI10.7_274,270.6,271.6,271.1,0.934976315,0.143246754
BI10,BI10.7,BI10.7_275,271.8,272.8,272.3,1.18531056,0.169407272
BI10,BI10.7,BI10.7_276,273,274,273.5,1.147497276,0.168608472
BI10,BI10.7,BI10.7_277,274.2,275.2,274.7,1.180894872,0.169329687
BI10,BI10.7,BI10.7_278,275.4,276.4,275.9,1.201725238,0.168990218
BI10,BI10.7,BI10.7_279,276.7,277.7,277.2,1.185095202,0.171102845
BI10,BI10.7,BI10.7_280,277.9,278.9,278.4,1.367594845,0.207020337
BI10,BI10.7,BI10.7_281,279.1,280.1,279.6,1.226823262,0.194883072
BI10,BI10.7,BI10.7_282,280.3,281.3,280.8,1.232622996,0.195199629
BI10,BI10.7,BI10.7_283,281.5,282.5,282,1.177922181,0.199559413
BI10,BI10.7,BI10.7_284,282.7,283.7,283.2,1.207332144,0.191709214
BI10,BI10.7,BI10.7_285,283.9,284.9,284.4,1.285734195,0.1986627
BI10,BI10.7,BI10.7_286,285.1,286.1,285.6,1.261678259,0.182089713
BI10,BI10.7,BI10.7_287,286.3,287.3,286.8,1.24450846,0.187132517
BI10,BI10.8,BI10.8_295,287.6,288.7,288.2,1.036368635,0.175077284
BI10,BI10.8,BI10.8_296,288.9,289.9,289.4,0.999943609,0.196641699
BI10,BI10.8,BI10.8_297,290.1,291.2,290.6,1.071734039,0.220253545
BI10,BI10.8,BI10.8_298,291.4,292.4,291.9,1.202465571,0.217075935
BI10,BI10.8,BI10.8_299,292.6,293.6,293.1,1.157320708,0.210020578
BI10,BI10.8,BI10.8_300,293.7,294.8,294.3,1.10854885,0.208570691
BI10,BI10.8,BI10.8_301,295,296,295.5,1.005259209,0.192748867
BI10,BI10.8,BI10.8_302,296.2,297.2,296.7,0.922921889,0.207529948
BI10,BI10.8,BI10.8_303,297.4,298.4,297.9,1.123623653,0.217571512
BI10,BI10.8,BI10.8_304,298.6,299.6,299.1,1.123623461,0.23573798
BI10,BI10.8,BI10.8_305,299.8,300.8,300.3,1.099427931,0.26198101
BI10,BI10.8,BI10.8_306,301,302,301.5,1.179915845,0.26692491
BI10,BI10.8,BI10.8_307,302.2,303.2,302.7,1.174345792,0.263111885
BI10,BI10.8,BI10.8_308,303.4,304.4,303.9,1.136886507,0.249948045
BI10,BI10.8,BI10.8_309,304.6,305.7,305.2,1.280098767,0.281172636
BI10,BI10.8,BI10.8_310,305.9,306.9,306.4,1.210881466,0.26207033
BI10,BI10.8,BI10.8_311,307.1,308,307.6,1.385818413,0.286703829
BI10,BI10.8,BI10.8_312,308.2,309.2,308.7,1.242765016,0.257263151
BI10,BI10.8,BI10.8_313,309.4,310.4,309.9,1.204959082,0.250363824
BI10,BI10.8,BI10.8_314,310.6,311.6,311.1,1.14244331,0.214550263
BI10,BI10.8,BI10.8_315,311.8,312.9,312.4,1.124012658,0.198260517
BI10,BI10.8,BI10.8_316,313.1,314.2,313.6,1.187376374,0.20767285
BI10,BI10.8,BI10.8_317,314.4,315.5,314.9,1.108123672,0.184838936
BI10,BI10.8,BI10.8_318,315.7,316.8,316.2,1.189344091,0.17652867
BI10,BI10.8,BI10.8_319,317,318,317.5,1.218158665,0.181773535
BI10,BI10.8,BI10.8_320,318.2,319.3,318.7,1.222872807,0.185308125
BI10,BI10.8,BI10.8_321,319.5,320.5,320,1.233580825,0.203192691
BI10,BI10.8,BI10.8_322,320.7,321.8,321.2,1.020724545,0.182467121
BI10,BI10.8,BI10.8_323,322,323.1,322.5,1.033438524,0.179969658
BI10,BI10.8,BI10.8_324,323.3,324.3,323.8,1.263638615,0.228400176
BI10,BI10.8,BI10.8_325,324.5,325.5,325,1.363308537,0.249813216
BI10,BI10.9,BI10.9_337,326,327.1,326.5,0.945256797,0.171755918
BI10,BI10.9,BI10.9_338,327.3,328.4,327.8,0.980995899,0.170980438
BI10,BI10.9,BI10.9_339,328.6,329.6,329.1,1.042484228,0.201083031
BI10,BI10.9,BI10.9_340,329.8,330.8,330.3,1.064823045,0.201550261
BI10,BI10.9,BI10.9_341,331,331.9,331.4,1.136997278,0.229984287
BI10,BI10.9,BI10.9_342,332.1,333.1,332.6,0.61927305,0.283876328
BI10,BI10.9,BI10.9_343,333.3,334.3,333.8,1.155523274,0.235588086
BI10,BI10.9,BI10.9_344,334.5,335.5,335,1.046717139,0.194417567
BI10,BI10.9,BI10.9_345,335.7,336.8,336.2,1.041944406,0.195366727
BI10,BI10.9,BI10.9_346,337,338,337.5,1.259976342,0.225788114
BI10,BI10.9,BI10.9_347,338.2,339.3,338.7,1.107129534,0.211915667
BI10,BI10.9,BI10.9_348,339.5,340.5,340,1.164071693,0.233658379
BI10,BI10.9,BI10.9_349,340.7,341.7,341.2,1.079011201,0.212078924
BI10,BI10.9,BI10.9_350,341.9,343,342.4,1.098665428,0.217858709
BI10,BI10.9,BI10.9_351,343.2,344.2,343.7,1.288718102,0.248478665
BI10,BI10.9,BI10.9_352,344.4,345.5,344.9,1.230349945,0.371460641
BI10,BI10.9,BI10.9_353,345.7,346.7,346.2,1.316097935,0.537569421
BI10,BI10.9,BI10.9_354,346.9,348,347.4,1.089396069,0.271394964
BI10,BI10.9,BI10.9_355,348.2,349.2,348.7,1.073395535,0.240019449
BI10,BI10.9,BI10.9_356,349.4,350.4,349.9,0.966261551,0.204865931
BI10,BI10.9,BI10.9_357,350.6,351.7,351.2,1.107922292,0.230194294
BI10,BI10.9,BI10.9_358,351.9,352.9,352.4,1.149758078,0.236909576
BI10,BI10.9,BI10.9_359,353.1,354.2,353.7,1.066082301,0.223619164
BI10,BI10.9,BI10.9_360,354.4,355.5,355,1.001211844,0.208091777
BI10,BI10.9,BI10.9_361,355.7,356.7,356.2,1.107309241,0.271119644
BI10,BI10.9,BI10.9_362,356.9,358,357.5,1.05336315,0.231762923
BI10,BI10.9,BI10.9_363,358.2,359.3,358.7,1.198054006,0.257249895
BI10,BI10.9,BI10.9_364,359.5,360.5,360,1.280271542,0.304485009
BI10,BI10.9,BI10.9_365,360.7,361.7,361.2,1.248276282,0.306744795
BI10,BI10.9,BI10.9_366,361.9,362.9,362.4,1.112498382,0.271303996
BI10,BI10.9,BI10.9_367,363.1,364.1,363.6,1.187745118,0.251650127
BI10,BI10.9,BI10.9_368,364.3,365.3,364.8,1.11384186,0.217137612
BI10,BI10.9,BI10.9_369,365.5,366.6,366,0.967969856,0.215655863
BI10,BI10.9,BI10.9_370,366.8,367.8,367.3,1.136783319,0.267074926
BI10,BI10.10,BI10.10_380,367.6,368.6,368.1,1.31714485,0.3339679
BI10,BI10.10,BI10.10_381,368.8,369.8,369.3,1.183995719,0.256138689
BI10,BI10.10,BI10.10_382,370,370.9,370.4,1.206046192,0.252767785
BI10,BI10.10,BI10.10_383,371.1,372.1,371.6,1.266124844,0.287159605
BI10,BI10.10,BI10.10_384,372.3,373.2,372.8,1.261750227,0.286571436
BI10,BI10.10,BI10.10_385,373.4,374.5,374,1.116915937,0.307025457
BI10,BI10.10,BI10.10_386,374.7,375.6,375.1,1.309478669,0.364923014
BI10,BI10.10,BI10.10_387,375.8,376.9,376.4,1.019377183,0.248544704
BI10,BI10.10,BI10.10_388,377.1,378.1,377.6,1.181134617,0.278925944
BI10,BI10.10,BI10.10_389,378.3,379.3,378.8,1.13923804,0.254405214
BI10,BI10.10,BI10.10_390,379.5,380.5,380,1.122852071,0.239273227
BI10,BI10.10,BI10.10_391,380.7,381.7,381.2,1.188838589,0.258191644
BI10,BI10.10,BI10.10_392,381.9,383,382.4,1.180691549,0.329623388
BI10,BI10.10,BI10.10_393,383.2,384.1,383.6,1.162055574,0.276871263
BI10,BI10.10,BI10.10_394,384.2,385.2,384.7,1.114509353,0.228130159
BI10,BI10.10,BI10.10_395,385.4,386.5,385.9,1.213038005,0.259861636
BI10,BI10.10,BI10.10_396,386.7,387.8,387.2,1.127913959,0.222180671
BI10,BI10.10,BI10.10_397,388,389,388.5,1.247606548,0.237745375
BI10,BI10.10,BI10.10_398,389.2,390.2,389.7,1.232544748,0.240808417
BI10,BI10.10,BI10.10_399,390.3,391.4,390.9,1.037724984,0.207217019
BI10,BI10.10,BI10.10_400,391.6,392.7,392.1,1.208463316,0.239222098
BI10,BI10.10,BI10.10_401,392.9,393.9,393.4,1.195302447,0.24977034
BI10,BI10.10,BI10.10_402,394.1,395.1,394.6,1.248556887,0.266802736
BI10,BI10.10,BI10.10_403,395.3,396.4,395.8,1.384673102,0.30863854
BI10,BI10.10,BI10.10_404,396.5,397.5,397,1.140855438,0.252458872
BI10,BI10.10,BI10.10_405,397.7,398.7,398.2,1.184505484,0.294159174
BI10,BI10.10,BI10.10_406,398.9,399.9,399.4,1.219159165,0.263350354
BI10,BI10.10,BI10.10_407,400.1,401.1,400.6,1.218661176,0.248292857
BI10,BI10.10,BI10.10_408,401.3,402.2,401.8,1.372231599,0.266006373
BI10,BI10.10,BI10.10_409,402.4,403.4,402.9,1.217866503,0.220142158
BI10,BI10.10,BI10.10_410,403.6,404.6,404.1,1.228509449,0.227770281
BI10,BI10.10,BI10.10_411,404.8,405.8,405.3,1.198818425,0.226066086
BI10,BI10.10,BI10.10_412,406,407,406.5,1.294633294,0.296286871
BI10,BI10.11,BI10.11_418,407.9,408.9,408.4,1.070986671,0.239289927
BI10,BI10.11,BI10.11_419,409.1,410.2,409.7,1.024713052,0.233050329
BI10,BI10.11,BI10.11_420,410.4,411.4,410.9,1.027294537,0.21544597
BI10,BI10.11,BI10.11_421,411.6,412.7,412.1,1.069733902,0.204115404
BI10,BI10.11,BI10.11_422,412.9,413.9,413.4,1.188071125,0.335520162
BI10,BI10.11,BI10.11_423,414.1,415,414.5,1.19468715,0.248022305
BI10,BI10.11,BI10.11_424,415.2,416.2,415.7,1.033367245,0.185813281
BI10,BI10.11,BI10.11_425,416.4,417.4,416.9,1.126254718,0.212330444
BI10,BI10.11,BI10.11_426,417.6,418.6,418.1,1.149600741,0.239897999
BI10,BI10.11,BI10.11_427,418.8,419.8,419.3,1.255861812,0.281896254
BI10,BI10.11,BI10.11_428,420.1,421.1,420.6,1.134888108,0.225196682
BI10,BI10.11,BI10.11_429,421.3,422.3,421.8,1.068459937,0.222292888
BI10,BI10.11,BI10.11_430,422.5,423.5,423,1.209104946,0.250348301
BI10,BI10.11,BI10.11_431,423.7,424.8,424.3,1.059230159,0.223159436
BI10,BI10.11,BI10.11_432,425,426,425.5,1.118297072,0.23501692
BI10,BI10.11,BI10.11_433,426.2,427.2,426.7,1.139552015,0.223628287
BI10,BI10.11,BI10.11_434,427.4,428.4,427.9,1.093787933,0.236811029
BI10,BI10.11,BI10.11_435,428.6,429.6,429.1,1.139893739,0.247368398
BI10,BI10.11,BI10.11_436,429.8,430.8,430.3,1.198155849,0.260823639
BI10,BI10.11,BI10.11_437,431,431.9,431.4,1.168298147,0.264001133
BI10,BI10.11,BI10.11_438,432.1,433.1,432.6,1.169592451,0.287318718
BI10,BI10.11,BI10.11_439,433.3,434.3,433.8,1.261702841,0.314653108
BI10,BI10.11,BI10.11_440,434.5,435.5,435,1.23137805,0.290627873
BI10,BI10.11,BI10.11_441,435.8,436.8,436.3,1.201559142,0.255084324
BI10,BI10.11,BI10.11_442,437,438,437.5,1.197860711,0.254443239
BI10,BI10.11,BI10.11_443,438.2,439.3,438.7,1.287541414,0.257163412
BI10,BI10.11,BI10.11_444,439.5,440.5,440,1.21589186,0.259514607
BI10,BI10.11,BI10.11_445,440.7,441.7,441.2,1.22655507,0.248032145
BI10,BI10.11,BI10.11_446,441.9,442.9,442.4,1.254157485,0.239824159
BI10,BI10.11,BI10.11_447,443.1,444.2,443.7,1.012224281,0.312385632
BI10,BI10.11,BI10.11_448,444.5,445.6,445,1.11669353,0.296806481
BI10,BI10.11,BI10.11_449,445.8,446.8,446.3,1.135619337,0.226534011
BI10,BI10.11,BI10.11_450,447,448,447.5,1.230436763,0.235979555
BI10,BI10.11,BI10.11_451,448.2,449.2,448.7,1.037920022,0.240557281
BI10,BI10.11,BI10.11_452,449.4,450.4,449.9,1.255534691,0.21783083
BI10,BI10.12,BI10.12_459,449.8,450.8,450.3,1.152411541,0.297183579
BI10,BI10.12,BI10.12_460,451,452.2,451.6,1.215085387,0.428405797
BI10,BI10.12,BI10.12_461,452.4,453.6,453,1.360555407,0.773402367
BI10,BI10.12,BI10.12_462,453.8,454.9,454.4,1.189341349,0.537016608
BI10,BI10.12,BI10.12_463,455.1,456.1,455.6,1.11829096,0.515451119
BI10,BI10.12,BI10.12_464,456.3,457.3,456.8,1.171939615,0.375254886
BI10,BI10.12,BI10.12_465,457.6,458.7,458.1,1.185654394,0.377628666
BI10,BI10.12,BI10.12_466,458.9,460.1,459.5,1.323972571,0.417568962
BI10,BI10.12,BI10.12_467,460.3,461.5,460.9,1.097029447,0.32535955
BI10,BI10.12,BI10.12_468,461.7,462.7,462.2,0.878303609,0.231010616
BI10,BI10.12,BI10.12_469,462.9,463.9,463.4,1.316440585,0.507021768
BI10,BI10.12,BI10.12_470,464.1,465.2,464.7,1.3161823,0.451572098
BI10,BI10.12,BI10.12_471,465.4,466.5,466,1.052965321,0.260967761
BI10,BI10.12,BI10.12_472,466.8,467.8,467.3,1.063942771,0.252936375
BI10,BI10.12,BI10.12_473,468,469,468.5,1.159489023,0.2746779
BI10,BI10.12,BI10.12_474,469.3,470.3,469.8,1.154536514,0.271063685
BI10,BI10.12,BI10.12_475,470.5,471.6,471.1,1.552957939,1.003750491
BI10,BI10.12,BI10.12_476,471.9,472.9,472.4,1.122351589,0.475849044
BI10,BI10.12,BI10.12_477,473.1,474.2,473.6,1.082004231,0.27378266
BI10,BI10.12,BI10.12_478,474.4,475.5,474.9,0.762506499,0.223099692
BI10,BI10.12,BI10.12_479,475.7,476.7,476.2,1.179399623,0.348543289
BI10,BI10.12,BI10.12_480,476.9,478,477.5,1.05467279,0.253922124
BI10,BI10.12,BI10.12_481,478.3,479.3,478.8,1.18066687,0.269368741
BI10,BI10.12,BI10.12_482,479.5,480.7,480.1,1.052108376,0.245440137
BI10,BI10.13,BI10.13_512,481.3,482.2,481.8,1.206010499,0.308972497
BI10,BI10.13,BI10.13_513,482.5,483.6,483.1,1.141876144,0.216432156
BI10,BI10.13,BI10.13_514,483.9,485.1,484.5,1.099232485,0.225473158
BI10,BI10.13,BI10.13_515,485.3,486.6,486,1.109036645,0.162634487
BI10,BI10.13,BI10.13_516,486.9,488.1,487.5,1.051758817,0.163414971
BI10,BI10.13,BI10.13_517,488.3,489.5,488.9,0.917545916,0.195363194
BI10,BI10.13,BI10.13_518,489.7,490.7,490.2,1.293234963,0.214263665
BI10,BI10.13,BI10.13_519,491,492,491.5,1.115114273,0.425132074
BI10,BI10.13,BI10.13_520,492.2,493.2,492.7,1.359483736,0.311186181
BI10,BI10.13,BI10.13_521,493.4,494.5,494,1.255109045,0.308755056
BI10,BI10.13,BI10.13_522,494.8,495.8,495.3,1.048039213,0.242239103
BI10,BI10.13,BI10.13_523,496,497.1,496.6,1.120503451,0.238809155
BI10,BI10.13,BI10.13_524,497.3,498.4,497.9,1.206462356,0.243280292
BI10,BI10.13,BI10.13_525,498.7,499.7,499.2,1.511303977,0.408877653
BI10,BI10.13,BI10.13_526,499.9,501,500.4,1.218668328,0.312215383
BI10,BI10.13,BI10.13_527,501.2,502.3,501.8,1.137041767,0.265969593
BI10,BI10.13,BI10.13_528,502.5,503.6,503.1,1.224651727,0.264480095
BI10,BI10.13,BI10.13_529,503.9,505.1,504.5,0.883224727,0.161209432
BI10,BI10.13,BI10.13_530,505.3,507,506.2,1.187156212,0.214628864
CAT1.1,CAT1.1A,CAT1.1A_1,0,1.4,0.7,0.786946921,0.204189729
CAT1.1,CAT1.1A,CAT1.1A_2,1.5,3,2.2,1.329495384,0.354480907
CAT1.1,CAT1.1A,CAT1.1A_3,3.1,4.7,3.9,1.001767325,0.324199705
CAT1.1,CAT1.1A,CAT1.1A_4,4.8,6.3,5.5,1.112020708,0.494277787
CAT1.1,CAT1.1A,CAT1.1A_5,6.4,7.8,7.1,1.643995477,0.963326181
CAT1.1,CAT1.1A,CAT1.1A_6,7.9,9.2,8.5,1.107171024,0.269385797
CAT1.1,CAT1.1A,CAT1.1A_7,9.3,10.6,9.9,0.984931164,0.172242166
CAT1.1,CAT1.1A,CAT1.1A_8,10.7,12,11.4,1.110576043,0.313169166
CAT1.1,CAT1.1A,CAT1.1A_9,12.1,13.6,12.8,0.957704662,0.183332976
CAT1.1,CAT1.1A,CAT1.1A_10,13.7,15,14.3,1.152293699,0.229889407
CAT1.1,CAT1.1A,CAT1.1A_11,15.1,16.5,15.8,1.153646898,0.228079577
CAT1.1,CAT1.1A,CAT1.1A_12,16.5,17.9,17.2,1.166390802,0.208537085
CAT1.1,CAT1.1A,CAT1.1A_13,18,19.4,18.7,1.003512242,0.160195085
CAT1.1,CAT1.1A,CAT1.1A_14,19.5,20.9,20.2,1.076645082,0.171860829
CAT1.1,CAT1.1A,CAT1.1A_15,21,22.4,21.7,0.999341784,0.223162682
CAT1.1,CAT1.1A,CAT1.1A_16,22.5,23.9,23.2,0.930245956,0.219765261
CAT1.1,CAT1.1A,CAT1.1A_17,24,25.5,24.7,0.993212616,0.314377289
CAT1.1,CAT1.1A,CAT1.1A_18,25.6,27,26.3,1.083560195,0.25269663
CAT1.1,CAT1.1A,CAT1.1A_19,27.1,28.5,27.8,1.135181815,0.223131087
CAT1.1,CAT1.1A,CAT1.1A_20,28.6,30,29.3,1.046054073,0.190035975
CAT1.1,CAT1.1A,CAT1.1A_21,30.1,31.5,30.8,1.147376593,0.21207091
CAT1.1,CAT1.1A,CAT1.1A_22,31.5,32.9,32.2,1.133577925,0.330657201
CAT1.1,CAT1.1A,CAT1.1A_23,33,34.4,33.7,1.262943722,0.533062752
CAT1.1,CAT1.1A,CAT1.1A_24,34.5,35.8,35.2,1.31401021,0.482522651
CAT1.1,CAT1.1A,CAT1.1A_25,35.9,37.2,36.6,1.373284905,0.423956063
CAT1.1,CAT1.1A,CAT1.1A_26,37.3,38.7,38,1.340512048,0.61562862
CAT1.1,CAT1.1A,CAT1.1A_27,38.8,40.1,39.4,1.306788617,0.487231101
CAT1.1,CAT1.1A,CAT1.1A_28,40.2,41.6,40.9,1.528699431,0.835475454
CAT1.1,CAT1.1A,CAT1.1A_29,41.7,43.1,42.4,1.554920315,0.792992458
CAT1.1,CAT1.1A,CAT1.1A_30,43.2,44.5,43.8,1.500895806,0.754522106
CAT1.1,CAT1.1B,CAT1.1B_35,43.7,44.9,44.3,1.825502293,0.758083344
CAT1.1,CAT1.1B,CAT1.1B_36,45.1,46.2,45.6,2.264960432,1.245475777
CAT1.1,CAT1.1B,CAT1.1B_37,46.4,47.5,46.9,2.124672141,0.721273972
CAT1.1,CAT1.1B,CAT1.1B_38,47.6,48.8,48.2,1.728741697,0.702171126
CAT1.1,CAT1.1B,CAT1.1B_39,49,50.5,49.8,1.197029075,0.556437939
CAT1.1,CAT1.1B,CAT1.1B_40,50.7,52.1,51.4,1.236283827,0.496991162
CAT1.1,CAT1.1B,CAT1.1B_41,52.3,53.6,53,1.478250268,0.769770628
CAT1.1,CAT1.1B,CAT1.1B_42,53.8,55.1,54.5,1.442833754,0.650502171
CAT1.1,CAT1.1B,CAT1.1B_43,55.3,56.7,56,1.212149784,0.402444663
CAT1.1,CAT1.1B,CAT1.1B_44,56.9,58.2,57.5,1.233850365,0.39420117
CAT1.1,CAT1.1B,CAT1.1B_45,58.4,59.7,59,1.11440353,0.264188925
CAT1.1,CAT1.1B,CAT1.1B_46,59.9,61.2,60.5,1.096662712,0.23443294
CAT1.1,CAT1.1B,CAT1.1B_47,61.4,62.7,62,1.208576975,0.283591106
CAT1.1,CAT1.1B,CAT1.1B_48,62.8,64.2,63.5,0.988125196,0.186296415
CAT1.1,CAT1.1B,CAT1.1B_49,64.4,65.8,65.1,1.126560964,0.312565646
CAT1.1,CAT1.1B,CAT1.1B_50,66,67.4,66.7,0.960599123,0.191972201
CAT1.1,CAT1.1B,CAT1.1B_51,67.6,68.9,68.3,0.991346209,0.178266201
CAT1.1,CAT1.1B,CAT1.1B_52,69.1,70.3,69.7,1.284334749,0.252328379
CAT1.1,CAT1.1B,CAT1.1B_53,70.5,71.8,71.2,1.093298221,0.20689406
CAT1.1,CAT1.1B,CAT1.1B_54,72,73.3,72.6,1.123289372,0.192028971
CAT1.1,CAT1.1B,CAT1.1B_55,73.5,74.8,74.1,1.179968489,0.183991024
CAT1.1,CAT1.1B,CAT1.1B_56,75,76.3,75.6,1.185844462,0.16419459
CAT1.1,CAT1.1B,CAT1.1B_57,76.5,77.9,77.2,1.082743166,0.142117168
CAT1.1,CAT1.1B,CAT1.1B_58,78.1,79.5,78.8,1.086179552,0.14367927
CAT1.1,CAT1.1B,CAT1.1B_59,79.6,81,80.3,0.932172248,0.122138333
CAT1.1,CAT1.1B,CAT1.1B_60,81.2,82.6,81.9,1.003875577,0.11106228
CAT1.1,CAT1.1B,CAT1.1B_61,82.8,84.2,83.5,1.0442305,0.130488847
CAT1.1,CAT1.1B,CAT1.1B_62,84.4,85.8,85.1,0.926005861,0.111723154
CAT1.1,CAT1.1B,CAT1.1B_63,86,87.4,86.7,0.921627211,0.110991662
CAT1.1,CAT1.1C,CAT1.1C_70,87.7,89.1,88.4,0.972497706,0.1195562
CAT1.1,CAT1.1C,CAT1.1C_71,89.3,90.7,90,1.076768166,0.133363361
CAT1.1,CAT1.1C,CAT1.1C_72,90.8,92.2,91.5,1.079836589,0.142221024
CAT1.1,CAT1.1C,CAT1.1C_73,92.4,93.7,93.1,1.104831731,0.148797169
CAT1.1,CAT1.1C,CAT1.1C_74,93.9,95.2,94.6,1.086352094,0.136135783
CAT1.1,CAT1.1C,CAT1.1C_75,95.4,96.7,96.1,1.089056724,0.128578624
CAT1.1,CAT1.1C,CAT1.1C_76,96.9,98.3,97.6,1.000643715,0.121162429
CAT1.1,CAT1.1C,CAT1.1C_77,98.5,99.9,99.2,1.008146835,0.130566081
CAT1.1,CAT1.1C,CAT1.1C_78,100.1,101.4,100.7,1.015194808,0.131366224
CAT1.1,CAT1.1C,CAT1.1C_79,101.6,102.9,102.2,1.064262001,0.137440209
CAT1.1,CAT1.1C,CAT1.1C_80,103.1,104.5,103.8,0.961386492,0.117835974
CAT1.1,CAT1.1C,CAT1.1C_81,104.7,106.1,105.4,1.132236267,0.134101924
CAT1.1,CAT1.1C,CAT1.1C_82,106.3,107.5,106.9,1.138025441,0.141786897
CAT1.1,CAT1.1C,CAT1.1C_83,107.7,109.1,108.4,1.157904287,0.142611048
CAT1.1,CAT1.1C,CAT1.1C_84,109.3,110.7,110,1.127161318,0.144521656
CAT1.1,CAT1.1C,CAT1.1C_85,110.8,112,111.4,1.125794518,0.147240876
CAT1.1,CAT1.1C,CAT1.1C_86,112.2,113.6,112.9,1.115837892,0.155431687
CAT1.1,CAT1.1C,CAT1.1C_87,113.8,115.2,114.5,1.044170066,0.124524075
CAT1.1,CAT1.1C,CAT1.1C_88,115.4,116.7,116,1.262258249,0.137870555
CAT1.1,CAT1.1C,CAT1.1C_89,116.9,118.2,117.5,1.116293608,0.124871725
CAT1.1,CAT1.1C,CAT1.1C_90,118.4,119.7,119,1.174138295,0.145221834
CAT1.1,CAT1.1C,CAT1.1C_91,119.8,121.2,120.5,1.041930075,0.117291515
CAT1.1,CAT1.1C,CAT1.1C_92,121.4,122.7,122.1,1.19317895,0.144815038
CAT1.1,CAT1.1C,CAT1.1C_93,122.9,124.1,123.5,1.158846024,0.140449668
CAT1.1,CAT1.1C,CAT1.1C_94,124.3,125.6,124.9,1.17752768,0.146607008
CAT1.1,CAT1.1D,CAT1.1D_102,125.9,127.1,126.5,1.291447275,0.152779547
CAT1.1,CAT1.1D,CAT1.1D_103,127.4,128.6,128,1.333922744,0.172269649
CAT1.1,CAT1.1D,CAT1.1D_104,128.9,130,129.4,1.242891237,0.1681112
CAT1.1,CAT1.1D,CAT1.1D_105,130.3,131.4,130.8,1.452763258,0.18906689
CAT1.1,CAT1.1D,CAT1.1D_106,131.7,132.8,132.2,1.36232849,0.170980438
CAT1.1,CAT1.1D,CAT1.1D_107,133.1,134.3,133.7,1.257892587,0.146933568
CAT1.1,CAT1.1D,CAT1.1D_108,134.6,135.8,135.2,1.176100905,0.136528867
CAT1.1,CAT1.1D,CAT1.1D_109,136.1,137.3,136.7,1.25484099,0.151955285
CAT1.1,CAT1.1D,CAT1.1D_110,137.6,138.8,138.2,1.459251535,0.176153339
CAT1.1,CAT1.1D,CAT1.1D_111,139.1,140.3,139.7,1.406826437,0.161586194
CAT1.1,CAT1.1D,CAT1.1D_112,140.6,141.7,141.1,1.438093032,0.164728817
CAT1.1,CAT1.1D,CAT1.1D_113,142,143.1,142.5,1.520277782,0.164755196
CAT1.1,CAT1.1D,CAT1.1D_114,143.4,144.6,144,1.191384504,0.123289892
CAT1.1,CAT1.1D,CAT1.1D_115,144.8,146,145.4,1.288504425,0.136475567
CAT1.1,CAT1.1D,CAT1.1D_116,146.3,147.5,146.9,1.413354811,0.168671391
CAT1.1,CAT1.1D,CAT1.1D_117,147.8,148.9,148.4,1.525162803,0.23901391
CAT1.1,CAT1.1D,CAT1.1D_118,149.2,150.4,149.8,1.337913898,0.136930255
CAT1.1,CAT1.1D,CAT1.1D_119,150.7,151.8,151.3,1.249688547,0.126927537
CAT1.1,CAT1.1D,CAT1.1D_120,152.1,153.3,152.7,1.30230184,0.150656405
CAT1.1,CAT1.1D,CAT1.1D_121,153.6,154.8,154.2,1.293228132,0.168354276
CAT1.1,CAT1.1D,CAT1.1D_122,155.1,156.2,155.7,1.44521286,0.171010606
CAT1.1,CAT1.1D,CAT1.1D_123,156.5,157.7,157.1,1.478283793,0.177036447
CAT1.1,CAT1.1D,CAT1.1D_124,158,159.2,158.6,1.580949516,0.2211149
CAT1.1,CAT1.1D,CAT1.1D_125,159.5,160.7,160.1,1.611793932,0.204796915
CAT1.1,CAT1.1D,CAT1.1D_126,161,162.3,161.7,1.202714074,0.123870473
CAT1.1,CAT1.1D,CAT1.1D_127,162.6,163.8,163.2,1.295526834,0.149383666
CAT1.1,CAT1.1D,CAT1.1D_128,164.1,165.4,164.8,0.911859227,0.1150735
CAT1.1,CAT1.1E,CAT1.1E_135,165.9,167.1,166.5,1.334387827,0.181203114
CAT1.1,CAT1.1E,CAT1.1E_136,167.3,168.5,167.9,1.326056394,0.167204246
CAT1.1,CAT1.1E,CAT1.1E_137,168.8,170,169.4,1.211069123,0.14288399
CAT1.1,CAT1.1E,CAT1.1E_138,170.3,171.5,170.9,1.442827318,0.171224345
CAT1.1,CAT1.1E,CAT1.1E_139,171.8,173,172.4,1.39861288,0.185290163
CAT1.1,CAT1.1E,CAT1.1E_140,173.2,174.4,173.8,1.42156262,0.180201408
CAT1.1,CAT1.1E,CAT1.1E_141,174.7,175.9,175.3,1.390434367,0.172468201
CAT1.1,CAT1.1E,CAT1.1E_142,176.2,177.3,176.7,1.347984861,0.175899566
CAT1.1,CAT1.1E,CAT1.1E_143,177.6,178.7,178.1,1.362962749,0.177120247
CAT1.1,CAT1.1E,CAT1.1E_144,179,180.2,179.6,1.373985845,0.204678828
CAT1.1,CAT1.1E,CAT1.1E_145,180.4,181.6,181,1.679216822,0.703145519
CAT1.1,CAT1.1E,CAT1.1E_146,181.9,183,182.4,1.675138499,0.602361457
CAT1.1,CAT1.1E,CAT1.1E_147,183.3,184.4,183.8,1.514628623,0.178533632
CAT1.1,CAT1.1E,CAT1.1E_148,184.6,185.8,185.2,1.502049393,0.174897042
CAT1.1,CAT1.1E,CAT1.1E_149,186.1,187.3,186.7,1.399751521,0.164464164
CAT1.1,CAT1.1E,CAT1.1E_150,187.6,188.8,188.2,1.499681929,0.187931138
CAT1.1,CAT1.1E,CAT1.1E_151,189,190.3,189.7,1.021286098,0.122459474
CAT1.1,CAT1.1E,CAT1.1E_152,190.6,191.9,191.3,1.216106847,0.137559471
CAT1.1,CAT1.1E,CAT1.1E_153,192.2,193.4,192.8,1.214515499,0.156732059
CAT1.1,CAT1.1E,CAT1.1E_154,193.7,195,194.3,1.115915864,0.123738493
CAT1.1,CAT1.1E,CAT1.1E_155,195.3,196.6,195.9,1.015133105,0.131056672
CAT1.1,CAT1.1E,CAT1.1E_156,196.8,198.1,197.5,1.134829332,0.167019435
CAT1.1,CAT1.1E,CAT1.1E_157,198.4,199.7,199,1.109853079,0.134082378
CAT1.1,CAT1.1E,CAT1.1E_158,199.9,201.2,200.5,1.097318047,0.144095117
CAT1.1,CAT1.1E,CAT1.1E_159,201.4,202.7,202.1,1.093339922,0.142761816
CAT1.1,CAT1.1E,CAT1.1E_160,203,204.3,203.6,1.006103525,0.16035742
CAT1.1,CAT1.1F,CAT1.1F_166,204.4,205.7,205,1.093764593,0.179378094
CAT1.1,CAT1.1F,CAT1.1F_167,205.9,207.2,206.5,1.064383138,0.160977587
CAT1.1,CAT1.1F,CAT1.1F_168,207.4,208.6,208,1.155864503,0.175591378
CAT1.1,CAT1.1F,CAT1.1F_169,208.8,210.1,209.4,1.100593068,0.175091771
CAT1.1,CAT1.1F,CAT1.1F_170,210.3,211.7,211,0.949940724,0.141448155
CAT1.1,CAT1.1F,CAT1.1F_171,211.9,213.2,212.5,1.034423006,0.110853453
CAT1.1,CAT1.1F,CAT1.1F_172,213.4,214.8,214.1,1.022272005,0.142194884
CAT1.1,CAT1.1F,CAT1.1F_173,215,216.2,215.6,1.117686652,0.160145988
CAT1.1,CAT1.1F,CAT1.1F_174,216.4,217.7,217.1,0.979341822,0.139421854
CAT1.1,CAT1.1F,CAT1.1F_175,217.9,219.2,218.6,1.070785158,0.161995127
CAT1.1,CAT1.1F,CAT1.1F_176,219.4,220.7,220.1,1.157910223,0.160404544
CAT1.1,CAT1.1F,CAT1.1F_177,220.9,222.2,221.6,1.000656581,0.069077411
CAT1.1,CAT1.1F,CAT1.1F_178,222.4,223.8,223.1,0.892923314,0.134869898
CAT1.1,CAT1.1F,CAT1.1F_179,224,225.4,224.7,1.152846297,0.174467684
CAT1.1,CAT1.1F,CAT1.1F_180,225.6,226.8,226.2,1.032043071,0.204872992
CAT1.1,CAT1.1F,CAT1.1F_181,227,228.4,227.7,0.987897609,0.158996386
CAT1.1,CAT1.1F,CAT1.1F_182,228.6,229.9,229.2,0.913678958,0.145922761
CAT1.1,CAT1.1F,CAT1.1F_183,230.1,231.4,230.7,1.072775098,0.218255543
CAT1.1,CAT1.1F,CAT1.1F_184,231.6,233,232.3,0.976978104,0.211603613
CAT1.1,CAT1.1F,CAT1.1F_185,233.2,234.5,233.8,1.143215603,0.348756339
CAT1.1,CAT1.1F,CAT1.1F_186,234.7,235.9,235.3,1.002351601,0.323279931
CAT1.1,CAT1.1F,CAT1.1F_187,236.1,237.6,236.8,0.890222442,0.183380626
CAT1.1,CAT1.1F,CAT1.1F_188,237.8,239.1,238.4,1.005025213,0.174174847
CAT1.1,CAT1.1F,CAT1.1F_189,239.3,240.6,239.9,1.086340218,0.175224698
CAT1.1,CAT1.1F,CAT1.1F_190,240.8,242.1,241.4,1.139095237,0.216044084
CAT1.1,CAT1.1F,CAT1.1F_191,242.3,243.6,242.9,1.070528005,0.177654232
CAT1.1,CAT1.1G,CAT1.1G_219,243.4,244.6,244,1.015878238,0.390384739
CAT1.1,CAT1.1G,CAT1.1G_220,244.8,246.1,245.5,0.938783915,0.187437926
CAT1.1,CAT1.1G,CAT1.1G_221,246.3,247.7,247,0.983551526,0.214151735
CAT1.1,CAT1.1G,CAT1.1G_222,247.9,249.1,248.5,0.975194702,0.221503275
CAT1.1,CAT1.1G,CAT1.1G_223,249.3,250.4,249.8,0.987007704,0.231586542
CAT1.1,CAT1.1G,CAT1.1G_224,250.5,251.8,251.2,0.974192838,0.225845674
CAT1.1,CAT1.1G,CAT1.1G_225,252,253.3,252.7,0.931781401,0.214218709
CAT1.1,CAT1.1G,CAT1.1G_226,253.5,254.5,254,1.233399151,0.374163482
CAT2.3,CAT2.3A,CAT2.3A_1,0,1.2,0.6,0.904424982,0.092906936
CAT2.3,CAT2.3A,CAT2.3A_2,1.5,3.1,2.3,0.818030978,0.083307784
CAT2.3,CAT2.3A,CAT2.3A_3,3.3,4.8,4,1.225933908,0.143817721
CAT2.3,CAT2.3A,CAT2.3A_4,5,6.2,5.6,1.130957686,0.14615388
CAT2.3,CAT2.3A,CAT2.3A_5,6.5,7.7,7.1,0.924866626,0.124426271
CAT2.3,CAT2.3A,CAT2.3A_6,7.9,9.1,8.5,0.947058692,0.127002892
CAT2.3,CAT2.3A,CAT2.3A_7,9.4,10.6,10,0.93162604,0.119679216
CAT2.3,CAT2.3A,CAT2.3A_8,10.8,12,11.4,0.956516023,0.109772448
CAT2.3,CAT2.3A,CAT2.3A_9,12.3,13.5,12.9,0.979912796,0.120978988
CAT2.3,CAT2.3A,CAT2.3A_10,13.7,14.9,14.3,0.940690928,0.114771046
CAT2.3,CAT2.3A,CAT2.3A_11,15.2,16.4,15.8,1.011206448,0.132866008
CAT2.3,CAT2.3A,CAT2.3A_12,16.6,17.8,17.2,0.988885918,0.134575415
CAT2.3,CAT2.3A,CAT2.3A_13,18.1,19.3,18.7,1.042310805,0.143807055
CAT2.3,CAT2.3A,CAT2.3A_14,19.6,20.8,20.2,0.962722338,0.127933578
CAT2.3,CAT2.3A,CAT2.3A_15,21,22.1,21.6,1.00479342,0.131689055
CAT2.3,CAT2.3A,CAT2.3A_16,22.4,23.6,23,1.04016478,0.141367894
CAT2.3,CAT2.3A,CAT2.3A_17,23.8,25,24.4,1.03460417,0.145291615
CAT2.3,CAT2.3A,CAT2.3A_18,25.3,26.5,25.9,1.033039496,0.148396891
CAT2.3,CAT2.3A,CAT2.3A_19,26.7,27.9,27.3,1.10388312,0.159662544
CAT2.3,CAT2.3A,CAT2.3A_20,28.2,29.4,28.8,1.16610306,0.170373458
CAT2.3,CAT2.3A,CAT2.3A_21,29.6,30.7,30.2,1.858804028,0.290230006
CAT2.3,CAT2.3A,CAT2.3A_22,31,32.1,31.6,1.078178435,0.204189212
CAT2.3,CAT2.3A,CAT2.3A_23,32.4,33.6,33,1.053618166,0.205179069
CAT2.3,CAT2.3A,CAT2.3A_24,33.8,35,34.4,1.130482578,0.217772129
CAT2.3,CAT2.3A,CAT2.3A_25,35.3,36.5,35.9,1.104629349,0.223188308
CAT2.3,CAT2.3A,CAT2.3A_26,36.7,37.9,37.3,1.102167657,0.216304064
CAT2.3,CAT2.3A,CAT2.3A_27,38.2,39.3,38.7,1.091505676,0.207657987
CAT2.3,CAT2.3A,CAT2.3A_28,39.5,40.7,40.1,0.995403203,0.249493964
CAT2.3,CAT2.3A,CAT2.3A_29,41,42.1,41.5,1.16658895,0.23564238
CAT2.3,CAT2.3A,CAT2.3A_30,42.3,43.4,42.9,1.256723848,0.25522441
CAT2.3,CAT2.3A,CAT2.3A_31,43.7,44.8,44.3,1.138347641,0.235661405
CAT2.3,CAT2.3B,CAT2.3B_37,45,46.3,45.6,0.949846339,0.179543716
CAT2.3,CAT2.3B,CAT2.3B_38,46.4,47.6,47,0.906682618,0.163283006
CAT2.3,CAT2.3B,CAT2.3B_39,47.7,48.9,48.3,1.062127664,0.213954409
CAT2.3,CAT2.3B,CAT2.3B_40,49.1,50.3,49.7,1.065820334,0.206167056
CAT2.3,CAT2.3B,CAT2.3B_41,50.4,51.5,50.9,1.131670211,0.230777791
CAT2.3,CAT2.3B,CAT2.3B_42,51.6,52.7,52.2,1.101722601,0.211486343
CAT2.3,CAT2.3B,CAT2.3B_43,52.9,54,53.4,1.149068625,0.250350069
CAT2.3,CAT2.3B,CAT2.3B_44,54.1,55.2,54.7,1.114276755,0.30564429
CAT2.3,CAT2.3B,CAT2.3B_45,55.3,56.5,55.9,1.21810385,0.365062981
CAT2.3,CAT2.3B,CAT2.3B_46,56.6,57.9,57.3,1.115536119,0.331316328
CAT2.3,CAT2.3B,CAT2.3B_47,58.1,59.3,58.7,0.916031278,0.134803354
CAT2.3,CAT2.3B,CAT2.3B_48,59.4,60.6,60,0.535461153,0.15844722
CAT2.3,CAT2.3B,CAT2.3B_49,60.7,61.8,61.3,0.952233044,0.133489915
CAT2.3,CAT2.3B,CAT2.3B_50,62,63.2,62.6,1.034033154,0.15108291
CAT2.3,CAT2.3B,CAT2.3B_51,63.3,64.5,63.9,1.111374686,0.155021157
CAT2.3,CAT2.3B,CAT2.3B_52,64.6,65.7,65.1,1.068716004,0.148372174
CAT2.3,CAT2.3B,CAT2.3B_53,65.8,66.9,66.4,1.22811926,0.169878103
CAT2.3,CAT2.3B,CAT2.3B_54,67.1,68.2,67.6,1.197892985,0.248948007
CAT2.3,CAT2.3B,CAT2.3B_55,68.3,69.4,68.9,1.207628855,0.325103155
CAT2.3,CAT2.3B,CAT2.3B_56,69.5,70.7,70.1,1.019679834,0.134092116
CAT2.3,CAT2.3B,CAT2.3B_57,70.9,72,71.5,0.985781652,0.122047187
CAT2.3,CAT2.3B,CAT2.3B_58,72.2,73.3,72.7,1.023683691,0.118374813
CAT2.3,CAT2.3B,CAT2.3B_59,73.4,74.5,74,1.236617699,0.143787787
CAT2.3,CAT2.3B,CAT2.3B_60,74.7,75.8,75.2,1.112570253,0.139687554
CAT2.3,CAT2.3B,CAT2.3B_61,75.9,77.1,76.5,0.988731249,0.145966602
CAT2.3,CAT2.3B,CAT2.3B_62,77.2,78.2,77.7,1.313699837,0.192928754
CAT2.3,CAT2.3B,CAT2.3B_63,78.3,79.4,78.9,1.079874433,0.157720916
CAT2.3,CAT2.3B,CAT2.3B_64,79.6,80.7,80.1,1.132176304,0.15062977
CAT2.3,CAT2.3B,CAT2.3B_65,80.8,81.9,81.4,1.162056066,0.066260719
CAT2.3,CAT2.3B,CAT2.3B_66,82.1,83.2,82.6,1.001786008,0.120355421
CAT2.3,CAT2.3B,CAT2.3B_67,83.3,84.4,83.8,1.06355868,0.157027984
CAT2.3,CAT2.3B,CAT2.3B_68,84.5,85.6,85.1,0.936802305,0.14231974
CAT2.3,CAT2.3B,CAT2.3B_69,85.8,86.9,86.3,1.024694977,0.153760003
CAT2.3,CAT2.3B,CAT2.3B_70,87,88,87.5,1.012232025,0.125809127
CAT2.3,CAT2.3C,CAT2.3C_77,88,89,88.5,1.26811788,0.170136318
CAT2.3,CAT2.3C,CAT2.3C_78,89.2,90.2,89.7,1.246811194,0.181398193
CAT2.3,CAT2.3C,CAT2.3C_79,90.4,91.4,90.9,1.28638541,0.170999129
CAT2.3,CAT2.3C,CAT2.3C_80,91.7,92.8,92.2,1.204895075,0.149560074
CAT2.3,CAT2.3C,CAT2.3C_81,93,94.1,93.6,1.237839846,0.139463691
CAT2.3,CAT2.3C,CAT2.3C_82,94.3,95.4,94.9,1.201044503,0.140996744
CAT2.3,CAT2.3C,CAT2.3C_83,95.7,96.8,96.2,1.17219861,0.139855157
CAT2.3,CAT2.3C,CAT2.3C_84,97,98,97.5,1.2493207,0.147945917
CAT2.3,CAT2.3C,CAT2.3C_85,98.3,99.3,98.8,1.437837906,0.178381335
CAT2.3,CAT2.3C,CAT2.3C_86,99.5,100.6,100.1,1.223962328,0.152653565
CAT2.3,CAT2.3C,CAT2.3C_87,100.8,101.9,101.4,1.274498031,0.162412861
CAT2.3,CAT2.3C,CAT2.3C_88,102.2,103.3,102.7,1.192420028,0.155842071
CAT2.3,CAT2.3C,CAT2.3C_89,103.5,104.7,104.1,1.088749161,0.126388301
CAT2.3,CAT2.3C,CAT2.3C_90,104.9,105.9,105.4,1.313625181,0.19075735
CAT2.3,CAT2.3C,CAT2.3C_91,106.1,107.2,106.7,1.3941053,0.203964459
CAT2.3,CAT2.3C,CAT2.3C_92,107.4,108.6,108,1.15928167,0.17547063
CAT2.3,CAT2.3C,CAT2.3C_93,108.9,109.9,109.4,1.481714498,0.214472994
CAT2.3,CAT2.3C,CAT2.3C_94,110.1,111.2,110.7,1.198412509,0.166551018
CAT2.3,CAT2.3C,CAT2.3C_95,111.4,112.5,112,1.362404457,0.209094204
CAT2.3,CAT2.3C,CAT2.3C_96,112.8,113.9,113.3,1.188295696,0.19596796
CAT2.3,CAT2.3C,CAT2.3C_97,114.1,115,114.5,1.480745695,0.225192977
CAT2.3,CAT2.3C,CAT2.3C_98,115.2,116.2,115.7,1.418781316,0.22062845
CAT2.3,CAT2.3C,CAT2.3C_99,116.5,117.5,117,1.237543026,0.199235249
CAT2.3,CAT2.3C,CAT2.3C_100,117.7,118.7,118.2,1.281216638,0.21912978
CAT2.3,CAT2.3C,CAT2.3C_101,118.9,119.9,119.4,1.37857682,0.231092554
CAT2.3,CAT2.3C,CAT2.3C_102,120.1,121.2,120.7,1.23623645,0.202547291
CAT2.3,CAT2.3C,CAT2.3C_103,121.5,122.5,122,1.337600801,0.232526924
CAT2.3,CAT2.3D,CAT2.3D_110,122.4,123.5,123,1.009096117,0.148442263
CAT2.3,CAT2.3D,CAT2.3D_111,123.8,124.8,124.3,1.129804076,0.176616712
CAT2.3,CAT2.3D,CAT2.3D_112,125,126.1,125.5,1.004164409,0.145139625
CAT2.3,CAT2.3D,CAT2.3D_113,126.3,127.5,126.9,1.05355011,0.140840078
CAT2.3,CAT2.3D,CAT2.3D_114,127.7,128.7,128.2,1.17889595,0.151810809
CAT2.3,CAT2.3D,CAT2.3D_115,128.9,130,129.5,1.157762925,0.164752444
CAT2.3,CAT2.3D,CAT2.3D_116,130.2,131.2,130.7,0.998103219,0.135930871
CAT2.3,CAT2.3D,CAT2.3D_117,131.4,132.4,131.9,1.130758351,0.145446381
CAT2.3,CAT2.3D,CAT2.3D_118,132.6,133.7,133.2,1.227139144,0.16106143
CAT2.3,CAT2.3D,CAT2.3D_119,133.9,135,134.4,1.118634843,0.127752594
CAT2.3,CAT2.3D,CAT2.3D_120,135.2,136.3,135.7,1.170908017,0.15050145
CAT2.3,CAT2.3D,CAT2.3D_121,136.5,137.6,137.1,1.132357278,0.151167996
CAT2.3,CAT2.3D,CAT2.3D_122,137.8,138.9,138.4,1.090294101,0.136587371
CAT2.3,CAT2.3D,CAT2.3D_123,139.1,140.2,139.7,1.100790774,0.135414207
CAT2.3,CAT2.3D,CAT2.3D_124,140.5,141.6,141,1.112693439,0.143280482
CAT2.3,CAT2.3D,CAT2.3D_125,141.8,142.9,142.3,1.016943067,0.152371928
CAT2.3,CAT2.3D,CAT2.3D_126,143.1,144.2,143.6,1.064622568,0.152222866
CAT2.3,CAT2.3D,CAT2.3D_127,144.4,145.5,144.9,1.190109762,0.183036875
CAT2.3,CAT2.3D,CAT2.3D_128,145.7,146.8,146.2,1.097192242,0.190032644
CAT2.3,CAT2.3D,CAT2.3D_129,147,148.1,147.6,1.034161949,0.174852291
CAT2.3,CAT2.3D,CAT2.3D_130,148.3,149.4,148.9,1.235208037,0.204227317
CAT2.3,CAT2.3D,CAT2.3D_131,149.6,150.8,150.2,1.129276436,0.215203615
CAT2.3,CAT2.3D,CAT2.3D_132,151,152.1,151.5,1.203718381,0.247906968
CAT2.3,CAT2.3D,CAT2.3D_133,152.3,153.4,152.8,1.241811238,0.259005189
CAT2.3,CAT2.3D,CAT2.3D_134,153.6,154.8,154.2,1.002428655,0.213264326
CAT2.3,CAT2.3D,CAT2.3D_135,155,156.2,155.6,1.093840837,0.219652153
CAT2.3,CAT2.3D,CAT2.3D_136,156.4,157.6,157,1.301967225,0.271911683
CAT2.3,CAT2.3D,CAT2.3D_137,157.8,158.8,158.3,1.209660153,0.257423645
CAT2.3,CAT2.3D,CAT2.3D_138,159,160.1,159.6,1.128202073,0.249386008
CAT2.3,CAT2.3D,CAT2.3D_139,160.4,161.5,160.9,1.120828875,0.19269917
CAT2.3,CAT2.3D,CAT2.3D_140,161.7,162.8,162.2,1.200505742,0.180230805
CAT2.3,CAT2.3D,CAT2.3D_141,163,164.1,163.5,1.074111604,0.160255689
CAT2.3,CAT2.3D,CAT2.3D_142,164.3,165.5,164.9,0.977683449,0.142723604
CAT2.3,CAT2.3E,CAT2.3E_149,165.2,166.3,165.7,1.193818482,0.214261901
CAT2.3,CAT2.3E,CAT2.3E_150,166.5,167.5,167,1.322017725,0.223544964
CAT2.3,CAT2.3E,CAT2.3E_151,167.8,168.9,168.3,1.107201935,0.188899045
CAT2.3,CAT2.3E,CAT2.3E_152,169.1,170.2,169.6,1.01314716,0.164945758
CAT2.3,CAT2.3E,CAT2.3E_153,170.4,171.5,171,1.191140947,0.174487866
CAT2.3,CAT2.3E,CAT2.3E_154,171.8,173,172.4,1.217510952,0.186975429
CAT2.3,CAT2.3E,CAT2.3E_155,173.2,174.3,173.8,1.192567906,0.183044505
CAT2.3,CAT2.3E,CAT2.3E_156,174.6,175.7,175.1,1.103736241,0.16626258
CAT2.3,CAT2.3E,CAT2.3E_157,175.9,177,176.5,1.083486302,0.186030899
CAT2.3,CAT2.3E,CAT2.3E_158,177.2,178.3,177.8,1.088575398,0.204684829
CAT2.3,CAT2.3E,CAT2.3E_159,178.6,179.6,179.1,0.728144163,0.124613079
CAT2.3,CAT2.3E,CAT2.3E_160,179.8,180.9,180.4,1.131257405,0.177238459
CAT2.3,CAT2.3E,CAT2.3E_161,181.2,182.2,181.7,1.34518259,0.243908705
CAT2.3,CAT2.3E,CAT2.3E_162,182.4,183.5,183,1.231902271,0.21474813
CAT2.3,CAT2.3E,CAT2.3E_163,183.8,184.9,184.3,1.252135986,0.365683349
CAT2.3,CAT2.3E,CAT2.3E_164,185.1,186.2,185.6,1.149205564,0.223619164
CAT2.3,CAT2.3E,CAT2.3E_165,186.4,187.5,187,1.291345842,0.167867016
CAT2.3,CAT2.3E,CAT2.3E_166,187.8,188.9,188.3,1.193483501,0.197249645
CAT2.3,CAT2.3E,CAT2.3E_167,189.1,190.1,189.6,1.295276447,0.31309505
CAT2.3,CAT2.3E,CAT2.3E_168,190.4,191.5,190.9,1.320565042,0.359404485
CAT2.3,CAT2.3E,CAT2.3E_169,191.7,192.7,192.2,1.081844875,0.237470529
CAT2.3,CAT2.3E,CAT2.3E_170,192.9,193.7,193.3,1.046446391,0.191868365
CAT2.3,CAT2.3E,CAT2.3E_171,194,195,194.5,0.998794894,0.196567954
CAT2.3,CAT2.3E,CAT2.3E_172,195.2,196.2,195.7,1.645247514,0.554097665
CAT2.3,CAT2.3E,CAT2.3E_173,196.4,197.4,196.9,1.391853752,0.483841006
CAT2.3,CAT2.3E,CAT2.3E_174,197.7,198.6,198.1,1.776296062,1.083642836
CAT2.3,CAT2.3E,CAT2.3E_175,198.8,199.9,199.4,1.368123823,0.845215669
CAT2.3,CAT2.3E,CAT2.3E_176,200.1,201.3,200.7,1.563815632,0.861007294
CAT2.3,CAT2.3E,CAT2.3E_177,201.6,202.7,202.1,1.378718125,0.348504425
CAT2.3,CAT2.3E,CAT2.3E_178,202.9,203.9,203.4,1.384394087,0.250526557
CAT2.3,CAT2.3E,CAT2.3E_179,204.2,205.3,204.7,1.279510249,0.214225656
CAT2.3,CAT2.3E,CAT2.3E_180,205.5,206.7,206.1,1.154343104,0.19504035
CAT2.3,CAT2.3E,CAT2.3E_181,207,208.1,207.5,1.240904167,0.205460125
CAT2.3,CAT2.3E,CAT2.3E_182,208.3,210,209.2,1.084194052,0.150389203
HER42PB,HER42PB1A,HER42PB1A_1,0,1,0.5,1.190718461,0.279104086
HER42PB,HER42PB1A,HER42PB1A_2,1.2,2.3,1.8,1.162287003,0.25941637
HER42PB,HER42PB1A,HER42PB1A_3,2.5,3.7,3.1,1.194806627,0.245198178
HER42PB,HER42PB1A,HER42PB1A_4,3.9,5.1,4.5,1.101804388,0.250475301
HER42PB,HER42PB1A,HER42PB1A_5,5.3,6.5,5.9,1.269504903,0.360788755
HER42PB,HER42PB1A,HER42PB1A_6,6.7,7.9,7.3,1.257864718,0.381220758
HER42PB,HER42PB1A,HER42PB1A_7,8.1,9.3,8.7,1.438096813,1.012276019
HER42PB,HER42PB1A,HER42PB1A_8,9.5,10.7,10.1,1.16923563,0.36700443
HER42PB,HER42PB1A,HER42PB1A_9,10.9,12.1,11.5,1.204586704,0.292144605
HER42PB,HER42PB1A,HER42PB1A_10,12.3,13.4,12.9,1.307603629,0.361834086
HER42PB,HER42PB1A,HER42PB1A_11,13.6,14.7,14.2,1.26877714,0.398689956
HER42PB,HER42PB1A,HER42PB1A_12,14.9,16.1,15.5,1.3972751,0.402769584
HER42PB,HER42PB1A,HER42PB1A_13,16.3,17.5,16.9,1.228706985,0.345137645
HER42PB,HER42PB1A,HER42PB1A_14,17.8,19,18.4,1.288249476,0.326090811
HER42PB,HER42PB1A,HER42PB1A_15,19.2,20.3,19.7,1.398899829,0.409214988
HER42PB,HER42PB1A,HER42PB1A_16,20.5,21.6,21.1,1.835017889,0.603070633
HER42PB,HER42PB1A,HER42PB1A_17,21.8,23,22.4,1.465303949,0.47758125
HER42PB,HER42PB1A,HER42PB1A_18,23.3,24.5,23.9,1.475123307,0.486637912
HER42PB,HER42PB1A,HER42PB1A_19,24.7,25.9,25.3,1.452957633,0.439175557
HER42PB,HER42PB1A,HER42PB1A_20,26.1,27.3,26.7,1.379875419,0.434378762
HER42PB,HER42PB1A,HER42PB1A_21,27.5,28.7,28.1,1.440218824,0.469334961
HER42PB,HER42PB1A,HER42PB1A_22,28.9,30,29.5,1.555060527,0.563871259
HER42PB,HER42PB1A,HER42PB1A_23,30.2,31.4,30.8,1.508671664,0.561976982
HER42PB,HER42PB1A,HER42PB1A_24,31.6,32.8,32.2,1.485564904,0.594096791
HER42PB,HER42PB1A,HER42PB1A_25,33.1,34.1,33.6,1.906409617,0.771593844
HER42PB,HER42PB1A,HER42PB1A_26,34.3,35.5,34.9,1.666331818,0.683742462
HER42PB,HER42PB1A,HER42PB1A_27,35.7,36.9,36.3,1.60872378,0.645155487
HER42PB,HER42PB1A,HER42PB1A_28,37.1,38.2,37.7,1.596457218,0.587799686
HER42PB,HER42PB1A,HER42PB1A_29,38.4,39.6,39,1.548451535,0.661380611
HER42PB,HER42PB1A,HER42PB1A_30,39.8,40.9,40.4,1.58526554,0.622673978
HER42PB,HER42PB1A,HER42PB1A_31,41.2,42.3,41.7,1.796507878,0.743284189
HER42PB,HER42PB1A,HER42PB1A_32,42.5,43.7,43.1,1.491320473,0.420914957
HER42PB,HER42PB1A,HER42PB1A_33,43.9,45,44.4,1.464205405,0.390699312
HER42PB,HER42PB1B,HER42PB1B_41,44.4,45.5,45,1.455354602,0.418588538
HER42PB,HER42PB1B,HER42PB1B_42,45.7,46.9,46.3,1.613461034,0.478565715
HER42PB,HER42PB1B,HER42PB1B_43,47.1,48.2,47.6,1.484862995,0.418329276
HER42PB,HER42PB1B,HER42PB1B_44,48.4,49.6,49,1.39757458,0.360025171
HER42PB,HER42PB1B,HER42PB1B_45,49.8,51,50.4,1.562984659,0.366648942
HER42PB,HER42PB1B,HER42PB1B_46,51.2,52.4,51.8,1.448336872,0.375842969
HER42PB,HER42PB1B,HER42PB1B_47,52.6,53.8,53.2,1.494360417,0.378959409
HER42PB,HER42PB1B,HER42PB1B_48,54,55.1,54.5,1.527198848,0.371069084
HER42PB,HER42PB1B,HER42PB1B_49,55.3,56.5,55.9,1.648351656,0.442924564
HER42PB,HER42PB1B,HER42PB1B_50,56.7,57.8,57.2,1.711066358,0.530621874
HER42PB,HER42PB1B,HER42PB1B_51,58,59.1,58.6,1.688936726,0.461005818
HER42PB,HER42PB1B,HER42PB1B_52,59.3,60.4,59.9,1.724199988,0.435359809
HER42PB,HER42PB1B,HER42PB1B_53,60.6,61.7,61.2,1.73742189,0.441908109
HER42PB,HER42PB1B,HER42PB1B_54,61.9,63.1,62.5,1.598850004,0.436168051
HER42PB,HER42PB1B,HER42PB1B_55,63.3,64.4,63.9,1.521407585,0.350514986
HER42PB,HER42PB1B,HER42PB1B_56,64.7,65.8,65.2,1.583749449,0.315063631
HER42PB,HER42PB1B,HER42PB1B_57,66,67.1,66.5,1.762282242,0.440406597
HER42PB,HER42PB1B,HER42PB1B_58,67.3,68.3,67.8,1.576567605,0.408486686
HER42PB,HER42PB1B,HER42PB1B_59,68.5,69.7,69.1,1.617786514,0.431341154
HER42PB,HER42PB1B,HER42PB1B_60,69.9,70.9,70.4,1.774950672,0.547574206
HER42PB,HER42PB1B,HER42PB1B_61,71.1,72.2,71.7,1.633499476,0.479687601
HER42PB,HER42PB1B,HER42PB1B_62,72.4,73.5,73,1.746952898,0.505887874
HER42PB,HER42PB1B,HER42PB1B_63,73.7,74.8,74.3,1.486545411,0.402178631
HER42PB,HER42PB1B,HER42PB1B_64,75,76,75.5,1.766302218,0.526618234
HER42PB,HER42PB1B,HER42PB1B_65,76.2,77.3,76.8,1.570750619,0.506317125
HER42PB,HER42PB1B,HER42PB1B_66,77.6,78.6,78.1,1.832862917,0.63687363
HER42PB,HER42PB1B,HER42PB1B_67,78.8,79.9,79.4,1.630536576,0.543564949
HER42PB,HER42PB1B,HER42PB1B_68,80.1,81.3,80.7,1.760752298,0.700473708
HER42PB,HER42PB1B,HER42PB1B_69,81.5,82.5,82,1.810695309,0.795053383
HER42PB,HER42PB1B,HER42PB1B_70,82.7,83.8,83.3,1.812922763,0.864559631
HER42PB,HER42PB1C,HER42PB1C_78,83.9,85,84.5,1.425824496,0.601112098
HER42PB,HER42PB1C,HER42PB1C_79,85.2,86.4,85.8,1.399997297,0.639923429
HER42PB,HER42PB1C,HER42PB1C_80,86.5,87.8,87.2,1.356188703,0.698967031
HER42PB,HER42PB1C,HER42PB1C_81,88,89.3,88.6,1.143187812,0.378104666
HER42PB,HER42PB1C,HER42PB1C_82,89.4,90.6,90,1.224048008,0.332195705
HER42PB,HER42PB1C,HER42PB1C_83,90.8,92,91.4,1.249217033,0.311402224
HER42PB,HER42PB1C,HER42PB1C_84,92.1,93.3,92.7,1.233513654,0.319980702
HER42PB,HER42PB1C,HER42PB1C_85,93.5,94.6,94.1,1.24854677,0.290267712
HER42PB,HER42PB1C,HER42PB1C_86,94.8,96,95.4,1.184052507,0.269401567
HER42PB,HER42PB1C,HER42PB1C_87,96.2,97.4,96.8,1.241811366,0.31894005
HER42PB,HER42PB1C,HER42PB1C_88,97.6,98.7,98.1,1.364866976,0.382954432
HER42PB,HER42PB1C,HER42PB1C_89,98.8,100,99.4,1.199790763,0.315897345
HER42PB,HER42PB1C,HER42PB1C_90,100.2,101.4,100.8,1.344199289,0.390327941
HER42PB,HER42PB1C,HER42PB1C_91,101.6,103.1,102.3,0.967411229,0.224223708
HER42PB,HER42PB1C,HER42PB1C_92,103.2,104.3,103.8,1.408879643,0.306344025
HER42PB,HER42PB1C,HER42PB1C_93,104.5,105.7,105.1,1.325036204,0.291751539
HER42PB,HER42PB1C,HER42PB1C_94,105.8,107,106.4,1.380827462,0.293830093
HER42PB,HER42PB1C,HER42PB1C_95,107.2,108.4,107.8,1.274068482,0.315372773
HER42PB,HER42PB1C,HER42PB1C_96,108.5,109.7,109.1,1.480333795,0.489301156
HER42PB,HER42PB1C,HER42PB1C_97,109.8,111,110.4,1.657400535,0.599604911
HER42PB,HER42PB1C,HER42PB1C_98,111.1,112.3,111.7,1.351347874,0.577738883
HER42PB,HER42PB1C,HER42PB1C_99,112.5,113.7,113.1,1.300594246,0.366258123
HER42PB,HER42PB1C,HER42PB1C_100,113.9,115,114.4,1.370435078,0.405053625
HER42PB,HER42PB1C,HER42PB1C_101,115.2,116.4,115.8,1.397547382,0.402713427
HER42PB,HER42PB1C,HER42PB1C_102,116.5,117.7,117.1,1.304563217,0.404836537
HER42PB,HER42PB1C,HER42PB1C_103,117.9,119.1,118.5,1.305318726,0.31078332
HER42PB,HER42PB1C,HER42PB1C_104,119.2,120.3,119.8,1.286680034,0.298078963
HER42PB,HER42PB1C,HER42PB1C_105,120.5,121.6,121.1,1.468636202,0.292756871
HER42PB,HER42PB1C,HER42PB1C_106,121.8,123,122.4,1.36484667,0.279709147
HER42PB,HER42PB1C,HER42PB1C_107,123.1,124.2,123.7,1.599348045,0.381213233
HER42PB,HER42PB1C,HER42PB1C_108,124.4,125.4,124.9,1.476201679,0.330737611
HER42PB,HER42PB1D,HER42PB1D_116,124.8,126,125.4,1.403698729,0.237150015
HER42PB,HER42PB1D,HER42PB1D_117,126,127.2,126.6,1.303074513,0.263595218
HER42PB,HER42PB1D,HER42PB1D_118,127.3,128.4,127.8,1.677445849,0.402971752
HER42PB,HER42PB1D,HER42PB1D_119,128.4,129.6,129,1.385201869,0.252551983
HER42PB,HER42PB1D,HER42PB1D_120,129.7,130.9,130.3,1.466430569,0.205503801
HER42PB,HER42PB1D,HER42PB1D_121,130.9,132.2,131.6,1.214761305,0.187676057
HER42PB,HER42PB1D,HER42PB1D_122,132.3,133.4,132.9,1.516718498,0.265222253
HER42PB,HER42PB1D,HER42PB1D_123,133.5,134.6,134,1.422594236,0.194914315
HER42PB,HER42PB1D,HER42PB1D_124,134.7,135.7,135.2,1.08350784,0.2458707
HER42PB,HER42PB1D,HER42PB1D_125,135.8,137,136.4,1.151482653,0.182278643
HER42PB,HER42PB1D,HER42PB1D_126,137.1,138.3,137.7,1.166808063,0.195352204
HER42PB,HER42PB1D,HER42PB1D_127,138.3,139.5,138.9,1.249450517,0.233634418
HER42PB,HER42PB1D,HER42PB1D_128,139.6,140.8,140.2,1.472666558,0.306162848
HER42PB,HER42PB1D,HER42PB1D_129,140.8,142,141.4,1.560541486,0.30458011
HER42PB,HER42PB1D,HER42PB1D_130,142,143.2,142.6,1.482818938,0.303345194
HER42PB,HER42PB1D,HER42PB1D_131,143.2,144.4,143.8,1.597827522,0.317513884
HER42PB,HER42PB1D,HER42PB1D_132,144.5,145.7,145.1,1.459858489,0.237511093
HER42PB,HER42PB1D,HER42PB1D_133,145.7,146.9,146.3,1.442261925,0.220492254
HER42PB,HER42PB1D,HER42PB1D_134,147,148.2,147.6,1.333417535,0.234385137
HER42PB,HER42PB1D,HER42PB1D_135,148.2,149.4,148.8,1.479377712,0.241649974
HER42PB,HER42PB1D,HER42PB1D_136,149.5,150.6,150,1.360382658,0.211474908
HER42PB,HER42PB1D,HER42PB1D_137,150.7,151.9,151.3,1.400686525,0.223349145
HER42PB,HER42PB1D,HER42PB1D_138,152,153.1,152.5,1.53989481,0.286413684
HER42PB,HER42PB1D,HER42PB1D_139,153.1,154.3,153.7,1.481486718,0.281688345
HER42PB,HER42PB1D,HER42PB1D_140,154.4,155.6,155,1.471339685,0.241634891
HER42PB,HER42PB1D,HER42PB1D_141,155.7,156.8,156.2,1.520184829,0.285666002
HER42PB,HER42PB1D,HER42PB1D_142,156.9,158,157.4,1.471667458,0.267018752
HER42PB,HER42PB1D,HER42PB1D_143,158,159.1,158.6,1.638567964,0.383811331
HER42PB,HER42PB1D,HER42PB1D_144,159.2,160.3,159.8,1.666705619,0.509389576
HER42PB,HER42PB1D,HER42PB1D_145,160.4,161.6,161,1.534016277,0.362041755
HER42PB,HER42PB1D,HER42PB1D_146,161.6,162.8,162.2,1.523401507,0.3935766
HER42PB,HER42PB1D,HER42PB1D_147,162.9,164.1,163.5,1.693191287,0.343529575
HER42PB,HER42PB1E,HER42PB1E_155,164.6,165.9,165.2,1.349082358,0.216553412
HER42PB,HER42PB1E,HER42PB1E_156,166.2,167.4,166.8,1.353577511,0.229067191
HER42PB,HER42PB1E,HER42PB1E_157,167.8,169,168.4,1.493061423,0.239171201
HER42PB,HER42PB1E,HER42PB1E_158,169.3,170.5,169.9,1.495087526,0.21879694
HER42PB,HER42PB1E,HER42PB1E_159,170.9,172.1,171.5,1.365575318,0.248364642
HER42PB,HER42PB1E,HER42PB1E_160,172.4,173.6,173,1.322600472,0.212476309
HER42PB,HER42PB1E,HER42PB1E_161,174,175.2,174.6,1.393639509,0.264308814
HER42PB,HER42PB1E,HER42PB1E_162,175.6,176.8,176.2,1.508644728,0.254796532
HER42PB,HER42PB1E,HER42PB1E_163,177.2,178.4,177.8,1.438675211,0.212404094
HER42PB,HER42PB1E,HER42PB1E_164,178.7,179.9,179.3,1.331416971,0.208564173
HER42PB,HER42PB1E,HER42PB1E_165,180.3,181.5,180.9,1.38170736,0.196303963
HER42PB,HER42PB1E,HER42PB1E_166,181.9,183.1,182.5,1.288336589,0.195658501
HER42PB,HER42PB1E,HER42PB1E_167,183.5,184.7,184.1,1.540081909,0.225782008
HER42PB,HER42PB1E,HER42PB1E_168,185,186.3,185.6,1.307842993,0.18143356
HER42PB,HER42PB1E,HER42PB1E_169,186.6,187.9,187.3,1.310472707,0.216499108
HER42PB,HER42PB1E,HER42PB1E_170,188.3,189.6,188.9,1.364690477,0.190933366
HER42PB,HER42PB1E,HER42PB1E_171,189.9,191.2,190.6,1.357606863,0.20157157
HER42PB,HER42PB1E,HER42PB1E_172,191.6,192.9,192.2,1.348259494,0.200839474
HER42PB,HER42PB1E,HER42PB1E_173,193.2,194.5,193.9,1.329519807,0.183621008
HER42PB,HER42PB1E,HER42PB1E_174,194.9,196.1,195.5,1.154562416,0.181470174
HER42PB,HER42PB1E,HER42PB1E_175,196.4,197.7,197.1,1.317141553,0.248231744
HER42PB,HER42PB1E,HER42PB1E_176,198.1,199.2,198.6,1.35656445,0.282330073
HER42PB,HER42PB1E,HER42PB1E_177,199.5,200.6,200.1,1.22040666,0.304003385
HER42PB,HER42PB1E,HER42PB1E_178,201,202.1,201.6,1.407070401,0.349201972
HER42PB,HER42PB1E,HER42PB1E_179,202.5,203.6,203,1.463243334,0.202157788
HER42PB,HER42PB1F,HER42PB1F_186,204,205.2,204.6,1.304175187,0.226259755
HER42PB,HER42PB1F,HER42PB1F_187,205.4,206.5,205.9,1.433698532,0.313109698
HER42PB,HER42PB1F,HER42PB1F_188,206.7,207.9,207.3,1.184330954,0.173121694
HER42PB,HER42PB1F,HER42PB1F_189,208.1,209.3,208.7,1.301712844,0.190791821
HER42PB,HER42PB1F,HER42PB1F_190,209.5,210.7,210.1,1.406793458,0.219799628
HER42PB,HER42PB1F,HER42PB1F_191,210.9,212.2,211.5,1.290234526,0.243991857
HER42PB,HER42PB1F,HER42PB1F_192,212.4,213.5,212.9,1.290593788,0.239071815
HER42PB,HER42PB1F,HER42PB1F_193,213.7,215,214.4,1.274050455,0.229910683
HER42PB,HER42PB1F,HER42PB1F_194,215.2,216.4,215.8,1.316712948,0.177938959
HER42PB,HER42PB1F,HER42PB1F_195,216.6,217.8,217.2,1.353967438,0.173062646
HER42PB,HER42PB1F,HER42PB1F_196,217.9,219.1,218.5,1.348625219,0.194773439
HER42PB,HER42PB1F,HER42PB1F_197,219.3,220.5,219.9,1.350659191,0.190939371
HER42PB,HER42PB1F,HER42PB1F_198,220.7,221.9,221.3,1.237846954,0.161672986
HER42PB,HER42PB1F,HER42PB1F_199,222,223.2,222.6,1.316111963,0.179730965
HER42PB,HER42PB1F,HER42PB1F_200,223.4,224.6,224,1.224382964,0.142526569
HER42PB,HER42PB1F,HER42PB1F_201,224.8,225.9,225.3,1.265680936,0.150205423
HER42PB,HER42PB1F,HER42PB1F_202,226.1,227.3,226.7,1.429178148,0.181245119
HER42PB,HER42PB1F,HER42PB1F_203,227.5,228.7,228.1,1.26715446,0.136406449
HER42PB,HER42PB1F,HER42PB1F_204,228.9,230.1,229.5,1.299416643,0.149589859
HER42PB,HER42PB1F,HER42PB1F_205,230.3,231.5,230.9,1.28907927,0.149096641
HER42PB,HER42PB1F,HER42PB1F_206,231.6,232.9,232.3,1.276609128,0.183086437
HER42PB,HER42PB1F,HER42PB1F_207,233.1,234.3,233.7,1.426212445,0.349470285
HER42PB,HER42PB1F,HER42PB1F_208,234.5,235.7,235.1,1.533027717,0.381381347
HER42PB,HER42PB1F,HER42PB1F_209,235.8,236.9,236.4,1.522494128,0.408431499
HER42PB,HER42PB1F,HER42PB1F_210,237.1,238.3,237.7,1.410678908,0.326788003
HER42PB,HER42PB1F,HER42PB1F_211,238.4,239.5,239,1.460887927,0.322670089
HER42PB,HER42PB1F,HER42PB1F_212,239.7,240.9,240.3,1.47376722,0.348605614
HER42PB,HER42PB1F,HER42PB1F_213,241.1,242.3,241.7,1.560807418,0.382799429
HER42PB,HER42PB1F,HER42PB1F_214,242.4,243.6,243,1.420269309,0.358277426
HER42PB,HER42PB1F,HER42PB1F_215,243.8,245,244.4,1.508597817,0.358350426
HER42PB,HER42PB1G,HER42PB1G_222,244.2,245.4,244.8,1.292622313,0.368281722
HER42PB,HER42PB1G,HER42PB1G_223,245.6,246.8,246.2,1.274498719,0.242782671
HER42PB,HER42PB1G,HER42PB1G_224,246.9,248.1,247.5,1.153212776,0.154469379
HER42PB,HER42PB1G,HER42PB1G_225,248.3,249.5,248.9,1.192506017,0.158621904
HER42PB,HER42PB1G,HER42PB1G_226,249.7,250.9,250.3,1.224092514,0.161638418
HER42PB,HER42PB1G,HER42PB1G_227,251,252.3,251.6,1.199581556,0.153974737
HER42PB,HER42PB1G,HER42PB1G_228,252.4,253.6,253,1.20780432,0.179134036
HER42PB,HER42PB1G,HER42PB1G_229,253.7,254.9,254.3,1.381766839,0.201048116
HER42PB,HER42PB1G,HER42PB1G_230,255,256.2,255.6,1.210195209,0.220833912
HER42PB,HER42PB1G,HER42PB1G_231,256.4,257.6,257,1.209302761,0.235306237
HER42PB,HER42PB1G,HER42PB1G_232,257.7,258.9,258.3,1.288558637,0.154935347
HER42PB,HER42PB1G,HER42PB1G_233,259,260.3,259.7,1.118329075,0.16287457
HER42PB,HER42PB1G,HER42PB1G_234,260.5,261.7,261.1,1.224900899,0.168962012
HER42PB,HER42PB1G,HER42PB1G_235,261.8,263,262.4,1.14218638,0.1898307
HER42PB,HER42PB1G,HER42PB1G_236,263.2,264.4,263.8,1.194656242,0.191320901
HER42PB,HER42PB1G,HER42PB1G_237,264.5,265.7,265.1,1.187185208,0.1618074
HER42PB,HER42PB1G,HER42PB1G_238,265.8,267.1,266.5,1.263784165,0.199251161
HER42PB,HER42PB1G,HER42PB1G_239,267.2,268.4,267.8,1.113739857,0.182885953
HER42PB,HER42PB1G,HER42PB1G_240,268.6,269.8,269.2,1.22913432,0.236792999
HER42PB,HER42PB1G,HER42PB1G_241,269.9,271.1,270.5,1.259640561,0.204620168
HER42PB,HER42PB1G,HER42PB1G_242,271.2,272.4,271.8,1.435196631,0.197315579
HER42PB,HER42PB1G,HER42PB1G_243,272.6,273.7,273.1,1.384427874,0.23613408
HER42PB,HER42PB1G,HER42PB1G_244,273.9,275.1,274.5,1.221764683,0.184394971
HER42PB,HER42PB1G,HER42PB1G_245,275.2,276.4,275.8,1.321669226,0.211330496
HER42PB,HER42PB1G,HER42PB1G_246,276.5,277.8,277.2,1.141818451,0.187036073
HER42PB,HER42PB1G,HER42PB1G_247,277.9,279.1,278.5,1.29494755,0.185885156
HER42PB,HER42PB1G,HER42PB1G_248,279.3,280.5,279.9,1.213049882,0.193355808
HER42PB,HER42PB1G,HER42PB1G_249,280.7,281.9,281.3,1.347113608,0.199444282
HER42PB,HER42PB1G,HER42PB1G_250,282,283.2,282.6,1.259437608,0.210370364
HER42PB,HER42PB1G,HER42PB1G_251,283.3,284.5,283.9,1.262299018,0.187025744
HER42PB,HER42PB1G,HER42PB1G_252,284.6,285.6,285.1,1.411556916,0.184019471
HER42PB,HER42PB1G,HER42PB1G_253,285.8,286.9,286.3,1.416381063,0.243732102
HER42PB,HER42PB1G,HER42PB1G_254,287,288.2,287.6,1.397227759,0.235695433
HER42PB,HER42PB1H,HER42PB1H_263,289,290.2,289.6,1.232891005,0.179066227
HER42PB,HER42PB1H,HER42PB1H_264,290.3,291.5,290.9,1.196426329,0.16892534
HER42PB,HER42PB1H,HER42PB1H_265,291.7,292.9,292.3,1.30428034,0.173746284
HER42PB,HER42PB1H,HER42PB1H_266,293,294.2,293.6,1.352949004,0.187874694
HER42PB,HER42PB1H,HER42PB1H_267,294.4,295.5,295,1.447862098,0.199420306
HER42PB,HER42PB1H,HER42PB1H_268,295.7,296.9,296.3,1.300447869,0.179428761
HER42PB,HER42PB1H,HER42PB1H_269,297,298.2,297.6,1.456062418,0.253511174
HER42PB,HER42PB1H,HER42PB1H_270,298.4,299.5,298.9,1.357254991,0.208454656
HER42PB,HER42PB1H,HER42PB1H_271,299.7,300.8,300.2,1.353548577,0.265367606
HER42PB,HER42PB1H,HER42PB1H_272,301,302.2,301.6,1.326198008,0.235340744
HER42PB,HER42PB1H,HER42PB1H_273,302.3,303.5,302.9,1.208740871,0.176689049
HER42PB,HER42PB1H,HER42PB1H_274,303.7,304.9,304.3,1.32876288,0.21122457
HER42PB,HER42PB1H,HER42PB1H_275,305.1,306.3,305.7,1.284353437,0.187157954
HER42PB,HER42PB1H,HER42PB1H_276,306.5,307.7,307.1,1.330254294,0.199791933
HER42PB,HER42PB1H,HER42PB1H_277,307.8,309.1,308.5,1.282412191,0.211155007
HER42PB,HER42PB1H,HER42PB1H_278,309.3,310.6,309.9,1.449237856,0.282455482
HER42PB,HER42PB1H,HER42PB1H_279,310.7,312,311.3,1.329052743,0.252572441
HER42PB,HER42PB1H,HER42PB1H_280,312.1,313.4,312.7,1.328375372,0.238031423
HER42PB,HER42PB1H,HER42PB1H_281,313.5,314.8,314.2,1.482818443,0.31440249
HER42PB,HER42PB1H,HER42PB1H_282,314.9,316.2,315.6,1.328020632,0.286490867
HER42PB,HER42PB1H,HER42PB1H_283,316.4,317.6,317,1.45534112,0.271701459
HER42PB,HER42PB1H,HER42PB1H_284,317.8,319,318.4,1.385452223,0.243432782
HER42PB,HER42PB1H,HER42PB1H_285,319.1,320.3,319.7,1.859867965,0.221673813
HER42PB,HER42PB1H,HER42PB1H_286,320.5,321.8,321.1,1.067397044,0.169807506
HER42PB,HER42PB1H,HER42PB1H_287,322,323.3,322.6,1.259853714,0.205728054
HER42PB,HER42PB1H,HER42PB1H_288,323.4,324.6,324,1.425493992,0.247058989
HER42PB,HER42PB1H,HER42PB1H_289,324.7,325.8,325.3,1.193120926,0.18494316
HER42PB,HER42PB1I,HER42PB1I_297,326.5,327.7,327.1,1.10920941,0.181853486
HER42PB,HER42PB1I,HER42PB1I_298,327.9,329.1,328.5,1.15078491,0.172459813
HER42PB,HER42PB1I,HER42PB1I_299,329.3,330.6,329.9,1.133281406,0.173498399
HER42PB,HER42PB1I,HER42PB1I_300,330.7,332,331.3,1.175549386,0.180819814
HER42PB,HER42PB1I,HER42PB1I_301,332.1,333.3,332.7,1.189131168,0.19074126
HER42PB,HER42PB1I,HER42PB1I_302,333.5,334.8,334.1,1.175221812,0.17791635
HER42PB,HER42PB1I,HER42PB1I_303,334.9,336.2,335.6,1.069202336,0.137835165
HER42PB,HER42PB1I,HER42PB1I_304,336.4,337.6,337,1.222843816,0.180577782
HER42PB,HER42PB1I,HER42PB1I_305,337.8,339,338.4,1.160841,0.164114178
HER42PB,HER42PB1I,HER42PB1I_306,339.2,340.3,339.7,1.11519024,0.150992868
HER42PB,HER42PB1I,HER42PB1I_307,340.4,341.6,341,1.147435998,0.17090546
HER42PB,HER42PB1I,HER42PB1I_308,341.8,343.1,342.4,1.094348798,0.15610952
HER42PB,HER42PB1I,HER42PB1I_309,343.3,344.6,343.9,1.276945621,0.168716211
HER42PB,HER42PB1I,HER42PB1I_310,344.7,346,345.4,1.113492882,0.157030433
HER42PB,HER42PB1I,HER42PB1I_311,346.2,347.5,346.8,1.200109983,0.157366709
HER42PB,HER42PB1I,HER42PB1I_312,347.6,348.8,348.2,1.190533536,0.152862824
HER42PB,HER42PB1I,HER42PB1I_313,349,350.3,349.6,1.239722426,0.173674703
HER42PB,HER42PB1I,HER42PB1I_314,350.4,351.6,351,1.230035337,0.182600063
HER42PB,HER42PB1I,HER42PB1I_315,351.7,352.9,352.3,1.36893837,0.266308131
HER42PB,HER42PB1I,HER42PB1I_316,353.1,354.2,353.6,1.294967795,0.273611368
HER42PB,HER42PB1I,HER42PB1I_317,354.3,355.4,354.9,1.357786376,0.369899647
HER42PB,HER42PB1I,HER42PB1I_318,355.6,356.8,356.2,1.512651995,0.238148039
HER42PB,HER42PB1I,HER42PB1I_319,356.9,358.1,357.5,1.379836436,0.327235487
HER42PB,HER42PB1I,HER42PB1I_320,358.3,359.6,358.9,1.173444081,0.237378233
HER42PB,HER42PB1I,HER42PB1I_321,359.7,360.8,360.3,1.39847281,0.340772096
HER42PB,HER42PB1I,HER42PB1I_322,361,362.2,361.6,1.425873093,0.505420893
HER42PB,HER42PB1I,HER42PB1I_323,362.3,363.5,362.9,1.533210387,0.492934781
HER42PB,HER42PB1I,HER42PB1I_324,363.6,364.7,364.2,1.562961074,0.552653308
HER42PB,HER42PB1I,HER42PB1I_325,364.9,366,365.4,1.538120567,0.466578111
HER42PB,HER42PB1I,HER42PB1I_326,366.1,367.1,366.6,1.745693224,0.530521206
HER42PB,HER42PB1I,HER42PB1I_327,367.3,368.5,367.9,1.523993666,0.51791498
HER42PB,HER42PB1J,HER42PB1J_328,360,361.1,360.6,1.180718342,0.261027448
HER42PB,HER42PB1J,HER42PB1J_329,361.3,362.5,361.9,1.392238244,0.464745764
HER42PB,HER42PB1J,HER42PB1J_330,362.7,363.9,363.3,1.333268487,0.437534137
HER42PB,HER42PB1J,HER42PB1J_331,364.2,365.4,364.8,1.253791676,0.3719873
HER42PB,HER42PB1J,HER42PB1J_332,365.6,366.7,366.1,1.228744218,0.297311712
HER42PB,HER42PB1J,HER42PB1J_333,366.9,368.1,367.5,1.408914254,0.449125525
HER42PB,HER42PB1J,HER42PB1J_334,368.4,369.5,368.9,1.474075507,0.56433911
HER42PB,HER42PB1J,HER42PB1J_335,369.7,370.8,370.2,1.62500023,0.573413754
HER42PB,HER42PB1J,HER42PB1J_336,371,372.2,371.6,1.36093272,0.450416148
HER42PB,HER42PB1J,HER42PB1J_337,372.4,373.7,373,1.453135602,0.526006116
HER42PB,HER42PB1J,HER42PB1J_338,373.9,375,374.5,1.511349909,0.552699064
HER42PB,HER42PB1J,HER42PB1J_339,375.2,376.4,375.8,1.376636954,0.451359279
HER42PB,HER42PB1J,HER42PB1J_340,376.7,377.9,377.3,1.432460071,0.379750435
HER42PB,HER42PB1J,HER42PB1J_341,378.1,379.4,378.8,1.412578053,0.5520555
HER42PB,HER42PB1J,HER42PB1J_342,379.6,380.9,380.3,1.499015514,0.582193263
HER42PB,HER42PB1J,HER42PB1J_343,381.1,382.3,381.7,1.308903557,0.426692215
HER42PB,HER42PB1J,HER42PB1J_344,382.5,383.6,383.1,1.239059593,0.226856357
HER42PB,HER42PB1J,HER42PB1J_345,383.9,385,384.4,1.211654764,0.187655361
HER42PB,HER42PB1J,HER42PB1J_346,385.3,386.5,385.9,1.203467608,0.183188097
HER42PB,HER42PB1J,HER42PB1J_347,386.7,387.9,387.3,1.235026872,0.205399168
HER42PB,HER42PB1J,HER42PB1J_348,388.1,389.4,388.8,1.17259324,0.219942304
HER42PB,HER42PB1J,HER42PB1J_349,389.6,390.9,390.2,1.295060201,0.293299246
HER42PB,HER42PB1J,HER42PB1J_350,391.1,392.3,391.7,1.341651706,0.273243078
HER42PB,HER42PB1J,HER42PB1J_351,392.6,393.8,393.2,1.391253553,0.282501488
HER42PB,HER42PB1J,HER42PB1J_352,394,395.2,394.6,1.235477389,0.230356869
HER42PB,HER42PB1J,HER42PB1J_353,395.4,396.6,396,1.452407997,0.473665959
HER42PB,HER42PB1J,HER42PB1J_354,396.8,398,397.4,1.393371403,0.408287641
HER42PB,HER42PB1J,HER42PB1J_355,398.2,399.5,398.9,1.501395409,0.428968873
HER42PB,HER42PB1J,HER42PB1J_356,399.7,400.6,400.2,1.621663089,0.398091339
HER42PB,HER42PB1J,HER42PB1J_357,400.9,402.1,401.5,1.407158528,0.317853857
HER42PB,HER42PB1J,HER42PB1J_358,402.3,403.6,402.9,1.289055837,0.278124598
HER42PB,HER42PB1J,HER42PB1J_359,403.8,405.1,404.4,1.51614018,0.313923856
HER42PB,HER42PB1J,HER42PB1J_360,405.3,406.5,405.9,1.368521749,0.23925355
HER42PB,HER42PB1J,HER42PB1J_361,406.7,408,407.4,1.44516518,0.328757537
HER42PB,HER42PB1J,HER42PB1J_362,408.2,409.4,408.8,1.294154282,0.247975938
HER42PB,HER42PB1J,HER42PB1J_363,409.6,410.3,410,2.239457748,0.502262171
PB1.1,PB1.1A,PB1.1A_1,0,1,0.5,1.119956765,0.081712832
PB1.1,PB1.1A,PB1.1A_2,1.1,3,2,0.630695186,0.042088067
PB1.1,PB1.1A,PB1.1A_3,3.1,4.9,4,0.412251152,0.021625549
PB1.1,PB1.1A,PB1.1A_4,5,6.3,5.7,1.269321836,0.080696652
PB1.1,PB1.1A,PB1.1A_5,6.4,7.7,7.1,1.152083308,0.085354623
PB1.1,PB1.1A,PB1.1A_6,7.9,9.7,8.8,0.761887257,0.070157498
PB1.1,PB1.1A,PB1.1A_7,9.8,11.1,10.4,0.986706868,0.113644857
PB1.1,PB1.1A,PB1.1A_8,11.2,12.5,11.8,1.064686038,0.113540082
PB1.1,PB1.1A,PB1.1A_9,12.6,13.8,13.2,1.177427332,0.12516417
PB1.1,PB1.1A,PB1.1A_10,13.9,15.2,14.5,0.962394257,0.106927168
PB1.1,PB1.1A,PB1.1A_11,15.3,16.6,15.9,1.086832199,0.123329279
PB1.1,PB1.1A,PB1.1A_12,16.7,17.9,17.3,1.151528368,0.122821838
PB1.1,PB1.1A,PB1.1A_13,18.1,19.3,18.7,1.036310108,0.113299493
PB1.1,PB1.1A,PB1.1A_14,19.4,20.7,20.1,0.998058141,0.103055692
PB1.1,PB1.1A,PB1.1A_15,20.9,22.2,21.5,1.121335226,0.129948982
PB1.1,PB1.1A,PB1.1A_16,22.3,23.5,22.9,1.246656749,0.14618157
PB1.1,PB1.1A,PB1.1A_17,23.7,24.9,24.3,0.991554316,0.113543836
PB1.1,PB1.1A,PB1.1A_18,25,26.2,25.6,1.153213545,0.12628248
PB1.1,PB1.1A,PB1.1A_19,26.3,27.5,26.9,1.245697011,0.133967305
PB1.1,PB1.1A,PB1.1A_20,27.6,28.9,28.2,1.157049999,0.120737113
PB1.1,PB1.1A,PB1.1A_21,29,30.2,29.6,1.092340664,0.11420257
PB1.1,PB1.1A,PB1.1A_22,30.4,31.6,31,1.04515882,0.111999927
PB1.1,PB1.1A,PB1.1A_23,31.7,33,32.4,1.212600845,0.139810866
PB1.1,PB1.1A,PB1.1A_24,33.1,34.3,33.7,1.136476686,0.141858068
PB1.1,PB1.1A,PB1.1A_25,34.4,35.7,35.1,1.185549999,0.158714183
PB1.1,PB1.1A,PB1.1A_26,35.8,37,36.4,1.175950153,0.155899376
PB1.1,PB1.1A,PB1.1A_27,37.2,38.4,37.8,1.084569137,0.149524676
PB1.1,PB1.1A,PB1.1A_28,38.5,39.8,39.2,1.166286267,0.167714271
PB1.1,PB1.1A,PB1.1A_29,39.9,41.2,40.5,1.216709099,0.201613162
PB1.1,PB1.1A,PB1.1A_30,41.3,42.5,41.9,1.272001773,0.262154079
PB1.1,PB1.1A,PB1.1A_31,42.7,43.9,43.3,1.273578771,0.336091589
PB1.1,PB1.1A,PB1.1A_32,44,45.3,44.7,1.327489678,0.369297519
PB1.1,PB1.1B,PB1.1B_38,45.1,46.2,45.7,1.417548825,0.409826483
PB1.1,PB1.1B,PB1.1B_39,46.4,47.6,47,1.193438493,0.307449091
PB1.1,PB1.1B,PB1.1B_40,47.8,49.1,48.4,1.278623553,0.536371369
PB1.1,PB1.1B,PB1.1B_41,49.3,50.5,49.9,1.549700991,0.710900566
PB1.1,PB1.1B,PB1.1B_42,50.6,51.8,51.2,1.322933871,0.574074622
PB1.1,PB1.1B,PB1.1B_43,52,53.1,52.6,1.444155905,0.583328922
PB1.1,PB1.1B,PB1.1B_44,53.3,54.5,53.9,1.430641623,0.638846663
PB1.1,PB1.1B,PB1.1B_45,54.7,55.8,55.2,1.891347086,0.990645021
PB1.1,PB1.1B,PB1.1B_46,56,57.7,56.8,1.11477388,0.623818425
PB1.1,PB1.1B,PB1.1B_47,57.9,59,58.4,1.610641015,0.749567307
PB1.1,PB1.1B,PB1.1B_48,59.2,60.3,59.7,1.512328293,0.634997414
PB1.1,PB1.1B,PB1.1B_49,60.5,61.5,61,1.833440246,1.056113149
PB1.1,PB1.1B,PB1.1B_50,61.7,62.9,62.3,1.566394197,0.828018401
PB1.1,PB1.1B,PB1.1B_51,63.1,64.1,63.6,1.74149808,0.884663632
PB1.1,PB1.1B,PB1.1B_52,64.3,65.4,64.9,1.804260568,0.951899323
PB1.1,PB1.1B,PB1.1B_53,65.6,66.7,66.2,1.528538892,0.760791353
PB1.1,PB1.1B,PB1.1B_54,66.9,68.1,67.5,1.265955141,0.364529641
PB1.1,PB1.1B,PB1.1B_55,68.3,69.4,68.8,1.477670334,0.646662806
PB1.1,PB1.1B,PB1.1B_56,69.5,70.6,70.1,1.527198463,0.543819634
PB1.1,PB1.1B,PB1.1B_57,70.8,72,71.4,1.567912126,0.757236426
PB1.1,PB1.1B,PB1.1B_58,72.2,73.4,72.8,1.259492542,0.450559431
PB1.1,PB1.1B,PB1.1B_59,73.6,74.8,74.2,1.150392406,0.344020902
PB1.1,PB1.1B,PB1.1B_60,75,76.2,75.6,1.279195052,0.496807902
PB1.1,PB1.1B,PB1.1B_61,76.4,77.6,77,1.388474259,0.410770193
PB1.1,PB1.1B,PB1.1B_62,77.7,78.9,78.3,1.398189664,0.49120808
PB1.1,PB1.1B,PB1.1B_63,79.1,80.2,79.7,1.200969746,0.372537693
PB1.1,PB1.1B,PB1.1B_64,80.4,81.5,81,1.348864917,0.363998561
PB1.1,PB1.1B,PB1.1B_65,81.7,82.8,82.3,1.528085406,0.551652028
PB1.1,PB1.1B,PB1.1B_66,83,84.1,83.6,1.226315557,0.327823919
PB1.1,PB1.1B,PB1.1B_67,84.3,85.4,84.9,1.627675039,0.900257552
PB1.1,PB1.1C,PB1.1C_75,86.5,87.6,87,1.277252708,0.428889091
PB1.1,PB1.1C,PB1.1C_76,87.8,88.9,88.4,1.488056865,0.578863168
PB1.1,PB1.1C,PB1.1C_77,89.2,90.3,89.7,1.794143988,0.702018915
PB1.1,PB1.1C,PB1.1C_78,90.5,91.6,91.1,1.502029175,0.614305569
PB1.1,PB1.1C,PB1.1C_79,91.8,92.9,92.4,1.442398319,0.586031624
PB1.1,PB1.1C,PB1.1C_80,93.2,94.3,93.7,1.539089215,0.622232096
PB1.1,PB1.1C,PB1.1C_81,94.5,95.6,95.1,1.524573236,0.696757142
PB1.1,PB1.1C,PB1.1C_82,95.9,97,96.4,1.269476382,0.588913545
PB1.1,PB1.1C,PB1.1C_83,97.2,98.3,97.8,1.400299289,0.614379225
PB1.1,PB1.1C,PB1.1C_84,98.5,99.6,99.1,1.103422981,0.510623808
PB1.1,PB1.1C,PB1.1C_85,99.9,101,100.4,1.454146071,0.635609617
PB1.1,PB1.1C,PB1.1C_86,101.2,102.3,101.8,1.352495711,0.667306481
PB1.1,PB1.1C,PB1.1C_87,102.6,103.7,103.1,1.122902345,0.504300752
PB1.1,PB1.1C,PB1.1C_88,103.9,105,104.4,1.918856695,1.065490268
PB1.1,PB1.1C,PB1.1C_89,105.2,106.2,105.7,1.420708962,0.692672116
PB1.1,PB1.1C,PB1.1C_90,106.5,107.7,107.1,1.435661066,0.773341188
PB1.1,PB1.1C,PB1.1C_91,107.9,109.2,108.6,1.187873072,0.601371663
PB1.1,PB1.1C,PB1.1C_92,109.4,110.4,109.9,1.528765589,0.705285002
PB1.1,PB1.1C,PB1.1C_93,110.6,111.8,111.2,1.345824795,0.675151851
PB1.1,PB1.1C,PB1.1C_94,112,113.1,112.6,1.340872418,0.695939008
PB1.1,PB1.1C,PB1.1C_95,113.4,114.5,113.9,1.27336352,0.901944619
PB1.1,PB1.1C,PB1.1C_96,114.7,115.6,115.2,1.90561641,0.935929215
PB1.1,PB1.1C,PB1.1C_97,115.8,116.9,116.4,1.091768406,0.851692928
PB1.1,PB1.1C,PB1.1C_98,117.2,118.3,117.7,1.525236939,0.795819736
PB1.1,PB1.1C,PB1.1C_99,118.5,119.6,119.1,1.470549023,0.733192094
PB1.1,PB1.1C,PB1.1C_100,119.9,121.1,120.5,1.626422815,0.870159824
PB1.1,PB1.1C,PB1.1C_101,121.3,122.4,121.8,1.73773963,0.935593642
PB1.1,PB1.1C,PB1.1C_102,122.6,123.8,123.2,1.490873322,0.814803981
PB1.1,PB1.1C,PB1.1C_103,124,125.1,124.5,1.731918408,1.036966364
PB1.1,PB1.1C,PB1.1C_104,125.3,127.3,126.3,1.414727202,0.949255595
PB1.1,PB1.1C,PB1.1C_105,127.5,130,128.8,1.546779659,0.901869822