"Site","ID","depth","SH20_age","surface","validity","kcps","cps","MSE","Mg","Al","Si","P","S","Cl","K","Ca","Ti","V","Cr","Mn","Fe","Co","Ni","Cu","Zn","As","Se","Br","Rb","Sr","Y","Zr","Sn","I","Cs","Ba","Ir","Pt","Au","Hg","Pb","Th","U","Mo_inc","Mo_coh","qc","label"
"HER34L","HER34L_1A_3",11.2,311.29,6.44,1,31513.1582,69707,1.51,0,13,30,31,62,46,54,518,80,21,0,54,5466,51,130,52,0,0,124,2113,53,1308,0,1125,10,0,0,0,0,0,0,0,134,43,0,50057,7976,TRUE,"HER34L_1A"
"HER34L","HER34L_1A_4",11.3,318.27,6.45,1,32379.19336,74221,1.52,4,0,5,0,45,22,117,615,133,0,23,90,6934,31,173,34,35,0,14,2164,327,1547,0,1160,0,10,0,0,0,0,58,0,142,14,0,51687,8678,TRUE,"HER34L_1A"
"HER34L","HER34L_1A_5",11.4,325.24,6.46,1,33784.93359,74694,1.22,0,24,10,0,29,57,46,546,32,0,9,26,5535,50,175,150,0,0,168,2226,78,1005,0,1128,7,0,0,0,0,0,0,0,84,110,22,54399,8616,TRUE,"HER34L_1A"
"HER34L","HER34L_1A_6",11.5,332.22,6.46,1,34402.92969,76312,1.32,6,0,21,19,32,48,41,522,50,0,0,46,5232,75,226,86,72,0,79,2511,50,979,0,1325,0,0,0,0,0,0,0,0,110,0,0,55965,8642,TRUE,"HER34L_1A"
"HER34L","HER34L_1A_7",11.6,339.2,6.47,1,34864.18359,76763,1.27,41,31,28,23,36,45,43,559,87,0,0,61,5301,0,171,18,142,0,20,2746,0,763,0,1104,0,0,0,0,0,0,0,0,27,0,0,56814,8552,TRUE,"HER34L_1A"
"HER34L","HER34L_1A_8",11.7,346.17,6.48,1,34586.17188,76003,1.64,0,12,0,37,50,58,51,566,89,0,0,42,4717,53,209,101,0,0,0,2546,160,763,0,1265,16,4,0,0,0,0,0,0,0,0,11,56382,8712,TRUE,"HER34L_1A"
"HER34L","HER34L_1A_9",11.8,353.15,6.47,1,34635.38281,75858,1.51,0,15,17,46,69,36,20,476,65,8,0,91,4278,51,231,117,65,0,87,2359,0,805,0,975,6,14,0,0,0,41,0,0,0,79,0,57132,8560,TRUE,"HER34L_1A"
"HER34L","HER34L_1A_10",11.9,360.13,6.47,1,34763.63281,76483,1.52,0,0,0,18,24,55,50,526,80,0,14,69,5720,25,149,24,0,0,111,2561,98,852,0,1020,6,20,0,0,0,0,0,0,78,126,92,55864,8671,TRUE,"HER34L_1A"
"HER34L","HER34L_1A_11",12,367.1,6.47,1,34818.89453,76761,1.53,0,0,0,20,51,60,46,488,70,7,0,47,5161,94,180,97,154,0,24,2555,55,535,0,1269,0,0,0,0,0,0,0,0,92,88,0,56615,8849,TRUE,"HER34L_1A"
"HER34L","HER34L_1A_12",12.1,374.08,6.48,1,35053.09766,77325,1.35,8,24,25,12,46,65,45,473,43,17,0,16,4557,42,232,108,62,0,53,2578,0,768,0,1126,0,0,0,0,0,0,0,0,149,0,0,57892,8828,TRUE,"HER34L_1A"
"HER34L","HER34L_1A_13",12.2,381.06,6.48,1,35178.38281,78484,1.35,0,29,0,14,65,40,49,512,93,0,16,69,5356,27,227,190,154,0,134,2759,0,914,0,1434,11,0,0,0,0,0,16,0,255,0,13,57277,8652,TRUE,"HER34L_1A"
"HER34L","HER34L_1A_14",12.3,388.03,6.49,1,34840.20703,76745,1.41,0,0,0,0,68,36,37,485,92,0,5,53,4875,73,183,129,56,0,11,2454,0,675,0,1279,0,13,0,0,0,0,0,0,175,131,0,56946,8808,TRUE,"HER34L_1A"
"HER34L","HER34L_1A_15",12.4,395.01,6.5,1,34982.08984,80352,1.42,0,11,0,13,53,61,75,770,166,13,0,175,9438,52,201,68,143,0,19,2301,0,798,0,1347,5,12,0,0,0,0,0,0,157,0,0,55635,8586,TRUE,"HER34L_1A"
"HER34L","HER34L_1A_16",12.5,401.99,6.49,1,34657.51563,75353,1.39,0,6,0,22,55,68,60,527,62,7,8,17,4289,62,172,33,4,0,145,2419,77,897,0,992,9,13,0,0,0,0,0,0,0,120,30,56275,8790,TRUE,"HER34L_1A"
"HER34L","HER34L_1A_17",12.6,408.96,6.49,1,34306.19531,76598,1.6,0,0,0,0,34,31,7,522,61,0,0,40,5024,43,142,44,68,0,36,2455,205,879,0,1152,12,0,0,0,0,0,0,0,0,70,0,56760,8852,TRUE,"HER34L_1A"
"HER34L","HER34L_1A_18",12.7,415.94,6.48,1,35192.12891,78452,1.35,0,0,0,0,36,52,61,661,74,0,0,46,6507,12,225,82,120,0,142,2483,39,689,0,1089,0,6,0,0,0,0,0,0,138,63,0,56886,8856,TRUE,"HER34L_1A"
"HER34L","HER34L_1A_19",12.8,422.92,6.46,1,35833.94141,77461,1.54,0,6,28,13,62,47,30,603,108,0,5,57,4031,14,168,131,92,0,151,2662,27,729,0,1271,6,0,0,0,6,0,0,0,86,171,0,58048,8689,TRUE,"HER34L_1A"
"HER34L","HER34L_1A_20",12.9,429.89,6.47,1,35426.53516,76716,1.71,14,0,29,25,60,73,39,586,101,0,16,32,3756,29,180,55,5,25,126,2660,38,715,0,1176,12,10,0,0,0,0,0,0,0,66,0,58110,8628,TRUE,"HER34L_1A"
"HER34L","HER34L_1A_21",13,436.87,6.49,1,35428.93359,76865,1.4,0,11,11,11,38,56,31,524,70,0,0,25,4202,40,162,65,53,0,188,2831,91,636,0,1301,6,17,0,0,0,0,0,0,83,5,0,57456,8765,TRUE,"HER34L_1A"
"HER34L","HER34L_1A_22",13.1,443.85,6.49,1,35109.97266,75307,1.51,0,0,0,26,49,54,31,402,83,0,7,0,3166,0,188,42,56,0,58,2645,41,570,0,1032,17,13,0,0,0,0,55,0,31,0,0,57777,8724,TRUE,"HER34L_1A"
"HER34L","HER34L_1A_23",13.2,450.82,6.49,1,35046.6875,76316,1.49,0,20,0,37,8,80,26,384,49,15,26,56,3176,31,177,115,52,0,59,2727,0,525,0,1369,11,0,0,0,0,0,0,0,88,57,0,58408,8628,TRUE,"HER34L_1A"
"HER34L","HER34L_1A_24",13.3,457.8,6.49,1,35190.49609,75824,1.21,0,25,20,21,53,39,29,372,50,10,0,18,3101,0,179,70,73,0,97,2613,175,461,0,1399,0,7,0,0,0,0,7,0,41,5,0,58363,8419,TRUE,"HER34L_1A"
"HER34L","HER34L_1A_25",13.4,464.78,6.5,1,35579.06641,76162,1.4,0,35,0,19,39,47,53,492,60,0,0,33,3346,29,244,69,135,0,99,2616,0,528,0,1235,0,16,0,0,0,0,0,0,158,72,0,57925,8757,TRUE,"HER34L_1A"
"HER34L","HER34L_1A_26",13.5,471.75,6.5,1,35760.71875,77020,1.56,0,17,7,26,83,62,55,505,50,0,0,53,3436,0,208,0,0,0,170,2907,0,588,0,1317,13,0,0,9,0,0,0,0,195,35,5,58267,8883,TRUE,"HER34L_1A"
"HER34L","HER34L_1A_27",13.6,478.73,6.51,1,35628.19922,76905,1.41,0,17,0,12,40,54,55,558,49,0,11,15,3123,0,184,39,95,0,14,2859,0,731,0,1112,0,12,0,0,0,0,0,0,94,0,87,58726,8798,TRUE,"HER34L_1A"
"HER34L","HER34L_1A_28",13.7,485.71,6.51,1,35530.15625,75775,1.27,0,0,0,16,52,53,37,477,49,0,0,37,2939,75,228,61,90,0,101,2876,26,659,0,1106,11,0,0,0,0,0,0,0,42,211,0,57760,8663,TRUE,"HER34L_1A"
"HER34L","HER34L_1A_29",13.8,492.68,6.52,1,35146.19141,76931,1.42,0,22,0,9,46,34,25,538,53,0,25,16,3654,41,215,95,67,0,138,2922,186,838,0,1248,7,7,0,0,5,12,0,0,200,0,65,57567,8672,TRUE,"HER34L_1A"
"HER34L","HER34L_1A_30",13.9,499.66,6.52,1,34862.10938,74452,1.32,6,54,9,8,31,29,14,542,54,0,0,0,3582,27,117,38,107,0,0,2680,0,605,0,1295,0,0,0,0,0,0,0,0,137,58,71,56478,8299,TRUE,"HER34L_1A"
"HER34L","HER34L_1A_31",14,506.64,6.5,1,34153.01563,74364,1.29,0,0,0,0,52,46,49,536,72,0,6,35,2979,101,222,244,50,0,69,2592,35,855,0,1266,4,0,0,0,0,0,0,0,213,229,0,56111,8428,TRUE,"HER34L_1A"
"HER34L","HER34L_1A_32",14.1,513.61,6.48,1,34841.37891,75805,1.29,0,15,5,26,46,23,24,448,104,0,0,34,3149,106,273,52,126,0,132,2763,106,531,0,1486,5,0,0,0,0,0,0,0,0,0,0,57296,8851,TRUE,"HER34L_1A"
"HER34L","HER34L_1A_33",14.2,520.59,6.48,1,34732.92188,75019,1.34,0,0,8,14,54,20,43,488,76,8,0,23,3667,50,257,50,89,0,10,2804,0,546,0,1123,5,0,0,0,0,0,0,0,201,150,0,56469,8675,TRUE,"HER34L_1A"
"HER34L","HER34L_1A_34",14.3,527.57,6.48,1,34561.68359,75347,1.33,22,41,16,39,49,35,19,462,62,0,0,42,3349,0,207,125,212,0,53,2916,20,587,0,1200,14,7,0,0,0,0,0,0,0,112,0,56930,8551,TRUE,"HER34L_1A"
"HER34L","HER34L_1A_35",14.4,534.54,6.48,1,34713.96094,75507,1.44,0,30,0,8,61,37,20,469,56,0,23,21,3628,44,144,75,49,0,60,2989,94,755,0,1251,15,0,0,0,0,0,0,0,102,0,0,56941,8461,TRUE,"HER34L_1A"
"HER34L","HER34L_1A_36",14.5,541.52,6.48,1,34297.19141,74486,1.45,0,9,7,18,64,54,36,587,17,0,21,41,3229,59,145,99,54,0,86,2850,0,549,0,1371,11,0,0,29,0,0,0,0,179,46,0,55913,8787,TRUE,"HER34L_1A"
"HER34L","HER34L_1A_37",14.6,548.5,6.48,1,34438.88281,73902,1.23,16,20,0,0,31,48,26,469,25,5,0,37,2991,0,199,122,61,0,60,2689,44,743,0,1121,16,0,0,8,0,0,0,0,85,106,41,56105,8618,TRUE,"HER34L_1A"
"HER34L","HER34L_1A_38",14.7,555.47,6.47,1,34620.48438,74148,1.27,0,16,25,20,41,64,38,511,69,10,23,38,3004,103,167,46,142,0,75,3004,98,622,0,1106,0,11,0,0,0,0,0,0,163,63,0,55930,8597,TRUE,"HER34L_1A"
"HER34L","HER34L_1A_39",14.8,562.45,6.47,1,34923.14063,74682,1.3,0,27,0,0,46,39,12,471,37,0,0,18,3363,55,207,53,37,0,65,2859,0,906,0,1125,0,0,0,0,0,0,23,0,101,0,0,56651,8336,TRUE,"HER34L_1A"
"HER34L","HER34L_1A_40",14.9,569.43,6.47,1,34488.39063,74436,1.35,0,26,0,18,39,59,41,480,65,0,0,37,3273,138,172,160,49,0,73,3020,0,763,0,1328,10,9,0,0,0,0,0,0,0,19,147,55717,8589,TRUE,"HER34L_1A"
"HER34L","HER34L_1A_41",15,576.4,6.47,1,34338.59375,73471,1.3,0,55,26,0,50,69,27,465,80,0,0,18,3087,7,220,90,11,0,150,2696,134,832,0,1202,20,0,0,0,0,0,0,0,36,154,0,55171,8716,TRUE,"HER34L_1A"
"HER34L","HER34L_1A_42",15.1,583.12,6.47,1,33867.75,73257,1.32,0,20,6,11,38,61,37,514,74,0,0,0,3428,0,176,195,82,0,0,2526,71,759,0,1282,0,0,0,0,0,0,49,0,95,126,0,54955,8602,TRUE,"HER34L_1A"
"HER34L","HER34L_1A_43",15.2,589.84,6.47,1,33877.24219,74050,1.36,0,0,0,15,44,38,64,561,61,0,18,88,3554,46,200,128,62,0,95,2588,184,861,0,1118,0,8,0,0,0,0,0,0,161,228,69,55135,8516,TRUE,"HER34L_1A"
"HER34L","HER34L_1A_44",15.3,596.55,6.47,1,33874.32422,73409,1.31,0,24,0,0,67,52,28,597,99,11,0,58,3329,57,182,66,81,0,255,2674,0,747,0,1188,0,0,0,0,0,0,15,10,168,96,79,54712,8606,TRUE,"HER34L_1A"
"HER34L","HER34L_1A_45",15.4,603.27,6.46,1,34390.23438,75106,1.54,0,10,0,27,57,51,39,554,88,0,5,76,4460,0,176,7,16,0,124,2710,0,905,0,1106,12,0,0,20,0,0,0,0,0,0,61,55612,8803,TRUE,"HER34L_1A"
"HER34L","HER34L_1A_46",15.5,609.99,6.46,1,34191.66797,75414,1.37,7,48,20,6,46,34,36,513,110,5,5,65,4375,6,262,108,0,0,100,2471,0,834,7,1234,6,0,0,0,0,0,0,0,123,80,0,55849,8863,TRUE,"HER34L_1A"
"HER34L","HER34L_1A_47",15.6,616.71,6.47,1,33608.27734,74295,1.31,19,35,21,19,54,67,46,477,74,30,0,40,4122,80,183,136,29,0,188,2493,168,975,0,1298,8,4,6,0,0,0,0,0,65,39,0,54986,8457,TRUE,"HER34L_1A"
"HER34L","HER34L_1A_48",15.7,623.42,6.47,1,33632.41016,74244,1.43,0,45,0,33,44,54,45,492,51,0,0,59,4544,0,92,77,86,0,141,2230,0,839,0,1137,0,0,0,0,0,0,0,6,315,87,101,55168,8458,TRUE,"HER34L_1A"
"HER34L","HER34L_1A_49",15.8,630.14,6.46,1,33960.92969,75499,1.54,0,0,0,10,34,41,45,475,154,0,24,93,6191,103,169,136,36,30,86,2297,0,803,0,1014,7,18,0,0,0,0,0,0,0,0,0,55175,8329,TRUE,"HER34L_1A"
"HER34L","HER34L_1A_50",15.9,636.86,6.46,1,33988.11328,74104,1.36,0,6,7,0,64,60,40,546,75,0,7,68,5052,10,173,101,47,0,108,2585,0,766,0,1102,0,0,0,0,6,49,18,0,167,86,0,54306,8508,TRUE,"HER34L_1A"
"HER34L","HER34L_1A_51",16,643.57,6.46,1,33936.94531,74020,1.31,13,56,20,32,59,55,47,484,89,0,26,49,5529,106,150,0,49,0,54,2418,38,666,0,1080,0,0,0,0,0,0,0,0,154,0,117,54193,8293,TRUE,"HER34L_1A"
"HER34L","HER34L_1A_52",16.1,650.29,6.46,1,33733.34375,74818,1.17,35,37,17,24,54,70,38,517,65,0,0,50,5420,92,236,183,62,0,149,2517,30,643,0,1107,0,0,0,0,0,0,0,0,60,190,55,54690,8274,TRUE,"HER34L_1A"
"HER34L","HER34L_1A_53",16.2,657.01,6.46,1,33229.94922,73412,1.23,0,54,0,0,45,51,67,542,36,11,0,22,5435,112,199,23,61,0,66,2202,195,980,0,1124,0,0,0,0,0,0,0,0,86,134,15,53360,8406,TRUE,"HER34L_1A"
"HER34L","HER34L_1A_54",16.3,663.72,6.46,1,33201.70703,72768,1.5,0,0,15,0,41,61,56,528,75,0,13,88,5615,21,170,140,96,0,185,2451,0,975,0,1203,0,4,0,0,0,0,0,0,78,0,0,52373,8394,TRUE,"HER34L_1A"
"HER34L","HER34L_1A_55",16.4,670.44,6.46,1,33321.07422,72369,1.29,0,6,19,7,23,48,15,547,65,0,0,44,5460,28,203,104,60,0,22,2551,16,1217,0,1079,0,0,0,0,0,0,0,0,75,103,0,52304,8233,TRUE,"HER34L_1A"
"HER34L","HER34L_1A_56",16.5,677.16,6.47,1,33555.58984,72439,1.56,0,14,7,23,41,73,57,549,95,15,0,80,5388,61,166,64,70,0,0,2585,0,977,0,1136,0,0,0,0,12,0,0,0,168,48,0,52361,8283,TRUE,"HER34L_1A"
"HER34L","HER34L_1A_57",16.6,683.87,6.47,1,32391.5625,70158,1.49,0,40,13,12,46,62,61,517,104,5,13,55,5169,91,183,60,70,0,143,2356,104,1027,12,1034,0,12,0,0,0,0,0,0,135,207,125,50292,8057,TRUE,"HER34L_1A"
"HER34L","HER34L_1A_58",16.7,690.59,6.47,1,31804.49023,69481,1.49,0,9,15,36,63,45,49,519,126,9,0,68,5735,82,139,125,42,0,15,2414,0,1106,0,1138,6,16,0,0,0,0,0,0,67,152,0,49206,8063,TRUE,"HER34L_1A"
"HER34L","HER34L_1A_59",16.8,697.31,6.47,1,31184.52539,68349,1.44,35,32,12,24,52,62,70,631,76,18,31,104,7165,92,176,145,0,16,158,1896,77,1309,0,1143,0,10,0,24,0,0,0,0,0,0,0,46986,7831,TRUE,"HER34L_1A"
"HER34L","HER34L_1A_60",16.9,704.02,6.46,1,30008.87695,67010,1.27,4,26,14,22,50,50,55,651,192,12,7,136,7391,97,187,50,5,91,280,1818,17,2033,0,1054,18,0,0,0,0,0,20,0,0,63,55,44034,8360,TRUE,"HER34L_1A"
"HER34L","HER34L_1A_61",17,710.74,6.47,1,30786.41016,69317,1.28,19,24,13,15,47,29,85,718,104,0,0,132,7530,41,166,49,0,6,101,1688,16,1950,0,1208,0,0,10,0,0,17,41,12,14,71,109,46736,8185,TRUE,"HER34L_1A"
"HER34L","HER34L_1A_62",17.1,717.46,6.47,1,32167.28906,73549,1.25,0,47,27,16,68,50,51,613,125,0,21,104,7153,63,167,143,79,0,130,2198,16,1454,0,1263,7,6,0,5,12,0,0,0,92,0,41,50852,8553,TRUE,"HER34L_1A"
"HER34L","HER34L_1A_63",17.2,724.17,6.47,1,32632.79102,73952,1.31,0,8,15,27,34,61,69,648,108,0,0,89,7156,117,216,107,41,0,0,2112,169,1283,0,1270,12,0,0,0,0,14,0,0,142,77,0,51676,8377,TRUE,"HER34L_1A"
"HER34L","HER34L_1A_64",17.3,730.89,6.48,1,33293.42578,75312,1.34,0,17,15,0,32,50,45,481,93,4,0,73,5971,80,214,95,107,57,85,2333,118,1202,0,1271,0,0,0,0,0,0,0,0,0,155,110,53792,8728,TRUE,"HER34L_1A"
"HER34L","HER34L_1A_65",17.4,737.61,6.49,1,33711.88672,75100,1.32,14,48,10,35,63,52,54,480,47,0,8,35,5153,132,193,13,0,0,60,2427,144,1058,54,1217,0,8,0,17,0,0,0,0,109,50,18,54917,8500,TRUE,"HER34L_1A"
"HER34L","HER34L_1A_66",17.5,744.33,6.5,1,34323.6875,75561,1.58,0,0,0,10,27,26,53,544,95,0,0,71,5778,55,157,52,33,0,209,2238,0,893,0,1023,15,0,0,0,0,0,0,0,193,173,0,54949,8724,TRUE,"HER34L_1A"
"HER34L","HER34L_1A_67",17.6,751.04,6.51,1,33654.91797,73347,1.41,0,0,0,13,45,76,58,456,102,0,0,72,4980,5,214,120,29,0,8,2173,0,602,0,1111,10,13,5,13,0,0,0,0,0,147,0,54438,8438,TRUE,"HER34L_1A"
"HER34L","HER34L_1A_68",17.7,757.76,6.53,1,34024.50781,75256,1.43,13,61,12,40,57,51,47,497,93,17,27,71,5071,0,126,37,48,0,87,2383,47,867,18,1107,0,0,0,0,0,0,0,0,62,46,0,55627,8576,TRUE,"HER34L_1A"
"HER34L","HER34L_1A_69",17.8,764.48,6.53,1,34277.52734,75179,1.46,0,0,0,16,38,25,17,469,38,5,7,70,4847,88,143,118,54,6,207,2362,53,732,0,1311,0,0,0,0,0,0,0,0,0,37,0,55586,8764,TRUE,"HER34L_1A"
"HER34L","HER34L_1A_70",17.9,771.19,6.54,1,34460.39453,76099,1.58,0,21,24,22,60,59,74,523,93,0,0,57,5079,62,136,118,0,0,92,2549,107,832,0,1211,0,0,0,0,0,0,5,0,153,197,0,56118,8342,TRUE,"HER34L_1A"
"HER34L","HER34L_1A_71",18,777.91,6.54,1,34390.22656,74401,1.33,5,28,11,30,44,45,44,481,66,15,0,26,4090,98,154,71,124,0,79,2293,40,813,0,1212,0,0,0,0,0,0,0,0,78,19,0,55423,8817,TRUE,"HER34L_1A"
"HER34L","HER34L_1A_72",18.1,784.63,6.55,1,34736.68359,76009,1.45,0,34,7,0,36,62,36,490,67,0,22,50,4096,166,241,74,23,0,103,2627,0,613,0,1284,10,0,0,0,0,0,29,0,98,203,0,56745,8661,TRUE,"HER34L_1A"
"HER34L","HER34L_1A_73",18.2,791.34,6.55,1,34572.61719,75450,1.4,0,7,24,37,51,55,31,554,79,10,0,70,4562,63,179,173,81,0,20,2687,69,899,0,1287,6,0,0,0,0,0,0,0,114,0,0,55774,8450,TRUE,"HER34L_1A"
"HER34L","HER34L_1A_74",18.3,798.06,6.55,1,34483.52344,76601,1.31,0,12,0,8,44,68,43,535,109,11,25,66,5697,120,191,159,74,0,19,2735,39,1037,0,1241,14,14,0,0,0,0,0,0,32,108,0,55468,8523,TRUE,"HER34L_1A"
"HER34L","HER34L_1A_75",18.4,804.78,6.56,1,34629.31641,77457,1.57,0,0,0,0,47,35,61,556,154,25,11,47,6303,0,146,53,0,0,91,2740,160,992,0,1106,14,0,0,0,0,0,0,0,62,0,0,55890,8819,TRUE,"HER34L_1A"
"HER34L","HER34L_1A_76",18.5,811.49,6.56,1,34543.60156,76192,1.3,0,0,13,12,41,75,22,492,28,7,26,29,4263,38,167,177,122,0,0,2792,132,878,0,1310,0,25,0,0,0,15,0,0,131,188,0,56125,8867,TRUE,"HER34L_1A"
"HER34L","HER34L_1A_77",18.6,818.21,6.57,1,34718.72266,76530,1.58,0,19,28,15,60,56,31,522,95,0,0,38,4553,59,174,109,35,0,196,2922,0,725,0,1154,0,18,0,0,0,0,0,0,87,144,0,56501,8761,TRUE,"HER34L_1A"
"HER34L","HER34L_1A_78",18.7,824.93,6.56,1,34976.08203,76997,1.46,0,17,0,30,38,37,51,509,84,0,9,50,4553,52,160,70,35,0,192,2885,176,949,0,1148,6,0,0,0,0,0,0,0,85,256,78,56781,8555,TRUE,"HER34L_1A"
"HER34L","HER34L_1A_79",18.8,831.64,6.56,1,34497.17578,77428,1.36,0,0,25,16,61,46,52,510,161,0,0,67,5317,61,191,141,60,0,42,2928,97,934,0,1233,8,0,0,0,0,0,56,0,196,254,0,56395,8389,TRUE,"HER34L_1A"
"HER34L","HER34L_1A_80",18.9,838.36,6.57,1,34131.61719,75515,1.36,9,13,13,18,48,11,44,502,99,0,4,68,5216,119,218,107,148,0,0,2583,85,842,0,1169,0,0,0,0,14,0,0,0,77,0,0,55475,8510,TRUE,"HER34L_1A"
"HER34L","HER34L_1A_81",19,845.08,6.56,1,33917.82813,74530,1.4,23,56,16,46,56,79,35,498,111,0,25,53,4095,0,166,167,45,0,34,2496,0,652,0,1157,8,12,0,0,0,0,0,0,80,169,0,55724,8475,TRUE,"HER34L_1A"
"HER34L","HER34L_1A_82",19.1,851.79,6.56,1,34056.04688,74900,1.31,0,0,11,36,45,62,45,517,23,0,0,51,4538,46,211,65,95,0,72,2344,0,984,0,1343,5,0,0,14,0,0,0,0,122,34,4,55562,8469,TRUE,"HER34L_1A"
"HER34L","HER34L_1A_83",19.2,858.51,6.54,1,34170.84375,74660,1.45,0,37,15,7,47,35,18,464,57,15,0,41,4165,0,185,0,47,0,112,2434,0,927,0,1061,0,0,0,0,0,0,38,0,266,12,0,55883,8595,TRUE,"HER34L_1A"
"HER34L","HER34L_1A_84",19.3,865.23,6.54,1,34909.36719,76700,1.52,0,0,0,12,55,54,23,429,104,16,0,23,3941,103,178,26,118,0,96,2940,80,825,0,1179,16,0,0,0,0,0,26,0,156,34,28,57203,8854,TRUE,"HER34L_1A"
"HER34L","HER34L_1A_85",19.4,871.95,6.54,1,35205.38281,76729,1.46,0,12,0,8,46,70,55,541,69,12,15,40,4561,24,158,128,73,0,0,2704,0,791,0,1210,0,15,0,0,0,0,0,0,141,83,0,57195,8660,TRUE,"HER34L_1A"
"HER34L","HER34L_1A_86",19.5,878.66,6.57,1,34743.71094,76106,1.42,0,32,18,22,60,53,27,544,105,12,7,70,4832,94,182,66,67,0,0,2684,0,637,0,1176,6,0,0,0,0,0,0,0,0,0,0,56582,8633,TRUE,"HER34L_1A"
"HER34L","HER34L_1A_87",19.6,885.38,6.59,1,34498.74609,75733,1.4,0,9,0,11,57,46,15,538,45,0,0,32,5033,60,211,86,79,0,0,2513,0,822,0,1050,14,0,0,24,0,0,18,0,29,0,0,56234,8641,TRUE,"HER34L_1A"
"HER34L","HER34L_1A_88",19.7,892.1,6.6,1,34272.26953,76280,1.31,0,0,0,11,28,7,41,527,53,7,21,28,5302,0,222,119,98,0,22,2577,0,719,0,1487,0,0,0,0,0,0,0,0,79,10,7,56283,8449,TRUE,"HER34L_1A"
"HER34L","HER34L_1A_89",19.8,898.81,6.61,1,33844.24219,73628,1.49,0,31,15,7,60,42,58,427,102,25,0,47,3727,0,199,97,30,0,104,2411,39,713,0,1305,4,0,0,0,0,0,8,0,88,0,35,55499,8416,TRUE,"HER34L_1A"
"HER34L","HER34L_1A_90",19.9,905.53,6.61,1,34196.43359,74842,1.2,0,0,10,0,58,55,38,465,30,0,0,21,4163,0,153,13,0,0,193,2621,0,746,0,1199,0,0,0,8,0,0,0,0,186,127,0,55833,8744,TRUE,"HER34L_1A"
"HER34L","HER34L_1A_91",20,912.25,6.6,1,34455.875,75029,1.45,0,0,0,0,32,30,18,446,83,0,0,4,4072,0,128,83,95,0,129,2644,194,788,0,1387,0,7,0,0,0,0,38,0,255,272,0,55634,8484,TRUE,"HER34L_1A"
"HER34L","HER34L_1A_92",20.1,919.09,6.61,1,33855.44922,73818,1.43,0,0,15,23,58,39,45,464,114,0,0,0,3705,0,178,20,0,0,69,2655,0,737,0,1157,9,0,0,0,0,0,0,0,0,47,0,55673,8613,TRUE,"HER34L_1A"
"HER34L","HER34L_1A_93",20.2,925.93,6.62,1,34231.52344,74145,1.53,0,0,6,18,44,55,22,460,78,0,0,6,3776,34,183,90,52,0,176,2468,0,833,0,1109,15,0,0,0,0,0,0,0,54,12,0,56061,8419,TRUE,"HER34L_1A"
"HER34L","HER34L_1A_94",20.3,932.77,6.61,1,34019.24219,74678,1.42,11,46,12,7,68,39,57,473,43,0,23,34,3603,131,127,84,130,0,61,2596,0,916,0,1257,0,6,0,8,0,0,0,0,0,48,0,56130,8574,TRUE,"HER34L_1A"
"HER34L","HER34L_1A_95",20.4,939.61,6.61,1,34704.08594,76010,1.44,0,0,18,0,19,42,39,489,58,6,5,22,3756,63,241,70,57,0,151,2783,134,770,0,1019,12,0,0,0,0,0,0,0,220,255,0,56929,8720,TRUE,"HER34L_1A"
"HER34L","HER34L_1A_96",20.5,946.45,6.61,1,35088.62109,76175,1.32,9,26,5,15,60,38,27,615,70,0,22,28,4101,5,223,139,85,0,110,2978,0,762,0,1339,4,0,0,0,0,4,0,0,69,152,122,56341,8717,TRUE,"HER34L_1A"
"HER34L","HER34L_1A_97",20.6,953.29,6.62,1,34380.08984,74671,1.43,0,0,0,5,65,50,30,484,61,0,13,27,3450,47,187,99,71,0,168,2743,0,850,0,1172,7,5,0,0,0,0,41,0,10,0,26,56405,8520,TRUE,"HER34L_1A"
"HER34L","HER34L_1A_98",20.7,960.13,6.63,1,34541.48438,74958,1.38,0,41,0,19,61,65,29,559,73,4,0,56,4025,76,202,140,52,0,47,2941,0,678,0,1326,0,11,0,0,0,0,0,0,129,0,0,55763,8486,TRUE,"HER34L_1A"
"HER34L","HER34L_1A_99",20.8,966.97,6.63,1,33729.32813,72453,1.4,0,0,0,0,42,54,11,514,62,0,9,31,3069,68,170,0,52,0,117,2866,0,887,0,787,0,0,0,0,0,0,9,0,64,184,0,54941,8354,TRUE,"HER34L_1A"
"HER34L","HER34L_1A_100",20.9,973.82,6.63,1,34536.81641,75585,1.45,53,19,0,13,59,75,51,523,53,0,23,7,3425,87,223,8,92,0,194,3142,0,835,0,1195,0,0,0,0,0,0,0,0,180,73,0,56334,8670,TRUE,"HER34L_1A"
"HER34L","HER34L_1A_101",21,980.66,6.62,1,34305.91797,74297,1.37,0,6,0,16,60,48,36,536,91,8,18,38,3877,9,185,151,138,0,0,3020,0,649,0,1136,0,0,0,0,0,0,0,0,0,45,6,55585,8488,TRUE,"HER34L_1A"
"HER34L","HER34L_1A_102",21.1,987.5,6.63,1,33997.40625,74523,1.51,0,29,11,24,36,40,35,490,94,0,0,45,3439,0,221,88,125,0,0,3000,136,716,0,1145,7,12,0,0,0,0,0,0,256,252,0,55515,8683,TRUE,"HER34L_1A"
"HER34L","HER34L_1A_103",21.2,994.34,6.62,1,34485.67969,75300,1.35,0,28,13,4,39,54,45,512,89,0,0,74,3764,0,205,83,114,0,165,3202,79,948,0,1179,7,9,0,0,0,0,0,0,91,163,0,55670,8522,TRUE,"HER34L_1A"
"HER34L","HER34L_1A_104",21.3,1001.18,6.62,1,33946.66406,74416,1.38,0,25,8,20,56,59,44,553,5,0,0,43,3705,0,142,0,48,0,121,3076,152,875,0,1244,0,0,6,12,0,0,0,0,40,46,74,55338,8598,TRUE,"HER34L_1A"
"HER34L","HER34L_1A_105",21.4,1008.02,6.63,1,33548.89063,72828,1.39,35,17,19,0,38,53,22,440,53,0,0,47,2778,11,149,89,72,0,0,3107,95,894,0,1059,6,0,0,0,0,0,0,0,230,138,0,54876,8409,TRUE,"HER34L_1A"
"HER34L","HER34L_1A_106",21.5,1014.86,6.65,1,33142.76953,72551,1.29,0,28,22,10,59,49,40,473,76,0,11,41,2904,36,177,48,80,0,45,2880,0,1046,0,1172,12,0,5,0,0,0,0,0,145,6,0,54344,8649,TRUE,"HER34L_1A"
"HER34L","HER34L_1A_107",21.6,1021.7,6.65,1,32763.17969,71640,1.41,0,24,5,19,47,44,33,485,43,0,0,26,2838,20,187,51,86,0,249,2809,156,793,0,1234,0,6,0,8,0,0,0,0,38,0,21,53753,8355,TRUE,"HER34L_1A"
"HER34L","HER34L_1A_108",21.7,1028.54,6.65,1,33298.875,72306,1.46,7,25,8,0,61,46,44,475,69,12,0,40,3082,47,177,105,136,0,105,2823,8,901,0,1028,0,0,0,0,0,0,0,0,252,120,0,54324,8293,TRUE,"HER34L_1A"
"HER34L","HER34L_1A_109",21.8,1035.38,6.65,1,33506.30859,73223,1.34,0,0,0,8,57,46,49,482,93,25,0,36,3460,0,163,95,13,0,92,2844,126,937,0,1340,10,0,0,0,0,0,0,0,37,130,0,54645,8369,TRUE,"HER34L_1A"
"HER34L","HER34L_1A_110",21.9,1042.22,6.66,1,33405.03516,73593,1.42,0,5,10,0,56,46,43,513,60,12,0,24,3563,115,217,89,70,0,50,2814,0,778,0,1337,8,9,0,0,0,0,0,0,0,30,0,55171,8409,TRUE,"HER34L_1A"
"HER34L","HER34L_1A_111",22,1049.07,6.65,1,33663.17188,73183,1.37,7,51,0,0,60,29,27,505,101,0,0,11,2796,0,206,60,23,0,82,2859,107,976,0,1150,4,0,0,0,0,0,0,0,0,145,0,55372,8374,TRUE,"HER34L_1A"
"HER34L","HER34L_1A_112",22.1,1055.91,6.65,1,33656.16797,73798,1.56,0,0,6,11,57,46,37,631,114,8,15,36,3228,84,209,137,73,0,115,2474,0,1105,0,1338,0,0,0,0,0,0,0,0,62,93,58,55098,8594,TRUE,"HER34L_1A"
"HER34L","HER34L_1A_113",22.2,1062.75,6.65,1,34145.41406,76860,1.47,0,0,0,12,46,45,21,815,45,11,0,55,6911,100,200,73,94,0,35,2647,0,977,0,1195,18,0,0,0,0,0,5,0,277,107,0,54537,8448,TRUE,"HER34L_1A"
"HER34L","HER34L_1A_114",22.3,1069.59,6.66,1,34625.26953,81730,1.28,0,23,0,5,58,24,31,959,49,0,0,52,11998,0,217,143,71,0,194,2400,153,1195,0,1180,0,0,0,12,0,0,0,0,48,0,0,54155,8581,TRUE,"HER34L_1A"
"HER34L","HER34L_1A_115",22.4,1076.43,6.67,1,34037.3125,78305,1.34,0,28,14,33,40,25,24,789,74,0,19,27,8501,113,218,124,113,0,55,2490,0,1073,0,1031,0,6,0,0,0,21,0,0,187,246,0,54553,8320,TRUE,"HER34L_1A"
"HER34L","HER34L_1A_116",22.5,1083.27,6.68,1,34701.71094,81377,1.53,0,35,15,25,53,43,51,949,127,0,0,58,9784,61,167,120,64,0,123,2494,50,1161,0,1243,0,19,0,0,0,0,9,0,178,187,41,55673,8502,TRUE,"HER34L_1A"
"HER34L","HER34L_1A_117",22.6,1090.11,6.67,1,34704.48828,78988,1.36,0,25,7,0,53,72,20,740,144,0,5,56,9842,0,228,102,5,0,139,2375,5,1038,0,1129,4,0,5,0,0,0,0,0,78,78,5,54255,8421,TRUE,"HER34L_1A"
"HER34L","HER34L_1A_118",22.7,1096.95,6.66,1,34542.71094,78185,1.17,6,25,44,23,58,52,62,853,62,5,23,62,8037,0,191,148,83,0,158,2261,70,1150,0,1129,0,5,7,0,0,0,0,0,84,84,0,54815,8556,TRUE,"HER34L_1A"
"HER34L","HER34L_1A_119",22.8,1103.79,6.65,1,34311.57031,76271,1.25,0,8,18,0,66,29,43,754,71,15,15,50,5359,25,163,127,0,0,58,2436,193,1143,0,1099,7,0,0,0,0,0,0,0,202,43,0,55576,8598,TRUE,"HER34L_1A"
"HER34L","HER34L_1A_120",22.9,1110.63,6.65,1,33726.96875,74135,1.23,0,37,6,22,51,41,49,549,120,0,0,65,4549,21,202,129,46,0,63,2723,181,914,0,1328,8,0,0,5,0,0,35,0,94,248,0,54109,8380,TRUE,"HER34L_1A"
"HER34L","HER34L_1A_121",23,1117.48,6.65,1,34145.93359,75344,1.27,0,0,0,8,36,51,48,578,9,0,0,99,4759,62,141,16,0,0,32,2658,78,851,0,1262,0,0,0,24,0,0,0,0,179,103,0,55650,8546,TRUE,"HER34L_1A"
"HER34L","HER34L_1A_122",23.1,1124.32,6.65,1,34165.03516,74441,1.49,0,29,0,15,43,29,54,558,87,8,9,31,4161,80,170,48,67,0,15,2896,113,1030,0,1058,5,0,0,0,0,0,0,0,38,113,0,55155,8386,TRUE,"HER34L_1A"
"HER34L","HER34L_1A_123",23.2,1131.16,6.66,1,34181.74609,74475,1.34,12,45,19,19,54,36,49,522,89,0,7,49,3674,96,207,64,83,0,82,3111,0,808,0,1221,10,0,0,0,0,0,0,0,256,63,0,55231,8443,TRUE,"HER34L_1A"
"HER34L","HER34L_1A_124",23.3,1138,6.68,1,34184.20313,74456,1.46,0,29,26,38,72,65,36,567,103,0,26,66,4602,77,240,100,76,0,74,2917,0,1081,0,942,0,5,0,0,0,0,0,0,71,42,0,54562,8467,TRUE,"HER34L_1A"
"HER34L","HER34L_1A_125",23.4,1144.84,6.69,1,34449.02344,74803,1.41,0,0,0,16,60,32,43,554,102,25,5,59,4629,92,193,40,126,0,14,3031,0,845,0,1367,0,0,0,0,0,0,0,0,143,0,0,54834,8459,TRUE,"HER34L_1A"
"HER34L","HER34L_1A_126",23.5,1151.68,6.69,1,34573.94141,75216,1.57,0,20,0,12,56,49,37,530,108,0,18,12,5012,50,247,108,5,0,89,3088,63,1095,0,1031,0,0,0,5,0,59,0,0,286,122,60,54731,8190,TRUE,"HER34L_1A"
"HER34L","HER34L_1A_127",23.6,1158.52,6.68,1,34802.35156,75008,1.4,0,24,0,21,64,59,35,598,67,0,13,75,4173,141,205,77,22,0,179,3106,106,694,0,1201,11,0,0,5,0,0,0,0,122,0,0,55422,8407,TRUE,"HER34L_1A"
"HER34L","HER34L_1A_128",23.7,1165.36,6.68,1,34653.59766,76229,1.25,22,58,32,33,45,59,44,566,115,0,0,25,4504,0,191,114,39,0,89,2938,0,1130,0,1120,0,0,0,0,0,0,0,0,122,282,157,55593,8748,TRUE,"HER34L_1A"
"HER34L","HER34L_1A_129",23.8,1172.2,6.68,1,34591.68359,74509,1.38,0,0,0,0,47,47,28,531,100,26,0,46,3824,73,172,132,31,0,123,3060,89,981,0,1193,5,0,0,0,0,0,0,0,37,28,113,55379,8328,TRUE,"HER34L_1A"
"HER34L","HER34L_1A_130",23.9,1179.04,6.67,1,34661.56641,75188,1.54,0,10,9,19,60,53,46,574,73,0,0,34,3812,0,209,17,66,0,146,3108,0,791,0,1267,0,8,0,0,0,0,0,0,169,123,21,55691,8678,TRUE,"HER34L_1A"
"HER34L","HER34L_1A_131",24,1185.88,6.66,1,34860.69531,75748,1.33,11,38,5,0,72,39,33,554,79,0,0,79,4673,32,213,113,184,0,104,2957,0,779,87,1143,0,16,0,0,0,0,0,0,0,70,0,55751,8591,TRUE,"HER34L_1A"
"HER34L","HER34L_1A_132",24.1,1192.73,6.66,1,34838.75391,76316,1.39,0,8,0,0,58,53,37,557,50,0,0,37,4238,10,235,101,7,0,104,2853,0,939,0,1226,0,0,5,10,20,0,0,0,101,201,111,56437,8674,TRUE,"HER34L_1A"
"HER34L","HER34L_1A_133",24.2,1199.57,6.66,1,34454.22266,73641,1.22,0,23,0,0,33,38,27,553,59,0,0,36,4289,0,208,89,83,0,63,2884,41,788,0,1297,7,0,0,0,0,0,0,0,0,0,0,54745,8190,TRUE,"HER34L_1A"
"HER34L","HER34L_1A_134",24.3,1206.41,6.65,1,34713.59766,74883,1.18,0,16,0,13,24,17,23,523,80,0,34,62,4890,36,218,73,14,0,0,2675,0,837,0,1183,0,0,0,0,0,0,0,0,60,0,22,55225,8700,TRUE,"HER34L_1A"
"HER34L","HER34L_1A_135",24.4,1213.25,6.65,1,34776.01953,76457,1.33,29,42,19,24,39,29,62,552,25,0,6,23,5541,104,186,152,116,0,53,2874,0,1017,0,1250,0,0,0,4,0,0,0,0,114,0,0,55114,8945,TRUE,"HER34L_1A"
"HER34L","HER34L_1A_136",24.5,1220.09,6.64,1,34753.80078,76467,1.42,0,0,9,7,55,32,29,571,51,6,0,39,4432,0,180,50,109,0,200,2875,305,1044,0,1502,0,6,0,0,0,0,0,0,70,80,0,55860,8780,TRUE,"HER34L_1A"
"HER34L","HER34L_1A_137",24.6,1226.93,6.64,1,35221.94141,78088,1.35,25,23,20,25,49,55,32,558,94,0,0,75,5774,92,195,54,87,0,219,3273,105,941,0,1201,0,0,0,0,0,0,0,0,150,6,0,56272,8647,TRUE,"HER34L_1A"
"HER34L","HER34L_1A_138",24.7,1233.77,6.64,1,35572.66016,77470,1.51,0,0,0,0,52,35,65,670,47,14,5,60,5262,33,199,213,70,0,235,3191,0,1026,0,1076,0,0,0,9,0,0,0,0,165,64,0,56136,8698,TRUE,"HER34L_1A"
"HER34L","HER34L_1A_139",24.8,1240.61,6.65,1,34759.72266,75522,1.63,0,6,0,18,67,67,60,596,75,28,22,71,4044,12,206,79,111,0,155,3013,0,628,0,1092,12,0,5,0,0,0,0,0,44,188,49,55899,8725,TRUE,"HER34L_1A"
"HER34L","HER34L_1A_140",24.9,1247.45,6.65,1,34925.08203,76189,1.35,0,0,12,30,77,46,34,522,77,5,6,75,3995,0,191,100,139,0,71,2910,70,889,0,1156,0,0,0,0,22,0,0,0,0,0,0,56653,8815,TRUE,"HER34L_1A"
"HER34L","HER34L_1A_141",25,1254.29,6.65,1,35053.45313,76553,1.26,0,11,0,6,49,45,48,636,52,0,0,27,4372,67,181,101,67,0,116,2969,57,893,0,1339,5,0,0,0,0,0,0,0,0,45,0,56753,8544,TRUE,"HER34L_1A"
"HER34L","HER34L_1A_142",25.1,1261.54,6.67,1,34619.78516,76045,1.32,0,8,28,11,67,60,76,702,51,0,12,70,5184,0,181,30,88,0,125,2938,0,1144,0,1302,0,0,0,0,0,0,78,0,129,38,49,55160,8326,TRUE,"HER34L_1A"
"HER34L","HER34L_1A_143",25.2,1268.79,6.7,1,32793.01953,71944,1.53,0,20,0,38,56,43,31,531,80,0,0,60,3628,58,180,52,21,0,81,2519,47,1089,0,1034,10,0,0,0,0,0,48,0,14,21,0,53702,8383,TRUE,"HER34L_1A"
"HER34L","HER34L_1A_145",25.4,1283.28,6.74,1,33026.76172,71106,1.27,0,0,0,17,48,63,24,477,58,0,0,35,3645,71,194,127,87,0,0,2709,91,807,0,1068,15,0,15,0,0,0,0,0,0,0,0,53360,8028,TRUE,"HER34L_1A"
"HER34L","HER34L_1A_146",25.5,1290.53,6.73,1,33174.97266,71252,1.82,0,22,29,25,78,47,11,487,86,0,10,25,3414,10,122,25,10,0,121,2862,0,759,0,1130,18,6,0,0,0,0,0,0,29,118,10,53377,8262,TRUE,"HER34L_1A"
"HER34L","HER34L_1A_147",25.6,1297.77,6.7,1,33932.12109,74049,1.31,11,40,16,25,45,40,41,606,98,18,0,83,4071,62,187,142,97,0,96,2751,0,961,0,1046,0,7,0,0,0,0,15,0,77,115,0,54786,8448,TRUE,"HER34L_1A"
"HER34L","HER34L_1A_148",25.7,1305.02,6.68,1,34025.71484,74018,1.33,0,18,18,28,68,51,37,610,152,0,8,71,4402,0,170,81,163,0,0,2850,0,817,0,1407,0,6,0,0,0,0,0,0,33,97,41,54469,8173,TRUE,"HER34L_1A"
"HER34L","HER34L_1A_149",25.8,1312.27,6.66,1,33484.05078,71907,1.35,15,52,0,21,65,53,14,551,61,0,0,46,3563,71,145,85,89,0,99,2831,50,931,0,904,5,0,0,0,0,0,0,0,75,41,22,53316,8556,TRUE,"HER34L_1A"
"HER34L","HER34L_1A_150",25.9,1319.51,6.67,1,34547.00391,75041,1.61,0,0,0,22,60,38,19,573,114,26,5,83,4520,101,194,76,81,0,148,2840,79,1059,0,1014,5,20,0,0,0,0,0,0,118,0,0,55044,8627,TRUE,"HER34L_1A"
"HER34L","HER34L_1A_151",26,1326.76,6.68,1,34469.81641,75197,1.48,15,0,29,5,50,37,43,549,60,10,0,50,4367,31,199,40,34,0,171,2807,0,937,0,1363,5,0,0,0,0,5,0,0,320,150,19,55087,8671,TRUE,"HER34L_1A"
"HER34L","HER34L_1A_152",26.1,1334.01,6.69,1,34541.27344,75632,1.24,0,40,0,0,68,57,41,591,78,9,32,52,4324,14,227,91,106,0,113,2617,150,945,0,1293,9,0,0,0,4,0,0,0,83,245,0,55536,8710,TRUE,"HER34L_1A"
"HER34L","HER34L_1A_153",26.2,1341.25,6.69,1,35005.88672,75695,1.22,0,30,0,0,64,33,52,593,53,0,21,46,4587,7,128,90,7,0,140,2855,7,919,0,1178,6,0,0,4,0,0,0,0,122,48,0,55695,8843,TRUE,"HER34L_1A"
"HER34L","HER34L_1A_154",26.3,1348.5,6.69,1,34751.11719,75465,1.26,0,29,0,14,63,66,39,581,61,0,0,86,3945,39,184,165,92,97,220,2999,221,1169,0,1298,0,0,0,0,0,0,0,0,0,0,0,55485,8440,TRUE,"HER34L_1A"
"HER34L","HER34L_1A_155",26.4,1355.74,6.69,1,34617.48828,75648,1.39,0,47,28,42,75,61,47,559,49,0,0,49,4108,118,240,122,113,0,13,2947,0,1012,0,1364,5,21,0,0,0,0,0,0,25,0,61,55709,8660,TRUE,"HER34L_1A"
"HER34L","HER34L_1A_156",26.5,1362.99,6.69,1,34624.50391,74976,1.58,9,39,30,32,61,62,35,598,50,0,17,16,4490,0,161,17,89,0,75,3014,0,937,0,1201,23,8,0,0,0,0,0,0,92,0,23,55254,8454,TRUE,"HER34L_1A"
"HER34L","HER34L_1A_157",26.6,1370.24,6.7,1,34600.28516,75049,1.36,0,13,8,20,55,72,32,639,83,0,0,36,4888,0,207,90,20,0,24,3114,41,1019,0,1092,7,0,0,0,0,0,0,0,72,191,31,54486,8671,TRUE,"HER34L_1A"
"HER34L","HER34L_1A_158",26.7,1377.48,6.71,1,34484.67578,75525,1.39,0,24,16,26,75,40,30,678,94,0,8,49,5149,50,176,72,125,0,147,3243,59,1099,0,1176,4,13,0,4,0,0,45,0,100,0,0,54399,8457,TRUE,"HER34L_1A"
"HER34L","HER34L_1A_159",26.8,1384.73,6.7,1,34050.95313,74769,1.41,0,11,0,0,68,61,25,549,40,11,21,43,4721,91,127,0,0,0,126,2973,0,1145,0,1205,18,14,0,0,0,0,0,0,193,89,0,54291,8678,TRUE,"HER34L_1A"
"HER34L","HER34L_1A_160",26.9,1391.98,6.7,1,33750.14063,74460,1.39,0,18,14,36,55,78,32,590,75,0,21,59,5031,0,227,39,121,0,185,2942,15,1141,0,1169,0,0,0,0,0,0,0,0,251,187,98,53431,8403,TRUE,"HER34L_1A"
"HER34L","HER34L_1A_161",27,1399.22,6.7,1,33597.25781,73078,1.11,14,34,18,22,52,56,32,611,61,0,0,13,4563,50,213,131,166,0,0,3011,0,1025,0,1150,0,0,0,0,0,0,0,0,138,26,25,53021,8440,TRUE,"HER34L_1A"
"HER34L","HER34L_1A_162",27.1,1406.47,6.7,1,33436.46875,72109,1.39,19,41,0,6,64,38,53,641,95,0,5,35,4508,42,144,102,0,77,44,3084,0,1003,0,1578,0,0,0,0,0,0,0,0,0,100,0,51988,8255,TRUE,"HER34L_1A"
"HER34L","HER34L_1A_163",27.2,1413.72,6.71,1,32967.58984,72035,1.42,0,22,0,13,47,25,24,574,95,0,0,51,4191,58,204,66,21,0,181,2826,0,1193,0,1335,0,0,0,0,0,0,0,0,54,0,20,52501,8387,TRUE,"HER34L_1A"
"HER34L","HER34L_1A_164",27.3,1420.96,6.73,1,33229.94531,72793,1.28,0,0,0,0,30,48,9,559,65,0,0,10,4982,92,86,84,50,0,97,2718,95,1061,27,959,0,0,0,0,0,0,0,0,95,186,32,52925,8425,TRUE,"HER34L_1A"
"HER34L","HER34L_1A_165",27.4,1428.21,6.74,1,33415.83594,73334,1.33,0,16,0,0,48,57,14,513,71,0,7,49,5268,49,184,135,83,0,72,2742,259,1180,0,1221,15,0,0,0,0,0,0,0,73,74,5,52741,8315,TRUE,"HER34L_1A"
"HER34L","HER34L_1A_166",27.5,1435.46,6.76,1,33113.95703,71019,1.48,0,0,0,0,46,56,20,577,97,0,11,50,4420,26,179,17,78,0,155,2818,0,989,0,1225,6,10,0,0,0,0,0,0,0,101,0,51788,8143,TRUE,"HER34L_1A"
"HER34L","HER34L_1A_167",27.6,1442.7,6.77,1,32857.69531,71003,1.35,0,0,6,23,67,51,32,548,96,0,17,69,4442,89,179,87,25,0,0,2744,0,1044,0,1106,0,5,0,0,0,20,0,0,58,0,47,51773,8299,TRUE,"HER34L_1A"
"HER34L","HER34L_1A_168",27.7,1449.95,6.76,1,33254.52344,71491,1.45,0,0,0,6,48,79,33,615,40,0,10,59,4480,0,234,35,13,0,5,2831,119,1119,0,932,0,0,0,10,0,0,0,0,179,85,0,52079,8362,TRUE,"HER34L_1A"
"HER34L","HER34L_1A_169",27.8,1457.19,6.76,1,33459.4375,73711,1.44,0,46,17,4,71,48,29,592,65,0,0,31,4843,0,195,174,94,0,5,3013,202,1149,0,1271,0,0,0,0,0,0,0,0,199,115,29,52783,8617,TRUE,"HER34L_1A"
"HER34L","HER34L_1A_170",27.9,1464.44,6.77,1,33828.03125,75202,1.34,29,30,0,16,61,26,47,629,130,19,0,44,4580,43,284,142,110,0,84,2953,161,1551,0,1964,0,0,0,0,0,0,0,0,11,53,13,53531,8583,TRUE,"HER34L_1A"
"HER34L","HER34L_1A_171",28,1471.69,6.78,1,34418.46484,74608,1.49,0,0,0,19,39,57,39,543,70,0,27,35,4244,43,263,28,0,0,145,3594,0,1019,0,970,6,0,16,0,0,0,0,0,19,108,0,54504,8692,TRUE,"HER34L_1A"
"HER34L","HER34L_1A_172",28.1,1478.93,6.8,1,34681.30859,76491,1.31,0,54,23,45,47,55,68,655,94,0,0,43,4397,23,186,96,0,0,12,3756,20,1014,0,1032,0,0,0,0,0,0,0,0,125,147,0,55808,8677,TRUE,"HER34L_1A"
"HER34L","HER34L_1A_173",28.2,1486.18,6.8,1,34541.48438,76179,1.34,18,13,13,5,62,29,31,530,71,0,0,49,3194,146,197,38,127,0,277,3927,19,1028,0,1149,8,0,0,0,0,0,0,0,163,74,0,56154,8610,TRUE,"HER34L_1A"
"HER34L","HER34L_1A_174",28.3,1493.43,6.8,1,35067.77344,76575,1.43,12,28,13,14,46,53,18,503,35,0,35,13,2951,84,220,116,118,0,57,3961,114,970,0,1051,11,8,0,17,0,0,0,0,51,140,0,57074,8690,TRUE,"HER34L_1A"
"HER34L","HER34L_1A_175",28.4,1500.67,6.82,1,35188.72656,77227,1.34,0,13,0,9,60,55,35,659,288,0,0,58,3280,0,196,32,111,0,184,4226,31,975,28,1186,0,0,0,0,0,0,0,0,0,215,13,56400,9027,TRUE,"HER34L_1A"
"HER34L","HER34L_1A_176",28.5,1507.92,6.84,1,35132.51563,76000,1.31,0,0,0,0,45,52,24,608,92,0,24,7,2579,0,176,159,54,0,6,4017,102,828,0,1223,0,0,0,0,0,33,76,0,194,156,0,56523,8876,TRUE,"HER34L_1A"
"HER34L","HER34L_1A_177",28.6,1515.17,6.85,1,34938.94531,74646,1.77,0,4,0,0,55,67,20,611,48,0,0,39,1773,0,133,112,52,0,73,4214,0,892,0,1137,16,0,6,0,0,0,11,0,220,0,0,56602,8421,TRUE,"HER34L_1A"
"HER34L","HER34L_1A_178",28.7,1522.41,6.84,1,35154.15625,75867,1.47,0,19,0,5,43,70,57,547,69,0,0,16,1596,7,234,109,143,0,50,4451,163,748,0,1237,0,0,0,0,0,0,0,0,169,185,0,56993,8804,TRUE,"HER34L_1A"
"HER34L","HER34L_1A_179",28.8,1529.66,6.84,1,35390.33203,75864,1.51,0,0,0,5,52,30,44,579,124,8,0,23,1782,37,185,0,0,0,174,4189,167,975,0,1185,4,0,0,0,0,0,0,0,221,123,0,57203,8579,TRUE,"HER34L_1A"
"HER34L","HER34L_1A_180",28.9,1536.91,6.84,1,35489.11719,76321,1.31,0,16,7,21,42,44,23,558,35,0,0,9,2250,40,186,72,62,0,159,4202,86,769,0,1196,6,0,0,12,0,0,0,0,229,172,0,57211,8718,TRUE,"HER34L_1A"
"HER34L","HER34L_1A_181",29,1544.15,6.85,1,35511.64844,76993,1.22,25,45,29,13,45,57,18,526,61,0,10,11,2447,40,261,188,110,85,81,4277,0,905,0,1137,0,0,0,0,0,0,0,0,0,155,0,57660,8665,TRUE,"HER34L_1A"
"HER34L","HER34L_1A_182",29.1,1551.4,6.87,1,35378.15234,76891,1.38,15,66,6,24,62,44,45,564,84,14,0,29,2242,0,199,27,151,0,118,4327,0,873,0,1212,10,0,0,0,0,0,0,0,184,58,0,57678,8634,TRUE,"HER34L_1A"
"HER34L","HER34L_1A_183",29.2,1558.64,6.88,1,35489.66016,76180,1.45,0,6,6,42,56,60,21,525,153,13,19,49,2156,46,190,69,60,0,113,4183,53,711,0,1367,9,10,0,0,0,0,0,0,87,10,0,57241,8752,TRUE,"HER34L_1A"
"HER34L","HER34L_1A_184",29.3,1565.89,6.89,1,35149.90625,75082,1.56,0,38,27,12,47,61,22,526,93,0,0,9,1611,52,195,95,43,91,80,3940,0,900,0,1005,0,0,0,0,0,0,11,0,0,0,0,57490,8482,TRUE,"HER34L_1A"
"HER34L","HER34L_1A_185",29.4,1573.14,6.9,1,35522.55469,77439,1.61,0,51,15,34,67,48,33,580,69,0,0,45,2566,18,185,61,62,0,55,4032,35,774,0,1245,29,18,0,0,0,0,0,0,325,286,0,57753,8937,TRUE,"HER34L_1A"
"HER34L","HER34L_1A_186",29.5,1580.38,6.91,1,35496.44531,76733,1.44,0,29,15,19,53,48,26,544,82,0,0,8,2206,21,177,51,97,0,85,4155,0,811,0,1104,0,0,6,0,0,0,0,0,91,105,73,57985,8762,TRUE,"HER34L_1A"
"HER34L","HER34L_1A_187",29.6,1587.63,6.92,1,35534.46875,76037,1.4,0,9,0,15,65,46,15,584,95,26,15,40,2481,23,131,21,25,0,37,4242,13,648,0,1135,9,13,0,0,0,0,0,0,0,112,0,57342,8650,TRUE,"HER34L_1A"
"HER34L","HER34L_1A_188",29.7,1594.88,6.93,1,35402.20313,75806,1.35,0,43,25,35,46,27,49,609,95,8,0,57,2041,41,149,162,84,0,116,4075,0,590,0,1314,0,0,0,0,0,0,0,0,118,0,0,57400,8589,TRUE,"HER34L_1A"
"HER34L","HER34L_1A_189",29.8,1602.12,6.94,1,35101.44141,75703,1.58,0,9,8,0,53,42,43,607,40,0,10,13,1725,5,198,45,45,0,221,4192,209,752,0,1379,6,0,0,17,0,0,0,0,51,134,0,57188,8584,TRUE,"HER34L_1A"
"HER34L","HER34L_1A_190",29.9,1609.37,6.94,1,35490.67188,76329,1.35,0,10,0,8,40,45,26,548,68,0,7,14,2117,0,189,49,53,0,51,4230,0,628,0,1256,0,0,0,0,0,0,0,0,0,172,0,58011,8531,TRUE,"HER34L_1A"
"HER34L","HER34L_1A_191",30,1616.62,6.94,1,35339.71484,75341,1.68,0,0,0,8,29,54,44,589,52,0,5,7,1668,0,176,130,28,0,142,4296,0,855,0,1030,11,11,0,0,0,0,0,0,116,13,0,57330,8563,TRUE,"HER34L_1A"
"HER34L","HER34L_1A_192",30.1,1623.48,6.95,1,35296.58594,76110,1.37,0,0,0,27,30,41,33,558,318,0,0,23,2095,40,213,52,224,0,57,4259,0,857,0,1258,0,9,0,0,0,0,0,0,26,57,0,57506,8226,TRUE,"HER34L_1A"
"HER34L","HER34L_1A_193",30.2,1630.34,6.96,1,35271.0625,75581,1.35,0,28,0,14,49,55,56,596,154,0,29,49,2079,0,210,53,126,0,0,4202,113,860,0,1216,0,14,0,0,0,0,0,0,79,176,9,56795,8484,TRUE,"HER34L_1A"
"HER34L","HER34L_1A_194",30.3,1637.21,6.97,1,35267.26563,75803,1.44,0,52,6,16,33,34,33,608,63,0,0,16,2456,5,219,44,17,0,61,4170,0,755,0,1206,0,0,0,0,0,0,0,0,50,91,49,56963,8584,TRUE,"HER34L_1A"
"HER34L","HER34L_1A_195",30.4,1644.07,6.98,1,35022.48828,74240,1.5,0,14,8,31,60,90,57,514,65,0,0,46,2295,54,180,118,9,0,0,4044,0,662,0,1145,15,7,0,0,13,0,0,0,15,0,93,56139,8432,TRUE,"HER34L_1A"
"HER34L","HER34L_1A_196",30.5,1650.93,6.99,1,35174.85156,75916,1.4,0,16,20,0,50,54,66,582,50,7,23,13,2244,0,169,131,0,0,0,4073,49,794,0,1318,0,0,0,0,0,0,0,0,81,17,0,57166,8853,TRUE,"HER34L_1A"
"HER34L","HER34L_1A_197",30.6,1657.8,7,1,35523.28125,76896,1.55,0,10,0,30,60,78,33,620,102,0,0,42,2845,0,179,0,72,0,213,4087,0,863,0,1257,0,0,0,0,0,0,0,0,155,0,0,57288,8798,TRUE,"HER34L_1A"
"HER34L","HER34L_1A_198",30.7,1664.66,7,1,35176.91406,76418,1.27,25,25,8,16,56,41,19,590,60,0,0,20,2555,32,221,81,143,0,140,4117,51,775,0,1475,0,0,0,8,0,0,0,0,108,182,0,56754,8700,TRUE,"HER34L_1A"
"HER34L","HER34L_1A_199",30.8,1671.52,7.02,1,35192.21484,75821,1.36,0,10,14,13,51,47,23,638,86,5,0,22,1793,17,216,125,137,0,0,3837,198,945,0,1196,18,0,0,0,0,0,0,0,23,97,0,57236,8904,TRUE,"HER34L_1A"
"HER34L","HER34L_1A_200",30.9,1678.39,7.03,1,35308.89063,75104,1.58,16,14,0,16,59,53,27,618,42,15,27,71,2011,54,222,85,68,0,74,3951,0,955,0,1237,9,0,0,0,0,0,0,0,0,27,0,56626,8554,TRUE,"HER34L_1A"
"HER34L","HER34L_1A_201",31,1685.25,7.04,1,35409.60156,76128,1.39,0,13,0,0,57,47,44,589,46,0,19,14,2234,0,207,66,0,0,165,4056,0,873,0,1311,0,0,0,0,0,0,0,0,33,0,61,57314,8784,TRUE,"HER34L_1A"
"HER34L","HER34L_1A_202",31.1,1692.11,7.04,1,35599.78906,76925,1.56,0,31,16,28,58,40,36,624,27,0,0,29,2198,0,165,53,6,0,0,4161,0,915,0,1354,0,0,0,20,0,0,91,0,122,0,0,57835,8949,TRUE,"HER34L_1A"
"HER34L","HER34L_1A_203",31.2,1698.98,7.05,1,35668.64844,75563,1.42,0,12,16,20,78,57,33,585,40,0,0,44,2075,0,177,0,0,0,121,4056,0,734,0,1011,0,15,0,20,0,0,0,0,0,0,0,57540,8712,TRUE,"HER34L_1A"
"HER34L","HER34L_1A_204",31.3,1705.84,7.05,1,35763.64844,76268,1.33,0,42,9,10,28,50,20,616,71,0,0,9,1375,45,198,113,122,0,40,4251,0,554,0,1384,0,0,0,0,0,0,0,0,152,119,0,58010,8855,TRUE,"HER34L_1A"
"HER34L","HER34L_1A_205",31.4,1712.7,7.06,1,35522.88281,75319,1.5,0,7,4,33,23,65,40,566,70,14,0,43,1289,46,204,66,28,0,85,4393,107,812,0,1307,0,0,0,0,0,0,0,0,35,123,0,57034,8673,TRUE,"HER34L_1A"
"HER34L","HER34L_1A_206",31.5,1719.57,7.06,1,35508.88281,75451,1.42,19,70,0,26,51,38,15,563,70,0,0,21,1295,117,154,110,0,0,154,4172,0,719,0,1174,6,0,0,0,0,0,8,0,145,168,56,57499,8532,TRUE,"HER34L_1A"
"HER34L","HER34L_1A_207",31.6,1726.43,7.07,1,35386.91406,75730,1.27,0,18,17,16,42,72,44,568,32,0,5,16,1545,7,178,32,59,0,73,4218,0,766,0,1344,0,0,0,0,0,0,0,0,84,216,0,57093,8948,TRUE,"HER34L_1A"
"HER34L","HER34L_1A_208",31.7,1733.3,7.07,1,35371.96094,75659,1.21,0,6,0,0,25,31,33,542,55,0,0,19,1615,59,161,90,175,0,269,4157,0,721,0,1257,0,0,0,0,9,0,0,0,139,33,0,57384,8612,TRUE,"HER34L_1A"
"HER34L","HER34L_1A_209",31.8,1740.16,7.08,1,35165.28125,75219,1.27,0,17,0,14,41,38,25,508,86,0,0,18,1515,0,135,125,18,0,168,3938,252,702,0,1302,0,0,0,0,0,0,54,22,4,0,0,57383,8687,TRUE,"HER34L_1A"
"HER34L","HER34L_1A_210",31.9,1747.02,7.08,1,35316.04297,74816,1.43,0,13,13,0,52,24,38,529,75,0,0,33,1474,25,163,120,92,0,0,3900,151,767,0,1062,0,0,0,0,0,0,0,0,132,0,0,57437,8580,TRUE,"HER34L_1A"
"HER34L","HER34L_1A_211",32,1753.89,7.09,1,35479.97656,75358,1.42,0,45,0,11,52,51,23,525,49,0,0,31,1924,40,160,114,35,105,88,4046,63,736,0,1148,0,6,0,0,0,0,0,0,5,42,0,57535,8382,TRUE,"HER34L_1A"
"HER34L","HER34L_1A_212",32.1,1760.75,7.1,1,35441.28516,75178,1.36,0,23,0,0,45,28,35,493,46,0,28,23,988,98,250,127,93,0,189,4049,88,989,0,1224,0,0,0,0,0,0,0,0,103,0,0,57369,8738,TRUE,"HER34L_1A"
"HER34L","HER34L_1A_213",32.2,1767.61,7.12,1,35021.1875,74413,1.38,7,30,17,29,69,52,38,531,44,0,25,29,993,29,247,10,93,0,227,4079,37,763,0,1125,0,0,0,9,0,0,0,0,152,115,0,56902,8516,TRUE,"HER34L_1A"
"HER34L","HER34L_1A_214",32.3,1774.48,7.12,1,34859.18359,74137,1.34,9,0,0,0,40,34,22,442,19,0,22,19,939,45,165,59,72,0,42,4314,0,693,0,1242,8,0,0,15,0,0,0,0,218,142,0,56901,8463,TRUE,"HER34L_1A"
"HER34L","HER34L_1A_215",32.4,1781.34,7.14,1,34903.39844,73454,1.47,0,6,14,22,57,58,27,614,82,0,0,58,1095,0,190,118,56,0,147,3950,0,704,0,1072,0,13,0,0,0,0,0,0,84,37,0,56286,8550,TRUE,"HER34L_1A"
"HER34L","HER34L_1A_216",32.5,1788.2,7.14,1,34990.71484,75147,1.35,0,22,5,11,29,40,18,533,18,6,0,13,1051,0,248,101,95,0,110,3910,81,779,0,1379,0,4,0,5,0,0,0,0,58,178,23,57708,8540,TRUE,"HER34L_1A"
"HER34L","HER34L_1A_217",32.6,1795.07,7.15,1,34979.50781,75874,1.52,0,18,15,36,36,45,19,588,76,10,22,20,1272,0,191,122,149,0,244,4317,0,1143,0,1296,21,0,0,0,0,0,0,0,0,0,60,57117,8828,TRUE,"HER34L_1A"
"HER34L","HER34L_1A_218",32.7,1801.93,7.16,1,35386.16406,75369,1.56,0,0,0,0,61,59,43,477,56,0,6,30,952,0,178,94,48,0,166,4314,50,842,0,1085,0,19,0,4,0,0,0,0,170,249,0,57435,8740,TRUE,"HER34L_1A"
"HER34L","HER34L_1A_219",32.8,1808.79,7.17,1,35428.29297,76262,1.32,0,0,8,17,37,34,36,601,65,0,0,17,886,6,260,116,127,0,0,4432,25,801,0,1187,0,0,0,0,0,0,0,0,153,164,0,58525,8642,TRUE,"HER34L_1A"
"HER34L","HER34L_1A_220",32.9,1815.66,7.18,1,35452.99219,75505,1.26,11,49,9,18,35,44,42,570,41,0,12,20,748,41,227,133,153,0,35,4259,41,805,0,1184,0,0,0,0,0,0,0,0,187,113,0,57678,8762,TRUE,"HER34L_1A"
"HER34L","HER34L_1A_221",33,1822.52,7.19,1,35652.98438,75064,1.57,0,21,0,7,57,49,44,531,89,14,11,33,1176,98,215,112,0,34,85,4622,0,726,0,1179,0,5,0,0,0,0,0,0,38,0,0,57217,8468,TRUE,"HER34L_1A"
"HER34L","HER34L_1A_222",33.1,1829.38,7.19,1,35577.87891,75738,1.45,0,6,0,0,37,41,42,575,79,0,0,47,840,0,242,88,0,0,63,4364,215,858,0,1321,0,0,0,0,0,0,0,0,23,121,0,57894,8730,TRUE,"HER34L_1A"
"HER34L","HER34L_1A_223",33.2,1836.25,7.2,1,35787.39844,76379,1.34,0,0,16,7,66,39,34,603,75,15,20,36,1137,64,230,97,53,0,0,4375,7,788,0,1481,0,9,0,0,0,0,0,0,14,15,0,58182,8751,TRUE,"HER34L_1A"
"HER34L","HER34L_1A_224",33.3,1843.11,7.2,1,35573.53516,75198,1.46,0,12,0,5,52,25,17,503,83,0,0,15,761,18,114,11,18,0,247,4387,0,709,0,1192,8,0,0,0,0,0,0,0,160,87,5,57873,8684,TRUE,"HER34L_1A"
"HER34L","HER34L_1A_225",33.4,1849.97,7.19,1,35664.86328,74983,1.26,0,22,0,0,43,58,32,604,83,5,0,23,946,53,175,14,10,0,7,4144,177,935,0,1207,0,0,0,0,0,0,0,0,42,36,40,57627,8527,TRUE,"HER34L_1A"
"HER34L","HER34L_1A_226",33.5,1856.84,7.18,1,35775.44141,75419,1.55,0,0,0,20,39,50,9,610,23,10,0,0,651,28,129,83,44,0,68,4460,0,756,0,1178,0,0,0,15,0,0,0,0,0,60,0,57914,9050,TRUE,"HER34L_1A"
"HER34L","HER34L_1A_227",33.6,1863.7,7.18,1,35912.25781,76183,1.47,0,0,0,13,29,36,30,513,46,0,24,8,1149,0,195,126,63,50,12,4481,159,678,0,1328,10,0,0,0,0,0,0,0,0,17,0,58561,8533,TRUE,"HER34L_1A"
"HER34L","HER34L_1A_228",33.7,1870.56,7.18,1,35773.63672,75242,1.35,0,27,0,15,41,39,33,537,61,0,0,37,669,8,205,58,42,0,106,4336,0,860,0,1082,5,0,0,0,0,0,0,0,0,85,0,58052,8793,TRUE,"HER34L_1A"
"HER34L","HER34L_1A_229",33.8,1877.43,7.19,1,35701.69531,75755,1.36,0,48,6,18,44,53,32,560,52,11,5,0,856,0,202,22,44,0,0,4419,61,838,0,1053,12,0,0,0,0,0,0,0,158,255,0,58078,8763,TRUE,"HER34L_1A"
"HER34L","HER34L_1A_230",33.9,1884.29,7.2,1,35706.29297,76514,1.52,0,28,0,12,48,67,22,513,90,0,0,0,618,0,178,55,84,0,101,4816,0,772,0,1372,0,9,0,0,0,0,18,0,101,407,0,58209,8864,TRUE,"HER34L_1A"
"HER34L","HER34L_1A_231",34,1891.15,7.2,1,35824.89063,76372,1.29,0,16,9,30,45,56,19,537,24,0,18,21,706,0,200,137,90,0,93,5134,45,879,0,972,8,0,0,0,0,0,0,0,230,85,38,58193,8645,TRUE,"HER34L_1A"
"HER34L","HER34L_1A_232",34.1,1898.02,7.21,1,35925.95703,76974,1.34,17,45,17,25,65,52,51,602,196,0,5,34,982,27,199,93,102,0,147,5013,154,768,6,1351,0,6,0,0,0,0,0,0,0,47,0,57995,8793,TRUE,"HER34L_1A"
"HER34L","HER34L_1A_233",34.2,1904.88,7.21,1,35731.35156,75975,1.33,0,0,6,7,66,25,30,554,55,0,20,0,784,0,157,93,37,0,169,4876,0,878,0,1410,0,6,0,0,0,0,0,0,134,106,0,57723,8729,TRUE,"HER34L_1A"
"HER34L","HER34L_1A_234",34.3,1911.75,7.22,1,35603.8125,75784,1.46,0,0,0,20,49,45,38,504,94,16,0,8,738,80,189,55,52,0,0,4386,69,794,0,1256,23,8,0,0,0,0,0,0,0,95,0,58327,8722,TRUE,"HER34L_1A"
"HER34L","HER34L_1A_235",34.4,1918.61,7.23,1,35681.375,76219,1.51,0,0,0,0,70,55,39,529,53,0,0,24,999,71,188,107,112,0,138,4814,87,773,0,1274,15,0,0,6,0,0,0,0,147,189,0,57717,8640,TRUE,"HER34L_1A"
"HER34L","HER34L_1A_236",34.5,1925.47,7.24,1,35836.76172,75536,1.36,0,0,23,17,67,50,39,533,57,5,0,24,922,6,222,78,0,0,76,4484,9,718,0,1221,5,0,0,0,0,0,0,0,201,142,0,58240,8208,TRUE,"HER34L_1A"
"HER34L","HER34L_1A_237",34.6,1932.34,7.24,1,36170.4375,76839,1.39,0,9,0,0,54,56,12,546,68,18,0,17,1024,40,239,6,47,0,261,4367,0,778,0,1386,14,4,0,0,0,0,21,0,17,35,0,58833,8767,TRUE,"HER34L_1A"
"HER34L","HER34L_1A_238",34.7,1939.2,7.25,1,36197.49609,76722,1.35,0,0,0,0,44,50,27,608,82,0,0,0,1310,44,193,20,11,0,210,4612,0,721,0,1062,6,0,0,0,0,0,0,0,187,78,0,58613,8738,TRUE,"HER34L_1A"
"HER34L","HER34L_1A_239",34.8,1946.06,7.26,1,36312.52344,77051,1.26,0,17,10,13,76,66,51,619,43,7,0,38,1013,68,220,129,112,0,0,4450,0,820,0,1303,0,4,0,0,0,0,0,0,38,120,0,58893,8726,TRUE,"HER34L_1A"
"HER34L","HER34L_1A_240",34.9,1952.93,7.25,1,36113.52734,76067,1.37,0,37,0,0,60,40,48,599,78,14,0,26,689,10,113,33,19,0,0,4412,71,954,0,1308,4,0,0,0,0,0,0,0,63,0,0,58489,8887,TRUE,"HER34L_1A"
"HER34L","HER34L_1A_241",35,1959.79,7.26,1,35827.94141,76395,1.33,0,24,6,0,62,64,38,580,78,0,0,8,856,31,273,195,62,182,180,4120,180,759,0,1227,0,0,0,0,0,0,0,0,0,72,0,58406,8833,TRUE,"HER34L_1A"
"HER34L","HER34L_1A_242",35.1,1966.82,7.26,1,35667.36328,75359,1.34,0,40,12,31,60,45,32,567,53,0,0,0,895,0,243,108,125,0,53,3725,37,856,0,1308,0,0,0,0,0,0,0,0,107,209,0,57988,8684,TRUE,"HER34L_1A"
"HER34L","HER34L_1A_243",35.2,1973.85,7.25,1,35568.47656,74534,1.48,10,47,22,11,37,35,44,560,40,0,8,35,1484,36,234,67,15,0,0,4021,0,724,0,846,11,15,0,4,0,0,0,0,151,74,0,57010,8792,TRUE,"HER34L_1A"
"HER34L","HER34L_1A_244",35.3,1980.88,7.25,1,35573.62891,76535,1.32,0,55,0,0,60,36,26,583,77,0,0,0,1542,68,218,111,58,0,114,3759,14,741,0,1348,0,8,0,0,0,0,0,0,12,156,0,58334,9056,TRUE,"HER34L_1A"
"HER34L","HER34L_1A_245",35.4,1987.9,7.25,1,35865.14063,76068,1.48,16,33,11,29,83,58,27,551,106,26,0,30,1047,112,222,48,60,0,88,3906,0,680,0,1218,5,10,0,0,0,0,0,0,59,0,0,58451,9050,TRUE,"HER34L_1A"
"HER34L","HER34L_1A_246",35.5,1994.93,7.26,1,35959.32422,75974,1.39,28,44,32,0,42,42,17,561,83,0,4,0,1418,16,183,42,100,0,78,3594,0,654,0,1206,0,0,0,0,0,0,0,0,163,66,0,58711,8668,TRUE,"HER34L_1A"
"HER34L","HER34L_1A_247",35.6,2001.96,7.26,1,36069.02344,75445,1.47,0,19,0,24,59,44,12,557,72,0,9,10,1215,0,214,136,116,0,14,3808,0,744,0,1128,6,0,0,0,0,0,0,0,37,109,0,58271,8678,TRUE,"HER34L_1A"
"HER34L","HER34L_1A_248",35.7,2008.99,7.27,1,36020.92969,76666,1.32,0,0,0,5,50,17,18,598,87,0,0,0,1298,19,248,100,89,0,106,4021,0,736,0,1224,0,0,0,0,0,0,0,0,268,163,64,58791,8679,TRUE,"HER34L_1A"
"HER34L","HER34L_1A_249",35.8,2016.02,7.27,1,35988.90625,75949,1.53,0,0,0,20,53,52,52,600,105,10,0,63,1864,76,184,84,85,0,88,3698,0,750,0,1106,17,0,8,0,0,0,0,0,0,22,0,58023,8762,TRUE,"HER34L_1A"
"HER34L","HER34L_1A_250",35.9,2023.05,7.26,1,36064.19141,75864,1.42,0,0,15,18,55,48,36,508,64,0,0,16,1536,37,155,84,0,105,20,3492,0,845,0,1061,6,5,0,0,0,0,0,0,8,137,0,58874,8665,TRUE,"HER34L_1A"
"HER34L","HER34L_1A_251",36,2030.08,7.27,1,35958.55469,76254,1.41,0,0,7,23,37,32,30,620,108,0,0,31,2500,0,212,15,4,0,41,3532,0,791,0,1524,21,8,0,0,0,0,0,0,0,0,0,58138,8398,TRUE,"HER34L_1A"
"HER34L","HER34L_1A_252",36.1,2037.11,7.28,1,36205.69531,77176,1.49,0,8,6,8,35,46,17,541,66,0,4,15,2402,4,245,179,40,0,51,3486,44,757,0,1162,0,0,0,0,0,0,0,0,216,101,0,58839,8792,TRUE,"HER34L_1A"
"HER34L","HER34L_1A_253",36.2,2044.14,7.28,1,36141.30078,76115,1.29,7,30,0,31,71,39,29,595,33,24,0,33,1509,56,234,139,59,0,5,3814,0,888,88,1507,0,0,0,0,0,0,0,0,173,0,75,57887,8613,TRUE,"HER34L_1A"
"HER34L","HER34L_1A_254",36.3,2051.16,7.28,1,36272.1875,76263,1.56,0,0,0,0,62,44,33,567,35,15,0,32,1627,0,218,82,27,0,0,3577,0,682,0,1196,10,0,0,5,0,0,0,0,144,29,0,58784,8917,TRUE,"HER34L_1A"
"HER34L","HER34L_1A_255",36.4,2058.19,7.28,1,36220.79688,76568,1.4,7,0,7,21,66,47,41,488,71,0,0,23,1463,62,190,58,12,0,23,3660,0,794,0,1211,0,0,0,0,0,0,42,0,207,123,0,58859,8941,TRUE,"HER34L_1A"
"HER34L","HER34L_1A_256",36.5,2065.22,7.29,1,36084.66016,76621,1.24,0,36,29,0,42,48,28,508,31,11,0,40,1248,51,168,115,69,0,85,3608,228,807,0,1278,0,0,0,0,0,0,0,0,0,122,0,59111,8806,TRUE,"HER34L_1A"
"HER34L","HER34L_1A_257",36.6,2072.25,7.29,1,35942.31641,74999,1.39,7,31,9,0,56,61,45,548,24,0,5,0,786,35,203,111,51,0,138,3417,60,555,0,1191,0,0,0,0,0,0,36,0,209,78,0,58538,8696,TRUE,"HER34L_1A"
"HER34L","HER34L_1A_258",36.7,2079.28,7.29,1,35771.94531,74502,1.34,0,20,5,0,56,41,11,522,41,0,6,22,1058,38,227,125,53,0,86,3346,0,752,0,1196,16,0,0,0,0,0,0,0,46,22,56,57918,8684,TRUE,"HER34L_1A"
"HER34L","HER34L_1A_259",36.8,2086.31,7.29,1,35538.46484,73873,1.25,0,51,20,36,84,68,35,513,49,5,7,11,549,21,255,136,173,0,67,3157,0,816,0,1158,8,6,0,0,0,0,0,0,183,15,26,57515,8755,TRUE,"HER34L_1A"
"HER34L","HER34L_1A_260",36.9,2093.34,7.29,1,35336.25391,74009,1.39,0,26,17,27,52,33,65,550,51,23,0,39,689,18,224,128,20,0,73,3401,0,867,0,1229,5,0,0,0,0,0,16,0,189,25,0,57465,8657,TRUE,"HER34L_1A"
"HER34L","HER34L_1A_261",37,2100.37,7.31,1,35387.33984,73667,1.53,0,0,0,7,47,54,35,578,54,0,0,0,576,0,86,0,0,0,235,2944,89,694,0,1273,0,0,0,0,0,0,56,0,202,72,0,57618,8860,TRUE,"HER34L_1A"
"HER34L","HER34L_1A_262",37.1,2107.39,7.31,1,35775.02734,74844,1.54,0,23,0,21,44,34,26,533,18,0,0,35,769,0,139,109,14,0,188,3265,0,1018,0,1230,0,0,5,7,0,0,0,0,168,101,11,58064,8827,TRUE,"HER34L_1A"
"HER34L","HER34L_1A_263",37.2,2114.42,7.32,1,35857.34766,75360,1.24,0,38,7,10,57,32,17,514,80,0,0,10,780,13,217,99,102,0,135,3534,0,545,0,1110,0,0,0,0,0,0,0,0,292,0,0,58800,8786,TRUE,"HER34L_1A"
"HER34L","HER34L_1A_264",37.3,2121.45,7.32,1,35839.45313,74789,1.39,0,15,11,40,49,43,33,515,49,27,0,51,1074,0,185,34,38,0,168,3596,0,797,0,1229,5,7,0,0,0,0,0,0,115,206,43,57672,8587,TRUE,"HER34L_1A"
"HER34L","HER34L_1A_265",37.4,2128.48,7.33,1,35684.6875,75392,1.39,0,0,30,13,54,58,33,583,95,0,16,49,996,0,193,86,70,0,83,3679,140,937,0,1317,0,0,0,0,0,0,0,0,156,140,0,57696,8866,TRUE,"HER34L_1A"
"HER34L","HER34L_1A_266",37.5,2135.51,7.33,1,35460.95313,73486,1.21,7,31,6,14,59,61,37,570,45,0,15,37,705,29,254,122,0,0,80,3659,0,717,0,1087,0,0,0,0,0,0,0,0,67,0,0,57113,8672,TRUE,"HER34L_1A"
"HER34L","HER34L_1A_267",37.6,2142.54,7.33,1,35539.67578,74774,1.47,20,36,4,11,64,53,45,594,45,0,7,44,1119,0,200,86,27,0,26,3492,56,830,0,1151,10,0,0,20,0,0,0,0,163,0,0,57841,8704,TRUE,"HER34L_1A"
"HER34L","HER34L_1A_268",37.7,2149.57,7.34,1,35618.26563,75966,1.39,0,0,8,28,51,36,45,566,22,0,0,55,1095,53,236,153,33,0,215,3589,58,733,0,1280,15,0,0,10,21,0,0,0,139,15,0,58440,8903,TRUE,"HER34L_1A"
"HER34L","HER34L_1A_269",37.8,2156.6,7.34,1,35984.74609,75637,1.44,0,28,0,21,48,27,36,534,85,4,6,14,1120,71,214,94,75,0,80,3775,0,820,0,1223,0,0,0,0,0,0,0,0,195,208,0,58140,8686,TRUE,"HER34L_1A"
"HER34L","HER34L_1A_270",37.9,2163.62,7.33,1,35955.1875,76910,1.6,6,29,19,8,68,52,41,572,75,0,0,42,1568,0,204,92,22,0,78,3700,0,951,0,1235,10,0,15,0,0,0,0,0,308,195,0,58368,8973,TRUE,"HER34L_1A"
"HER34L","HER34L_1A_271",38,2170.65,7.35,1,35787.85547,75745,1.29,0,10,0,17,56,51,31,559,52,0,0,40,1403,51,196,144,127,65,25,3573,47,579,0,1521,9,0,0,0,0,12,0,0,0,0,0,58113,8831,TRUE,"HER34L_1A"
"HER34L","HER34L_1A_272",38.1,2177.68,7.35,1,35810.55469,75338,1.4,0,6,0,38,46,38,20,529,54,0,0,10,2076,51,252,61,53,0,164,3687,8,788,0,1235,0,0,0,0,0,0,6,0,218,219,0,56930,8675,TRUE,"HER34L_1A"
"HER34L","HER34L_1A_273",38.2,2184.71,7.36,1,35699.75391,75474,1.41,0,46,17,43,57,53,44,549,40,0,0,23,2583,0,226,168,89,127,224,3471,46,577,0,1152,22,0,0,11,0,0,0,0,0,32,0,57218,8515,TRUE,"HER34L_1A"
"HER34L","HER34L_1A_274",38.3,2191.74,7.36,1,35501.16016,75333,1.39,0,0,6,16,48,61,35,563,125,0,0,35,2119,26,210,17,16,0,248,3302,184,1016,0,1024,0,0,0,0,0,0,0,0,136,12,0,57531,8410,TRUE,"HER34L_1A"
"HER34L","HER34L_1A_275",38.4,2198.77,7.35,1,35496.32422,73696,1.35,16,0,0,28,70,44,56,515,85,0,0,0,1172,0,174,91,57,0,180,3621,0,770,0,1104,7,0,0,0,0,0,0,0,108,0,0,56776,8657,TRUE,"HER34L_1A"
"HER34L","HER34L_1A_276",38.5,2205.8,7.36,1,35527.18359,73833,1.39,0,47,0,0,67,43,31,509,79,21,12,9,1092,5,237,65,67,0,49,3515,56,780,0,1307,0,0,0,0,0,0,0,0,106,0,0,57082,8475,TRUE,"HER34L_1A"
"HER34L","HER34L_1A_277",38.6,2212.83,7.36,1,35489.45703,74262,1.29,0,0,0,24,52,18,0,525,15,0,0,28,847,140,190,46,51,0,125,3319,50,858,0,1220,5,0,0,0,0,0,0,0,125,101,0,57774,8588,TRUE,"HER34L_1A"
"HER34L","HER34L_1A_278",38.7,2219.86,7.36,1,35355.26563,74716,1.29,0,27,16,19,58,54,38,572,83,16,0,27,1133,8,232,114,67,0,95,3595,0,970,0,1237,5,0,0,0,0,0,0,0,188,124,0,57246,8622,TRUE,"HER34L_1A"
"HER34L","HER34L_1A_279",38.8,2226.88,7.37,1,35420.38672,75092,1.46,25,30,40,25,73,43,24,563,44,6,25,35,1123,6,154,97,0,0,186,3684,109,711,0,1265,7,0,0,0,0,0,0,0,0,215,138,57580,8733,TRUE,"HER34L_1A"
"HER34L","HER34L_1A_280",38.9,2233.91,7.37,1,35465.78125,74730,1.47,0,31,0,8,55,70,55,602,57,0,5,13,1047,11,170,36,0,0,133,3587,50,798,0,1478,0,0,0,0,0,0,0,0,45,172,21,57736,8415,TRUE,"HER34L_1A"
"HER34L","HER34L_1A_281",39,2240.94,7.38,1,35584.56641,74829,1.4,0,0,0,8,33,53,37,598,73,0,0,50,896,0,163,45,70,0,0,3639,10,855,0,1340,0,0,0,5,0,0,0,0,205,13,0,58114,8447,TRUE,"HER34L_1A"
"HER34L","HER34L_1A_282",39.1,2247.97,7.38,1,35506.75781,74890,1.55,0,0,0,28,45,58,46,658,76,0,0,11,1085,9,186,65,46,0,84,3741,72,920,0,1111,13,0,0,0,0,0,37,0,244,0,0,57374,8832,TRUE,"HER34L_1A"
"HER34L","HER34L_1A_283",39.2,2255,7.38,1,36032.94922,76052,1.46,0,21,6,15,67,49,50,645,56,0,0,29,996,87,207,130,0,0,127,3636,53,942,0,1152,0,0,0,0,0,0,8,0,106,180,60,58728,8547,TRUE,"HER34L_1A"
"HER34L","HER34L_1A_284",39.3,2262.03,7.39,1,36099.66797,75582,1.29,0,46,13,33,82,63,52,581,53,0,0,33,848,0,198,141,95,0,30,3953,8,825,0,1136,0,0,0,11,0,0,0,0,93,168,0,58263,8703,TRUE,"HER34L_1A"
"HER34L","HER34L_1A_285",39.4,2269.06,7.39,1,35932.71484,75082,1.46,0,22,18,16,82,63,45,631,86,0,0,11,1157,0,223,61,110,0,22,3837,160,830,0,959,0,7,0,7,0,0,11,0,118,0,0,57923,8572,TRUE,"HER34L_1A"
"HER34L","HER34L_1A_286",39.5,2276.09,7.38,1,35951.47656,75872,1.38,8,0,0,0,77,33,55,643,101,0,7,62,942,0,265,94,50,0,158,3860,83,1040,0,1189,10,0,0,0,0,0,0,0,173,118,0,57812,8947,TRUE,"HER34L_1A"
"HER34L","HER34L_1A_287",39.6,2283.11,7.38,1,36116.23438,75936,1.53,0,0,0,28,81,40,48,595,86,0,43,56,1088,38,245,67,81,0,235,3817,0,635,0,1327,0,0,0,0,0,0,0,0,73,251,0,58300,8583,TRUE,"HER34L_1A"
"HER34L","HER34L_1A_288",39.7,2290.14,7.38,1,35950.28125,77202,1.47,0,25,14,36,29,52,51,589,122,10,0,44,1054,0,345,37,78,0,541,4041,0,973,0,1342,0,13,0,0,0,0,0,0,80,249,178,58034,9125,TRUE,"HER34L_1A"
"HER34L","HER34L_1A_289",39.8,2297.17,7.37,1,35950.43359,75862,1.56,0,5,0,18,73,54,40,600,94,19,15,41,911,45,145,50,48,0,119,3997,0,918,0,1243,9,19,0,0,0,0,0,0,33,0,0,58370,8840,TRUE,"HER34L_1A"
"HER34L","HER34L_1A_290",39.9,2304.2,7.37,1,35688.92969,75016,1.41,0,8,0,0,72,64,34,635,80,16,8,45,943,67,209,101,73,0,75,3986,0,750,0,1213,5,0,0,0,0,0,0,0,31,18,31,57569,8826,TRUE,"HER34L_1A"
"HER34L","HER34L_1A_291",40,2311.23,7.36,1,35813.74609,75626,1.51,0,40,0,35,89,66,0,645,80,12,16,49,1054,15,213,125,0,121,162,3692,161,807,0,1478,27,11,0,0,0,0,0,0,0,258,0,57408,8797,TRUE,"HER34L_1A"
"HER34L","HER34L_1A_292",40.1,2318.14,7.36,1,35838.92969,74416,1.27,0,0,17,0,62,35,46,574,86,11,0,5,1357,0,215,97,82,0,209,3893,49,624,0,1153,0,0,0,0,0,0,0,0,71,163,0,56844,8693,TRUE,"HER34L_1A"
"HER34L","HER34L_1A_293",40.2,2325.05,7.35,1,35559.08594,75927,1.3,43,60,26,0,64,39,10,580,90,32,0,31,1280,94,224,104,131,0,47,3913,38,822,0,1331,0,0,0,0,0,0,23,0,172,100,86,57474,8862,TRUE,"HER34L_1A"
"HER34L","HER34L_1A_294",40.3,2331.96,7.35,1,35465.08203,74783,1.26,27,45,32,29,46,55,22,495,96,0,0,28,1209,53,168,165,73,0,109,3802,33,847,0,1057,10,5,0,0,0,0,70,0,181,170,0,57034,8741,TRUE,"HER34L_1A"
"HER34L","HER34L_1A_295",40.4,2338.87,7.35,1,35351.14453,75075,1.5,0,0,0,0,61,48,41,420,94,0,11,24,1743,0,192,54,21,0,44,3938,0,793,0,1363,5,0,0,0,0,0,14,0,53,113,0,57341,8530,TRUE,"HER34L_1A"
"HER34L","HER34L_1A_296",40.5,2345.78,7.35,1,35643.63281,76448,1.43,0,28,30,21,53,55,36,606,62,0,7,50,2792,67,192,85,48,0,0,3935,0,774,0,981,0,13,0,13,0,0,108,0,174,0,0,57342,8812,TRUE,"HER34L_1A"
"HER34L","HER34L_1A_297",40.6,2352.7,7.35,1,35615.55078,77721,1.33,0,0,11,0,89,49,21,594,130,9,17,61,3933,108,179,120,69,46,66,3755,0,664,0,1456,10,0,0,0,0,0,0,0,0,105,0,57524,8452,TRUE,"HER34L_1A"
"HER34L","HER34L_1A_298",40.7,2359.61,7.35,1,35954.32813,83230,1.25,0,0,0,11,72,46,32,514,84,0,20,40,9543,70,251,98,77,0,106,3805,44,1000,0,1317,0,8,0,8,0,0,0,0,52,123,0,56914,8718,TRUE,"HER34L_1A"
"HER34L","HER34L_1A_299",40.8,2366.52,7.35,1,36045.83984,84737,1.3,0,24,24,10,67,52,66,446,133,0,8,0,11844,12,198,139,52,0,118,3977,62,904,0,1401,16,0,0,0,0,40,0,0,203,104,0,56063,8660,TRUE,"HER34L_1A"
"HER34L","HER34L_1A_300",40.9,2373.43,7.36,1,35758.43359,81583,1.37,0,13,0,0,88,43,29,562,93,0,0,30,8646,52,185,83,89,0,173,3847,56,681,0,1047,10,0,0,0,0,0,0,0,118,105,0,56849,8654,TRUE,"HER34L_1A"
"HER34L","HER34L_1A_301",41,2380.34,7.37,1,35457.82031,80226,1.41,18,57,17,23,71,47,26,478,81,0,0,50,6544,0,213,46,74,0,0,3811,92,827,0,1422,11,0,0,0,0,0,0,0,188,0,0,56987,8922,TRUE,"HER34L_1A"
"HER34L","HER34L_1A_302",41.1,2387.25,7.39,1,35202.96484,79705,1.3,0,35,8,9,86,75,53,479,91,0,34,47,7520,31,187,34,43,0,212,3949,42,929,0,1009,0,10,0,0,0,0,0,0,299,60,48,55990,8210,TRUE,"HER34L_1A"
"HER34L","HER34L_1A_303",41.2,2394.16,7.37,1,35097.12109,79535,1.81,0,0,0,16,87,63,38,490,146,10,13,65,6019,102,190,71,115,0,63,4173,83,741,0,1590,26,14,0,11,0,0,58,0,33,116,0,56106,8941,TRUE,"HER34L_1A"
"HER34L","HER34L_1A_304",41.3,2401.07,7.35,1,34928.87109,76699,1.37,0,0,0,11,52,26,43,541,96,0,0,50,5339,0,253,101,62,0,0,3939,0,769,0,1150,0,0,0,0,0,0,0,0,163,215,0,55146,8613,TRUE,"HER34L_1A"
"HER34L","HER34L_1A_305",41.4,2407.98,7.33,1,35184.38281,77567,1.53,0,10,0,7,77,17,27,494,92,0,6,36,5267,0,192,96,82,0,140,3963,105,432,0,1372,0,0,0,8,0,0,0,0,134,0,0,55927,8841,TRUE,"HER34L_1A"
"HER34L","HER34L_1A_306",41.5,2414.89,7.32,1,34890.95703,78304,1.44,7,15,14,34,82,37,52,551,111,0,12,53,5920,28,240,110,57,0,114,3862,86,994,0,1220,0,10,0,0,0,0,0,0,204,215,0,55495,8648,TRUE,"HER34L_1A"
"HER34L","HER34L_1A_307",41.6,2421.8,7.33,1,35282.98438,83114,1.35,0,16,0,10,112,44,30,517,99,0,0,49,11652,49,144,14,110,0,45,4157,0,776,0,1097,0,0,0,0,0,0,0,0,101,294,101,54899,8612,TRUE,"HER34L_1A"
"HER34L","HER34L_1A_308",41.7,2428.71,7.33,1,34899.76563,77278,1.51,6,30,21,7,85,59,50,518,78,7,0,55,6075,7,194,105,0,0,112,4279,8,745,0,1106,5,8,0,6,0,0,0,0,102,4,137,54886,8401,TRUE,"HER34L_1A"
"HER34L","HER34L_1A_309",41.8,2435.63,7.33,1,34815.875,77517,1.23,0,12,12,15,84,57,38,527,91,13,14,47,5675,0,164,97,33,0,120,4199,124,956,0,1092,0,0,0,0,0,0,0,0,195,126,0,54955,8752,TRUE,"HER34L_1A"
"HER34L","HER34L_1A_310",41.9,2442.54,7.33,1,34703.21484,76152,1.26,0,0,8,13,58,49,23,529,124,6,0,32,4880,101,167,133,15,0,82,4342,0,956,0,1292,0,0,0,0,0,0,0,0,0,125,176,54437,8509,TRUE,"HER34L_1A"
"HER34L","HER34L_1A_311",42,2449.45,7.33,1,35101.55078,77770,1.24,8,38,16,24,59,46,66,550,174,24,20,42,6323,42,207,121,148,0,157,4375,0,843,0,1090,0,0,0,0,0,0,0,0,77,215,110,54388,8477,TRUE,"HER34L_1A"
"HER34L","HER34L_1A_312",42.1,2456.36,7.33,1,34603.97266,78993,1.25,0,0,0,12,82,47,27,518,92,0,0,63,8916,88,165,77,6,0,0,4208,72,890,0,1158,5,0,0,4,0,0,0,0,76,130,0,53801,8322,TRUE,"HER34L_1A"
"HER34L","HER34L_1A_313",42.2,2463.27,7.34,1,34126.89453,79746,1.29,0,34,0,0,63,43,23,474,125,0,0,55,9134,97,200,79,76,0,148,4434,113,1013,0,1041,0,7,0,0,0,0,37,0,121,95,0,53596,8500,TRUE,"HER34L_1A"
"HER34L","HER34L_1A_314",42.3,2470.18,7.35,1,33638.11719,75915,1.26,0,33,26,20,90,46,47,460,101,0,18,91,6452,4,174,143,72,0,0,4405,205,897,0,1287,6,19,0,9,0,0,0,0,204,239,19,52249,8391,TRUE,"HER34L_1A"
"HER34L","HER34L_1A_315",42.4,2477.09,7.36,1,33780.92969,76469,1.41,48,25,19,12,78,67,53,520,136,14,0,34,7686,18,167,51,15,0,200,4553,63,862,0,1069,0,0,0,0,0,0,0,0,39,149,0,51989,8420,TRUE,"HER34L_1A"
"HER34L","HER34L_1A_316",42.5,2484,7.36,1,34072.50391,79406,1.56,0,19,14,21,92,58,67,536,106,11,0,77,9700,32,167,95,59,0,175,4773,0,1028,0,1126,0,8,0,6,0,0,0,0,248,180,0,52238,8408,TRUE,"HER34L_1A"
"HER34L","HER34L_1A_317",42.6,2490.91,7.37,1,34102.48828,80777,1.45,0,0,10,25,85,51,53,443,112,9,30,128,11443,49,162,124,25,0,176,4618,0,905,0,906,19,10,0,22,0,0,0,0,97,167,0,52461,8520,TRUE,"HER34L_1A"
"HER34L","HER34L_1A_318",42.7,2497.82,7.38,1,34543.29297,84365,1.38,0,29,14,18,69,46,55,592,220,0,7,69,16078,97,177,35,69,0,67,4182,0,802,0,1090,0,0,0,0,0,0,0,0,68,41,0,51803,8605,TRUE,"HER34L_1A"
"HER34L","HER34L_1A_319",42.8,2504.73,7.38,1,34680.38281,87226,1.36,0,24,17,20,90,50,25,395,87,11,5,85,21445,105,131,139,39,0,6,3327,0,584,0,997,0,0,0,0,0,0,0,0,187,0,0,51196,8106,TRUE,"HER34L_1A"
"HER34L","HER34L_1A_320",42.9,2511.65,7.39,1,34706.02734,93926,1.5,11,19,0,15,148,44,33,330,100,0,29,48,28536,194,182,0,84,0,117,3097,22,854,0,979,0,0,0,0,0,0,0,0,120,44,0,50444,8237,TRUE,"HER34L_1A"
"HER34L","HER34L_1A_321",43,2518.56,7.39,1,34725.46484,93902,1.4,20,32,23,14,115,36,33,411,98,6,20,96,28698,198,150,147,50,0,40,3095,0,716,0,972,0,0,8,0,0,0,0,0,118,0,50,50312,8269,TRUE,"HER34L_1A"
"HER34L","HER34L_1A_322",43.1,2525.47,7.38,1,35336.33594,103916,1.57,7,56,0,33,127,48,31,339,107,7,11,82,41587,37,129,0,60,0,149,2955,57,526,0,918,13,0,0,0,0,0,0,0,84,0,0,48258,8050,TRUE,"HER34L_1A"
"HER34L","HER34L_1A_323",43.2,2532.38,7.38,1,35361.53516,107378,1.62,32,76,15,44,127,40,33,314,119,0,5,42,45461,80,174,14,0,0,202,3106,65,465,0,844,0,0,0,0,0,0,0,0,108,64,0,47979,7821,TRUE,"HER34L_1A"
"HER34L","HER34L_1A_324",43.3,2539.29,7.38,1,34509.625,99581,1.55,11,31,10,5,128,28,40,312,104,8,19,10,36656,100,118,89,0,0,0,3097,24,578,0,936,0,8,0,0,0,0,0,0,70,190,0,48374,8513,TRUE,"HER34L_1A"
"HER34L","HER34L_1A_325",43.4,2546.2,7.39,1,35708.73828,104635,1.47,0,23,0,0,115,33,31,413,96,0,30,69,39558,191,121,64,0,0,53,3302,104,607,0,1017,0,0,0,11,0,0,0,0,194,8,0,50402,7999,TRUE,"HER34L_1A"
"HER34L","HER34L_1A_326",43.5,2553.11,7.38,1,36164.01172,103357,1.66,0,11,0,19,96,30,43,395,154,0,30,37,36075,284,145,65,0,0,86,3676,54,585,0,1038,0,0,0,0,0,0,33,0,137,107,0,51733,8439,TRUE,"HER34L_1A"
"HER34L","HER34L_1A_327",43.6,2560.02,7.38,1,35918.93359,92502,1.43,17,46,28,15,110,42,34,408,82,0,4,93,24628,38,156,96,60,0,0,3372,0,538,0,902,11,0,0,0,0,0,0,0,189,0,0,53229,8303,TRUE,"HER34L_1A"
"HER34L","HER34L_1A_328",43.7,2566.93,7.39,1,35262.58984,87809,1.61,0,0,15,14,88,64,37,455,119,9,0,35,19628,113,168,120,0,121,128,2783,97,739,0,1040,0,0,0,0,0,0,0,0,0,162,46,53352,8335,TRUE,"HER34L_1A"
"HER34L","HER34L_1A_329",43.8,2573.84,7.38,1,34546.62109,83832,1.42,0,0,14,0,78,48,39,419,74,5,0,57,15950,204,214,92,83,0,0,2626,0,642,0,1163,0,0,0,0,0,0,0,0,71,0,93,53034,8725,TRUE,"HER34L_1A"
"HER34L","HER34L_1A_330",43.9,2580.75,7.38,1,34904.37891,87106,1.62,0,11,8,14,105,45,48,525,103,0,24,56,19647,154,165,107,0,0,0,2709,96,839,0,1050,0,0,0,0,0,0,0,0,177,0,0,52863,8259,TRUE,"HER34L_1A"
"HER34L","HER34L_1A_331",44,2587.67,7.38,1,35074.24609,84607,1.31,11,17,0,13,69,58,41,461,112,17,29,60,15934,27,189,66,62,0,18,3079,96,988,0,1053,0,0,0,0,0,0,0,0,41,88,17,53632,8221,TRUE,"HER34L_1A"
"HER34L","HER34L_1A_332",44.1,2594.58,7.38,1,35012.78516,83918,1.42,0,18,0,10,60,46,50,500,81,28,0,57,14248,0,147,84,59,0,122,4012,79,1055,0,1245,0,0,0,0,0,0,0,0,75,57,149,52876,8739,TRUE,"HER34L_1A"
"HER34L","HER34L_1A_333",44.2,2601.49,7.38,1,34975.38672,85170,1.71,22,36,20,31,76,45,61,545,162,35,0,89,14795,86,185,32,75,0,126,4698,0,934,0,1338,29,4,0,0,0,0,0,0,192,60,62,52634,8556,TRUE,"HER34L_1A"
"HER34L","HER34L_1A_334",44.3,2608.4,7.39,1,35099.08594,86730,1.51,0,48,11,22,68,56,88,607,145,27,24,100,17359,125,237,12,65,0,80,4799,31,1097,0,1042,7,12,0,0,0,0,0,0,7,65,0,52029,8314,TRUE,"HER34L_1A"
"HER34L","HER34L_1A_335",44.4,2615.31,7.39,1,35103.30078,82286,1.44,0,32,17,0,53,31,30,555,155,11,14,40,11242,103,161,112,96,0,90,4895,38,1140,0,1120,0,0,0,0,0,0,0,0,160,187,48,53375,8409,TRUE,"HER34L_1A"
"HER34L","HER34L_1A_336",44.5,2622.22,7.4,1,34822.29297,81780,1.41,5,30,33,11,58,36,42,642,143,9,0,34,10729,79,172,24,48,0,42,5058,0,951,0,1122,0,0,0,0,0,0,0,0,0,76,4,53432,8741,TRUE,"HER34L_1A"
"HER34L","HER34L_1A_337",44.6,2629.13,7.4,1,35241.60938,84582,1.52,0,47,16,27,77,59,42,646,172,0,0,77,12684,254,207,65,99,0,98,5397,80,888,0,1194,0,0,0,0,0,0,0,0,62,199,46,53435,8554,TRUE,"HER34L_1A"
"HER34L","HER34L_1A_338",44.7,2636.04,7.39,1,35490.21094,85357,1.32,0,38,24,25,102,53,62,657,151,28,13,69,13342,132,164,93,63,0,0,5178,155,987,0,1526,0,0,0,0,0,0,0,0,0,27,7,53562,8726,TRUE,"HER34L_1A"
"HER34L","HER34L_1A_339",44.8,2642.95,7.39,1,34925.98438,79819,1.32,0,0,0,20,91,37,74,659,126,0,24,43,7857,57,183,96,95,0,95,5584,67,878,0,1102,0,0,0,0,0,0,0,0,259,101,47,53562,8522,TRUE,"HER34L_1A"
"HER34L","HER34L_1A_340",44.9,2649.86,7.39,1,34756.21875,80878,1.54,0,39,18,15,88,33,78,666,250,21,16,88,9639,64,180,129,57,0,45,5202,80,1041,0,1079,11,0,0,0,0,0,0,0,284,87,0,52978,8477,TRUE,"HER34L_1A"
"HER34L","HER34L_1A_341",45,2656.77,7.39,1,34446.01172,80557,1.69,0,0,0,12,81,54,47,612,189,0,22,40,10467,0,106,69,5,0,104,5396,26,1037,0,1211,5,10,0,0,0,0,0,0,82,16,71,52325,8424,TRUE,"HER34L_1A"
"HER34L","HER34L_1A_342",45.1,2664.14,7.38,1,34400.26172,79863,1.39,20,23,0,0,52,42,48,687,165,8,8,81,9691,39,190,102,52,0,46,5511,0,836,0,1083,0,0,0,0,0,0,6,0,232,141,73,51880,8748,TRUE,"HER34L_1A"
"HER34L","HER34L_1A_343",45.2,2671.51,7.38,1,34351.64063,78413,1.56,0,9,0,0,50,49,82,588,201,0,6,70,8041,58,132,0,87,0,121,5492,5,751,0,1198,0,0,0,0,0,0,0,0,0,0,0,52687,8572,TRUE,"HER34L_1A"
"HER34L","HER34L_1A_344",45.3,2678.88,7.38,1,34193.60938,79490,1.67,0,6,22,25,81,41,71,635,197,24,22,88,9920,60,183,109,0,0,85,5307,168,944,0,1098,0,0,0,0,0,0,0,0,148,144,0,51734,8267,TRUE,"HER34L_1A"
"HER34L","HER34L_1A_345",45.4,2686.25,7.38,1,33962.71094,82725,1.45,0,15,12,18,93,46,60,539,215,9,28,125,14647,0,149,69,43,0,126,5132,0,731,0,1113,0,0,0,0,0,0,0,0,156,223,0,50725,8311,TRUE,"HER34L_1A"
"HER34L","HER34L_1A_346",45.5,2693.62,7.39,1,33460.53906,86071,1.58,0,0,7,31,82,49,72,546,154,18,28,104,20290,163,222,148,70,0,95,5000,63,1013,0,1131,0,0,0,10,0,0,0,0,253,194,191,47763,8233,TRUE,"HER34L_1A"
"HER34L","HER34L_1A_347",45.6,2700.99,7.4,1,34081.5625,93379,1.64,0,48,0,23,69,56,26,547,174,23,17,81,28256,312,100,92,5,0,119,4979,166,975,0,1044,0,0,0,0,0,0,0,0,296,75,49,47305,8423,TRUE,"HER34L_1A"
"HER34L","HER34L_1A_348",45.7,2708.36,7.4,1,34005.39453,85470,1.42,0,29,17,15,61,46,55,633,172,23,0,79,17802,116,165,136,54,0,10,5548,185,1154,0,1090,0,0,0,0,0,0,0,0,136,62,54,49416,8315,TRUE,"HER34L_1A"
"HER34L","HER34L_1A_349",45.8,2715.73,7.4,1,34430.08594,86490,1.45,0,5,0,0,106,47,56,595,169,13,0,101,16772,126,166,140,30,0,151,5521,0,1232,0,1323,16,0,0,0,0,0,5,0,62,257,80,50785,8521,TRUE,"HER34L_1A"
"HER34L","HER34L_1A_350",45.9,2723.1,7.4,1,34519.69141,83637,1.46,0,12,0,16,91,38,79,522,148,16,6,66,13028,37,130,118,49,0,42,5808,8,1163,0,1142,0,14,0,0,0,0,0,0,78,175,0,52043,8538,TRUE,"HER34L_1A"
"HER34L","HER34L_1A_351",46,2730.47,7.39,1,34664.0625,83135,1.31,0,0,0,0,67,56,71,583,190,22,28,145,13020,71,167,0,84,0,145,5169,38,969,0,1351,0,6,0,11,0,0,64,0,99,29,265,51840,8482,TRUE,"HER34L_1A"
"HER34L","HER34L_1A_352",46.1,2737.84,7.39,1,33932.64844,81533,1.43,0,16,0,12,63,55,40,538,166,0,13,57,13625,81,106,116,0,0,74,4976,122,694,0,891,4,0,0,0,0,0,0,0,120,165,0,50938,8480,TRUE,"HER34L_1A"
"HER34L","HER34L_1A_353",46.2,2745.21,7.41,1,35093.77344,89448,1.25,0,0,0,13,54,58,70,601,160,10,21,49,19509,164,219,192,99,19,0,5374,136,881,0,1053,0,0,0,0,0,0,0,0,25,131,0,51901,8581,TRUE,"HER34L_1A"
"HER34L","HER34L_1A_354",46.3,2752.58,7.42,1,34963.51563,87519,1.47,0,23,4,21,86,54,55,542,173,13,15,87,17600,83,157,120,55,0,257,5797,0,857,0,1118,0,0,0,0,0,0,0,0,121,127,0,51656,8339,TRUE,"HER34L_1A"
"HER34L","HER34L_1A_355",46.4,2759.95,7.41,1,34693.31641,83109,1.44,0,0,0,0,45,26,59,567,257,23,52,88,12479,0,162,108,6,27,70,5964,33,943,0,1300,0,0,0,0,0,0,0,0,11,247,0,51954,8561,TRUE,"HER34L_1A"
"HER34L","HER34L_1A_356",46.5,2767.32,7.4,1,34170.48438,82700,1.44,0,20,9,0,101,36,36,532,175,0,25,72,13478,111,191,87,0,0,95,5403,26,836,0,1297,0,0,0,0,0,0,0,0,336,167,20,50989,8439,TRUE,"HER34L_1A"
"HER34L","HER34L_1A_357",46.6,2774.68,7.4,1,33836.93359,80587,1.55,0,47,24,25,82,45,66,581,305,18,0,72,10961,80,125,156,19,0,33,5417,102,985,0,1093,0,12,0,17,0,0,0,0,49,105,105,51570,8368,TRUE,"HER34L_1A"
"HER34L","HER34L_1A_358",46.7,2782.05,7.39,1,34186.8125,79597,1.49,28,22,21,28,101,46,61,526,156,39,0,70,9117,54,136,0,0,0,0,5848,130,1143,0,1152,0,0,0,0,0,0,0,0,106,14,29,52124,8508,TRUE,"HER34L_1A"
"HER34L","HER34L_1A_359",46.8,2789.42,7.39,1,34245.78516,79825,1.37,38,44,28,30,64,32,60,565,189,0,0,29,9388,25,184,61,80,0,0,6014,69,1067,0,1085,0,0,0,0,0,0,0,0,92,233,0,51802,8492,TRUE,"HER34L_1A"
"HER34L","HER34L_1A_360",46.9,2796.79,7.4,1,33979.83203,79967,1.28,32,48,0,13,88,59,19,580,201,6,0,80,10220,78,213,138,155,0,120,5983,97,924,0,1087,0,0,0,0,0,0,0,0,148,334,0,51076,8146,TRUE,"HER34L_1A"
"HER34L","HER34L_1A_361",47,2804.16,7.4,1,33593.36328,79900,1.38,0,17,6,0,41,55,55,650,182,25,10,103,10359,79,111,105,41,0,111,5951,233,1082,36,1177,0,0,0,0,0,0,64,0,111,87,82,50671,8364,TRUE,"HER34L_1A"
"HER34L","HER34L_1A_362",47.1,2811.53,7.41,1,33209.69141,81475,1.31,0,13,37,36,85,59,68,598,217,0,26,85,15187,0,234,100,20,0,53,5641,200,741,0,998,0,0,0,0,0,0,0,0,190,105,0,48616,8039,TRUE,"HER34L_1A"
"HER34L","HER34L_1A_363",47.2,2818.9,7.4,1,34622.03906,97357,1.51,25,49,31,6,86,26,69,574,236,14,21,104,31335,96,149,95,0,0,19,5668,181,952,0,1033,0,0,0,0,0,0,0,0,196,145,0,48257,7904,TRUE,"HER34L_1A"
"HER34L","HER34L_1A_364",47.3,2826.27,7.4,1,34135.88281,88028,1.46,5,0,4,18,86,50,27,543,151,29,0,135,20295,99,125,123,40,0,96,6181,16,1143,0,1015,0,0,0,6,0,0,0,0,52,75,109,49251,8259,TRUE,"HER34L_1A"
"HER34L","HER34L_1A_365",47.4,2833.64,7.41,1,33487.83594,82531,1.3,0,0,7,10,98,47,69,517,167,32,0,91,15484,35,162,51,34,0,159,5848,82,967,0,893,0,0,0,0,0,0,0,0,65,196,67,49144,8140,TRUE,"HER34L_1A"
"HER34L","HER34L_1A_366",47.5,2841.01,7.41,1,33228.12891,78011,1.32,0,46,6,8,89,52,64,560,165,6,0,87,10026,10,142,162,20,12,12,6008,86,1055,0,829,5,6,0,0,0,0,0,0,0,0,0,49926,8500,TRUE,"HER34L_1A"
"HER34L","HER34L_1A_367",47.6,2848.38,7.42,1,33460.44141,81543,1.35,19,46,25,14,85,29,62,471,131,0,13,62,13079,36,163,0,29,0,103,6062,0,1093,0,1109,0,0,0,0,0,0,0,0,286,227,0,50220,8062,TRUE,"HER34L_1A"
"HER34L","HER34L_1A_368",47.7,2855.75,7.43,1,33738.41406,84415,1.35,61,43,39,35,105,55,51,617,216,24,0,111,15587,100,252,72,83,0,200,5862,133,945,0,1126,0,0,0,0,0,0,6,0,98,174,0,49635,8622,TRUE,"HER34L_1A"
"HER34L","HER34L_1A_369",47.8,2863.12,7.43,1,34582.98828,89058,1.5,0,0,9,21,63,50,85,599,157,15,13,101,19253,108,216,34,70,0,158,5898,11,1356,0,1298,0,0,0,0,0,0,22,0,214,180,0,50693,8312,TRUE,"HER34L_1A"
"HER34L","HER34L_1A_370",47.9,2870.49,7.44,1,34651.16016,86755,1.45,0,16,22,8,104,52,54,572,182,0,26,131,17165,103,206,103,74,0,44,6046,116,1250,0,909,0,0,0,11,0,0,0,0,44,85,0,51148,8148,TRUE,"HER34L_1A"
"HER34L","HER34L_1A_371",48,2877.86,7.44,1,34807.89063,91909,1.45,5,37,13,14,93,52,48,502,185,19,9,98,23289,163,165,75,62,0,0,6025,165,1022,0,1123,0,0,0,0,0,0,6,0,253,25,0,49847,8525,TRUE,"HER34L_1A"
"HER34L","HER34L_1A_372",48.1,2885.23,7.43,1,34770.47656,90227,1.43,47,78,38,24,149,68,63,701,224,14,8,135,20521,69,142,111,69,0,120,5993,22,1260,0,1091,0,0,0,5,0,0,7,0,91,42,0,50405,8612,TRUE,"HER34L_1A"
"HER34L","HER34L_1A_373",48.2,2892.6,7.43,1,34725.15625,91027,1.49,0,21,0,27,121,58,139,727,289,0,0,165,20678,0,166,34,0,0,36,6132,86,1121,0,1049,0,0,0,0,0,0,0,0,160,180,248,50935,8527,TRUE,"HER34L_1A"
"HER34L","HER34L_1A_374",48.3,2899.97,7.43,1,34282.59375,84654,1.3,15,30,27,20,107,50,116,733,258,36,7,144,15366,0,196,33,142,0,92,6161,191,1019,0,1358,0,0,0,0,0,0,0,0,21,0,0,50000,8386,TRUE,"HER34L_1A"
"HER34L","HER34L_1A_375",48.4,2907.33,7.42,1,33232.46875,80066,1.35,51,42,39,33,72,54,85,776,332,0,32,162,11239,113,131,72,55,0,48,5924,79,1399,0,1142,0,0,0,0,0,0,0,0,54,171,104,49204,8501,TRUE,"HER34L_1A"
"HER34L","HER34L_1A_376",48.5,2914.7,7.42,1,32844.70313,78283,1.58,0,7,18,28,74,55,76,783,264,27,49,110,9888,59,188,79,0,0,51,5814,0,1365,0,1316,0,0,0,0,0,0,0,0,23,106,184,49015,8596,TRUE,"HER34L_1A"
"HER34L","HER34L_1A_377",48.6,2922.07,7.42,1,33277.82031,81159,1.42,0,13,11,6,67,44,98,774,209,25,0,95,13560,101,182,77,40,0,90,5483,100,1454,0,1162,0,0,0,0,0,0,0,0,215,0,0,48699,8547,TRUE,"HER34L_1A"
"HER34L","HER34L_1A_378",48.7,2929.44,7.41,1,33887.51563,87675,1.43,15,35,11,26,94,63,107,592,281,62,0,131,19761,26,139,46,120,0,95,6054,151,1159,0,874,0,8,0,6,0,0,0,0,113,54,0,48963,8541,TRUE,"HER34L_1A"
"HER34L","HER34L_1A_379",48.8,2936.81,7.41,1,33860.01172,84544,1.45,0,34,9,33,47,59,97,803,369,34,0,173,15472,29,182,48,0,0,176,6320,174,1163,0,1085,0,0,0,0,0,0,0,0,228,214,23,49355,8319,TRUE,"HER34L_1A"
"HER34L","HER34L_1A_380",48.9,2944.18,7.4,1,33314.04688,82259,1.42,0,17,7,23,77,41,116,863,373,51,27,172,12728,145,224,67,134,0,0,6337,0,1261,29,1224,0,0,0,0,0,0,0,0,32,0,89,49545,8463,TRUE,"HER34L_1A"
"HER34L","HER34L_1A_381",49,2951.55,7.4,1,33622.43359,88438,1.39,0,7,8,11,86,42,137,770,357,28,0,171,21806,133,132,32,18,0,129,5759,248,1350,0,812,0,0,0,0,0,0,0,0,149,0,0,47816,8228,TRUE,"HER34L_1A"
"HER34L","HER34L_1A_382",49.1,2958.92,7.38,1,33527.42969,89243,1.36,9,37,23,0,84,54,108,787,353,32,0,163,22609,305,103,94,29,4,39,5924,88,1118,0,1008,8,0,0,0,0,0,0,0,0,235,0,47048,8821,TRUE,"HER34L_1A"
"HER34L","HER34L_1A_383",49.2,2966.29,7.38,1,33178.28906,84987,1.49,0,0,30,26,65,69,109,721,313,35,11,155,16994,109,172,87,0,0,58,6196,69,1375,0,1088,0,0,0,0,0,0,42,0,100,31,148,48262,8592,TRUE,"HER34L_1A"
"HER34L","HER34L_1A_384",49.3,2973.66,7.37,1,33028.48438,83876,1.54,0,8,0,0,79,61,75,708,314,55,0,184,16471,89,177,134,0,0,0,5880,225,1157,0,1152,0,0,0,0,0,0,0,0,21,0,0,48170,8748,TRUE,"HER34L_1A"
"HER34L","HER34L_1A_385",49.4,2981.03,7.37,1,33104.16016,85418,1.55,0,46,15,18,55,31,98,671,337,41,10,137,19369,174,178,108,78,0,0,5930,196,1306,0,1020,0,0,0,0,0,0,20,0,159,124,0,47020,8171,TRUE,"HER34L_1A"
"HER34L","HER34L_1A_386",49.5,2988.4,7.37,1,32918.57031,85319,1.58,0,33,25,24,80,47,115,709,363,6,11,192,18270,88,184,76,64,0,155,5713,157,1322,0,1048,5,0,0,0,11,0,4,0,10,130,31,47548,8797,TRUE,"HER34L_1A"
"HER34L","HER34L_1A_387",49.6,2995.77,7.37,1,32831.5625,85005,1.37,5,29,39,22,70,28,110,712,466,26,0,250,17389,77,133,51,61,0,228,5797,141,1171,0,1231,0,0,0,16,0,0,0,0,83,130,19,47830,8711,TRUE,"HER34L_1A"
"HER34L","HER34L_1A_388",49.7,3003.14,7.36,1,32789.85938,82122,1.34,10,52,54,13,82,58,140,753,256,48,7,135,14119,0,184,7,0,0,138,5881,167,1650,0,1076,0,0,0,0,0,0,0,0,96,247,109,48216,8534,TRUE,"HER34L_1A"
"HER34L","HER34L_1A_389",49.8,3010.51,7.37,1,32674.72266,80204,1.31,59,31,13,30,63,53,114,793,358,38,7,138,12175,56,219,45,44,0,46,6096,277,1483,0,1159,0,0,0,0,0,0,0,0,73,86,23,47858,8777,TRUE,"HER34L_1A"
"HER34L","HER34L_1A_390",49.9,3017.88,7.36,1,32378.68945,79874,1.4,17,64,21,0,55,56,86,678,259,33,31,173,12638,58,128,77,106,0,66,6028,215,1597,0,1066,0,0,6,4,0,0,0,0,55,115,70,47702,8348,TRUE,"HER34L_1A"
"HER34L","HER34L_1A_391",50,3025.25,7.37,1,32414.27539,82194,1.34,0,18,0,19,68,53,111,799,336,20,18,191,16728,35,169,91,18,0,30,5616,64,1555,0,995,0,0,0,0,0,0,0,0,112,97,62,46632,8246,TRUE,"HER34L_1A"
"HER34L","HER34L_1A_392",50.1,3041.36,7.37,1,32153.11133,84152,1.3,11,35,12,0,66,35,51,757,489,44,13,162,18305,120,172,84,0,0,0,5726,142,1480,0,1361,9,0,0,0,0,0,0,0,289,135,183,46042,8327,TRUE,"HER34L_1A"
"HER34L","HER34L_1A_393",50.2,3057.47,7.37,1,32376.96875,84781,1.36,0,26,19,25,99,58,103,794,291,44,15,207,19892,34,137,95,92,0,81,5488,218,1603,0,1162,0,0,7,0,0,23,0,0,116,0,157,45295,8582,TRUE,"HER34L_1A"
"HER34L","HER34L_1A_394",50.3,3073.59,7.37,1,33523.25391,95091,1.59,4,31,0,0,71,25,116,999,341,17,7,307,29521,0,183,108,93,0,0,5625,250,1553,0,1067,0,0,0,19,0,0,0,0,148,197,0,45892,8319,TRUE,"HER34L_1A"
"HER34L","HER34L_1A_395",50.4,3089.7,7.37,1,33140.64453,89950,1.51,0,19,0,8,66,35,79,763,246,17,32,210,24024,0,183,117,87,0,210,5375,127,1796,0,1001,12,0,0,21,0,0,0,0,124,134,0,46684,8462,TRUE,"HER34L_1A"
"HER34L","HER34L_1A_396",50.5,3105.81,7.36,1,33982.64453,92183,1.5,15,55,42,29,68,21,113,753,329,60,23,143,23964,105,156,75,42,0,119,6233,244,1311,6,980,0,0,0,0,0,0,0,0,152,257,126,48116,8565,TRUE,"HER34L_1A"
"HER34L","HER34L_1A_397",50.6,3121.93,7.36,1,33469.875,88071,1.42,0,0,0,11,69,40,108,787,428,16,46,133,20723,153,173,47,49,0,32,6026,92,1417,0,974,0,11,0,0,0,0,12,0,199,214,54,47380,8780,TRUE,"HER34L_1A"
"HER34L","HER34L_1A_398",50.7,3138.04,7.35,1,33079.44531,86092,1.49,0,32,16,0,81,51,126,789,390,62,5,183,20082,59,192,89,39,0,93,5872,155,1551,0,1042,0,18,0,0,0,0,0,0,77,196,109,46224,8434,TRUE,"HER34L_1A"
"HER34L","HER34L_1A_399",50.8,3154.15,7.34,1,32911.02734,90156,1.49,0,22,16,0,107,43,75,751,407,20,26,209,25932,140,177,71,43,0,0,5586,150,1421,0,1128,0,0,0,0,0,12,0,0,69,187,0,45272,8160,TRUE,"HER34L_1A"
"HER34L","HER34L_1A_400",50.9,3170.27,7.34,1,32108.08008,85091,1.27,0,27,45,29,96,77,153,860,410,33,35,290,21749,33,189,12,42,90,115,5236,59,1456,0,860,5,0,0,0,0,0,25,0,0,143,6,44685,8180,TRUE,"HER34L_1A"
"HER34L","HER34L_1A_401",51,3186.38,7.33,1,32200.48242,87841,1.51,0,21,13,12,77,44,187,833,492,11,41,272,23915,47,120,68,62,0,0,5471,173,1672,0,741,5,0,0,8,0,0,0,0,106,43,95,44808,8319,TRUE,"HER34L_1A"
"HER34L","HER34L_1A_402",51.1,3202.5,7.32,1,31950.19141,84964,1.39,39,22,25,45,106,54,140,747,397,23,47,197,21022,165,108,76,68,0,67,5496,206,1494,0,1080,5,0,0,9,0,0,0,0,0,41,0,44799,8365,TRUE,"HER34L_1A"
"HER34L","HER34L_1A_403",51.2,3218.61,7.32,1,31380.19531,81579,1.3,0,11,15,13,96,36,133,865,396,50,30,184,18694,163,187,111,129,0,30,5309,260,1635,0,950,5,0,0,0,0,0,0,0,59,69,55,43798,8141,TRUE,"HER34L_1A"
"HER34L","HER34L_1A_404",51.3,3234.72,7.32,1,31537.60156,83408,1.44,19,41,0,20,57,44,108,878,352,49,13,187,19674,217,147,104,92,0,10,5478,101,1873,0,994,0,0,0,0,0,0,0,0,225,264,91,43996,8277,TRUE,"HER34L_1A"
"HER34L","HER34L_1A_405",51.4,3250.84,7.32,1,31997.69141,85809,1.46,22,54,28,35,92,65,130,790,465,56,39,190,21630,192,197,123,16,0,36,5301,178,1728,0,1251,17,0,0,0,0,0,52,0,260,207,211,44230,8119,TRUE,"HER34L_1A"
"HER34L","HER34L_1A_406",51.5,3266.95,7.33,1,32233.58203,89059,1.37,0,12,17,16,72,55,221,922,480,56,40,235,25840,66,178,119,47,0,145,5139,253,2104,0,957,0,0,0,5,0,6,0,0,28,51,0,43480,8399,TRUE,"HER34L_1A"
"HER34L","HER34L_1A_407",51.6,3283.06,7.32,1,32596.76172,91227,1.52,0,23,0,13,81,43,147,931,533,50,18,197,27589,115,134,116,168,0,157,5334,184,1747,0,921,0,7,0,0,0,0,0,0,124,76,101,44155,8043,TRUE,"HER34L_1A"
"HER34L","HER34L_1A_408",51.7,3299.18,7.32,1,33254.44531,97665,1.58,0,0,5,4,103,56,173,953,468,84,13,208,34470,111,132,67,0,0,0,5566,222,1546,0,963,0,0,0,0,0,0,0,0,210,94,0,44045,8058,TRUE,"HER34L_1A"
"HER34L","HER34L_1A_409",51.8,3315.29,7.32,1,33415.67188,95910,1.39,17,34,38,0,115,56,194,950,531,56,34,270,31306,0,115,147,85,0,0,5817,181,1795,13,902,0,7,0,0,0,0,0,0,339,129,35,44530,8122,TRUE,"HER34L_1A"
"HER34L","HER34L_1A_410",51.9,3331.4,7.31,1,32060.65625,85505,1.49,0,37,27,20,75,79,199,1009,602,4,31,269,20044,182,201,95,161,0,162,5827,224,1685,0,1143,0,0,0,21,29,0,13,0,100,93,7,44515,8528,TRUE,"HER34L_1A"
"HER34L","HER34L_1A_411",52,3347.52,7.29,1,32353.16602,90557,1.39,9,34,15,13,86,64,181,846,519,40,21,212,25902,195,147,86,40,228,239,5086,260,1902,0,1028,0,0,0,13,0,0,0,0,28,220,24,44561,8397,TRUE,"HER34L_1A"
"HER34L","HER34L_1A_412",52.1,3363.63,7.27,1,32757.25586,92555,1.53,0,5,0,0,71,34,197,1156,595,0,19,334,28497,25,164,68,59,0,104,5468,311,1616,0,1292,0,0,0,18,0,0,0,0,11,150,103,43901,8270,TRUE,"HER34L_1A"
"HER34L","HER34L_1A_413",52.2,3379.75,7.26,1,32591.60352,96598,1.6,0,0,18,10,132,52,205,897,614,28,33,270,34777,13,107,98,100,0,33,5132,284,1461,0,1192,0,0,0,0,0,0,0,0,232,6,0,42846,7935,TRUE,"HER34L_1A"
"HER34L","HER34L_1A_414",52.3,3395.86,7.25,1,32435.36133,98202,1.59,0,47,34,31,79,46,222,1057,800,115,33,351,36471,62,146,0,27,0,103,4846,258,1856,0,892,0,0,0,0,0,0,0,0,135,37,13,42241,8135,TRUE,"HER34L_1A"
"HER34L","HER34L_1A_415",52.4,3411.97,7.24,1,32495.38672,99317,1.59,0,0,36,15,110,31,207,1066,724,32,9,338,37965,75,145,64,0,0,0,4982,197,1930,0,1115,0,0,0,0,0,0,0,0,237,205,37,41775,7938,TRUE,"HER34L_1A"
"HER34L","HER34L_1A_416",52.5,3428.09,7.23,1,32117.59375,96326,1.49,0,29,29,0,90,25,197,1205,609,25,16,288,33103,160,137,121,88,0,18,4718,198,2068,0,1022,0,0,0,0,110,0,0,0,245,294,187,42653,8511,TRUE,"HER34L_1A"
"HER34L","HER34L_1A_417",52.6,3444.2,7.22,1,32628.66016,94807,1.53,29,55,35,24,114,47,177,939,597,37,17,304,31745,104,154,104,12,0,167,5297,93,1599,0,1163,0,0,0,0,0,9,0,0,272,121,0,43149,8298,TRUE,"HER34L_1A"
"HER34L","HER34L_1A_418",52.7,3460.31,7.22,1,33030.55859,94777,1.62,26,17,24,7,86,14,197,1052,547,57,0,279,31052,88,114,133,70,0,94,5316,196,1701,0,959,0,0,0,19,0,0,0,0,33,156,26,44002,8423,TRUE,"HER34L_1A"
"HER34L","HER34L_1A_419",52.8,3476.43,7.21,1,32947.07031,92618,1.43,0,47,44,25,86,47,197,911,758,63,29,248,27577,105,105,116,96,0,72,5540,363,1648,0,1103,0,0,0,10,0,0,19,0,275,208,49,44417,8354,TRUE,"HER34L_1A"
"HER34L","HER34L_1A_420",52.9,3492.54,7.2,1,32744.55273,91679,1.4,0,40,16,0,75,23,214,1040,664,35,19,274,28781,104,157,128,90,0,0,5197,114,1624,0,874,0,0,0,0,0,0,0,0,207,72,0,43557,8202,TRUE,"HER34L_1A"
"HER34L","HER34L_1A_421",53,3508.66,7.19,1,32517.23633,94429,1.36,10,29,43,28,110,58,256,1270,812,75,55,339,30217,0,194,150,112,0,170,5043,420,1655,0,996,0,0,0,0,0,0,0,0,13,0,70,43809,8263,TRUE,"HER34L_1A"
"HER34L","HER34L_1A_422",53.1,3524.77,7.18,1,31878.49609,94257,1.37,0,25,22,15,87,51,215,1429,677,77,4,373,32715,189,162,133,92,0,52,4626,129,2173,0,1303,0,0,0,0,0,0,0,0,112,247,107,40925,8166,TRUE,"HER34L_1A"
"HER34L","HER34L_1A_423",53.2,3540.88,7.18,1,31185.74023,86135,1.42,0,0,9,0,71,38,205,1228,760,64,35,341,24733,82,206,139,33,0,182,4615,297,1997,0,1068,0,0,0,0,0,0,0,0,131,30,16,41436,8296,TRUE,"HER34L_1A"
"HER34L","HER34L_1A_424",53.3,3557,7.16,1,30816.375,85175,1.29,0,0,32,0,40,43,278,1190,671,59,45,366,24289,136,150,80,206,0,14,4182,424,1889,0,759,0,0,0,8,0,0,0,0,267,165,141,41561,8006,TRUE,"HER34L_1A"
"HER34L","HER34L_1A_425",53.4,3573.11,7.14,1,30653.36328,89237,1.44,0,30,43,4,91,63,253,1222,784,91,31,397,30260,67,152,128,183,0,172,3769,285,1769,0,1362,0,15,0,0,72,0,14,0,10,134,6,39746,7979,TRUE,"HER34L_1A"
"HER34L","HER34L_1A_426",53.5,3589.22,7.13,1,30489.89453,92220,1.49,30,48,30,0,86,29,320,1263,827,90,22,369,34410,113,143,164,96,0,72,3571,357,1929,61,1032,0,0,0,0,130,0,14,0,83,181,191,38687,7702,TRUE,"HER34L_1A"
"HER34L","HER34L_1A_427",53.6,3605.34,7.13,1,29772.78125,84742,1.5,0,21,11,0,83,37,322,1144,756,65,39,335,27793,17,171,72,73,0,25,3758,295,1871,0,934,0,19,0,25,0,22,0,0,16,34,114,38515,8064,TRUE,"HER34L_1A"
"HER34L","HER34L_1A_428",53.7,3621.45,7.12,1,29686.77344,86907,1.57,0,26,17,19,65,54,300,1379,816,53,49,385,28812,130,164,155,201,0,28,3764,350,2239,0,971,0,0,0,0,0,0,29,0,214,183,22,38407,7951,TRUE,"HER34L_1A"
"HER34L","HER34L_1A_429",53.8,3637.56,7.11,1,29856.38672,90243,1.55,0,0,49,8,83,56,465,1328,909,27,53,510,34437,18,105,118,87,0,96,3707,294,2048,0,816,0,0,0,38,0,0,0,0,214,239,89,36894,7428,TRUE,"HER34L_1A"
"HER34L","HER34L_1A_430",53.9,3653.68,7.1,1,28616.96289,86085,1.52,36,50,85,8,90,44,347,1402,899,66,32,298,31715,113,109,51,81,0,98,2853,322,2361,0,777,0,0,0,0,220,34,41,0,167,283,79,35425,7796,TRUE,"HER34L_1A"
"HER34L","HER34L_1A_431",54,3669.79,7.09,1,29236.27344,92721,1.85,7,45,70,11,85,45,388,1501,836,65,44,380,37873,64,116,136,50,0,0,3038,207,1994,0,1133,0,26,0,53,4,0,0,0,0,123,37,36150,7818,TRUE,"HER34L_1A"
"HER34L","HER34L_1A_432",54.1,3685.91,7.09,1,29273.92383,91862,1.67,47,47,65,15,93,38,327,1307,883,77,42,422,37561,0,101,78,79,0,27,3121,194,1935,92,1070,0,4,0,0,0,0,0,0,105,142,17,36115,7702,TRUE,"HER34L_1A"
"HER34L","HER34L_1A_433",54.2,3702.02,7.08,1,29518.08008,96411,1.37,0,14,58,12,148,58,355,1223,837,117,47,412,42605,103,113,99,104,10,5,3056,416,2012,0,931,0,12,0,0,0,28,61,0,122,137,25,35473,7673,TRUE,"HER34L_1A"
"HER34L","HER34L_1A_434",54.3,3718.13,7.07,1,29410.5332,92207,1.65,15,25,65,12,87,39,302,1471,811,126,9,387,37668,147,117,102,78,0,94,3222,330,2050,0,1245,0,0,0,0,0,0,0,0,57,33,0,35964,7669,TRUE,"HER34L_1A"
"HER34L","HER34L_1A_435",54.4,3734.25,7.06,1,29365.62305,91744,1.66,0,35,38,8,83,41,302,1259,747,89,66,468,36455,0,106,119,82,0,0,3346,360,2123,0,1002,0,0,0,7,0,53,0,0,135,119,226,36626,7736,TRUE,"HER34L_1A"
"HER34L","HER34L_1A_436",54.5,3750.36,7.06,1,29070.43164,86507,1.52,26,50,49,9,80,44,374,1267,761,85,20,334,32494,66,145,100,158,0,0,3210,302,1709,0,1282,0,10,0,0,0,13,0,0,134,29,0,36010,7613,TRUE,"HER34L_1A"
"HER34L","HER34L_1A_437",54.6,3766.47,7.06,1,28291.14844,83579,1.53,0,42,18,25,90,51,275,1062,756,46,35,312,32008,98,164,60,133,0,163,2994,298,1497,0,1077,0,0,0,0,18,0,0,0,80,39,0,34452,7507,TRUE,"HER34L_1A"
"HER34L","HER34L_1A_438",54.7,3782.59,7.05,1,27268.48242,82651,1.52,23,14,30,28,130,51,269,1136,636,45,49,347,34429,53,135,61,83,0,47,2850,331,1891,0,719,16,0,0,0,0,0,25,0,72,178,0,31638,7232,TRUE,"HER34L_1A"
"HER34L","HER34L_1A_439",54.8,3798.7,7.05,1,26949.21484,84852,1.69,46,70,38,6,115,43,283,1107,622,30,30,335,37522,0,101,20,0,0,148,2389,305,2303,0,639,0,0,0,0,0,0,49,0,170,58,136,30831,7348,TRUE,"HER34L_1A"
"HER34L","HER34L_1A_440",54.9,3814.81,7.04,1,27141.89453,89904,1.64,21,41,54,15,126,46,332,1107,624,67,44,308,43712,57,105,28,9,0,66,2231,379,1387,0,757,0,0,0,32,0,0,50,25,176,73,13,30474,7371,TRUE,"HER34L_1A"
"HER34L","HER34L_1A_441",55,3830.93,7.04,1,27511.37109,85352,1.52,0,26,40,15,131,28,273,1064,610,55,26,292,38074,24,61,80,0,0,270,2137,155,1976,0,726,0,0,8,0,0,0,0,0,56,64,31,31561,7401,TRUE,"HER34L_1A"
"HER34L","HER34L_1A_442",55.1,3845.52,7.04,1,27306.10156,86670,1.54,0,39,30,0,114,43,234,880,559,39,52,335,39474,0,106,91,43,0,88,2281,373,1848,0,621,0,0,0,14,0,0,46,0,317,228,0,31620,7065,TRUE,"HER34L_1A"
"HER34L","HER34L_1A_443",55.2,3860.11,7.05,1,26808.90039,91675,1.51,24,36,40,16,115,35,286,1006,727,64,48,397,47502,73,166,108,104,0,81,1892,266,1827,0,815,0,0,0,0,0,0,0,0,70,0,64,28397,7374,TRUE,"HER34L_1A"
"HER34L","HER34L_1A_445",55.4,3889.29,7.06,1,25090.9082,91921,1.69,26,38,61,9,154,44,445,1337,937,65,51,474,51738,49,112,63,66,106,85,1419,305,2135,0,559,0,0,0,0,0,0,0,0,0,34,0,24465,6959,TRUE,"HER34L_1A"
"HER34L","HER34L_1A_446",55.5,3903.88,7.06,1,24679.90039,91061,1.54,13,41,37,0,88,23,383,1518,877,76,60,525,50935,7,91,17,111,31,28,1210,397,2630,0,539,0,0,0,18,0,0,0,0,0,69,0,24230,6866,TRUE,"HER34L_1A"
"HER34L","HER34L_1A_447",55.6,3918.47,7.07,1,25594.77734,97168,1.87,0,10,7,0,107,23,511,1677,1246,77,40,656,55740,0,110,102,240,0,0,1390,324,2830,0,740,0,0,0,0,0,10,0,0,24,34,4,24252,6812,TRUE,"HER34L_1A"
"HER34L","HER34L_1A_448",55.7,3933.06,7.07,1,26082.05664,96944,1.82,25,45,87,0,107,33,478,1660,1234,101,51,614,53720,0,59,153,165,0,0,1283,489,2656,0,823,0,0,0,0,6,0,53,9,92,31,0,26006,6817,TRUE,"HER34L_1A"
"HER34L","HER34L_1A_449",55.8,3947.65,7.08,1,26248.8418,98588,1.7,0,9,65,0,133,39,563,1662,1221,71,65,638,55483,0,106,166,292,0,34,1545,458,2641,0,946,0,0,0,8,23,56,10,0,0,126,91,25097,6881,TRUE,"HER34L_1A"
"HER34L","HER34L_1A_450",55.9,3962.24,7.09,1,26448.32422,101701,1.77,45,68,96,0,117,59,627,1689,1321,75,71,666,58593,0,62,106,128,0,221,1599,376,2513,0,599,0,0,0,11,19,27,23,0,91,271,72,25194,6838,TRUE,"HER34L_1A"
"HER34L","HER34L_2A_442",56.1,3991.42,7.04,1,23222,101193,1.54,56,63,125,17,48,21,820,2107,1614,119,85,693,61246,42,136,246,281,8,5,1023,507,2429,0,622,0,0,0,0,42,72,17,0,0,7,0,22237,6373,TRUE,"HER34L_2A"
"HER34L","HER34L_2A_443",56.2,4006.01,7.04,1,23826,110032,1.64,0,19,124,0,48,13,1046,2690,2515,129,87,1033,68960,27,96,220,295,0,0,1015,482,2537,0,644,0,0,0,40,51,8,45,0,91,115,71,20787,6698,TRUE,"HER34L_2A"
"HER34L","HER34L_2A_444",56.3,4020.6,7.02,1,24191,110306,1.67,0,43,142,14,33,27,1041,2787,1988,84,57,1084,68660,24,112,260,270,0,13,818,615,2767,0,688,0,0,0,62,0,0,48,27,57,41,0,21815,6588,TRUE,"HER34L_2A"
"HER34L","HER34L_2A_445",56.4,4035.19,7.02,1,24440,111173,1.79,0,28,146,7,54,11,1083,2957,2216,42,95,1047,67916,93,85,333,384,16,0,893,580,3011,0,522,0,0,0,59,111,93,24,33,0,21,44,22289,6814,TRUE,"HER34L_2A"
"HER34L","HER34L_2A_446",56.5,4049.78,7.02,1,23884,110986,1.59,44,57,187,5,60,26,1058,2816,2367,133,54,990,68167,90,64,312,427,0,135,1060,630,2586,0,804,0,0,0,9,66,0,38,0,111,106,93,21647,6563,TRUE,"HER34L_2A"
"HER34L","HER34L_2A_447",56.6,4064.37,7.01,1,22946,101171,1.57,10,39,180,0,39,11,991,2660,1941,144,57,984,59732,266,88,325,312,0,98,961,324,3007,0,611,0,0,0,11,39,0,0,0,106,65,33,21578,6419,TRUE,"HER34L_2A"
"HER34L","HER34L_2A_448",56.7,4078.96,7,1,23234,103746,1.85,9,26,149,8,46,12,1106,2622,2049,57,74,877,62652,0,95,168,315,0,181,1241,393,2626,0,512,0,0,13,47,0,0,125,0,203,76,0,21283,6622,TRUE,"HER34L_2A"
"HER34L","HER34L_2A_449",56.8,4093.55,6.99,1,23144,104041,1.52,36,62,220,0,35,17,1110,2749,2169,103,79,948,62886,111,66,311,326,32,60,875,388,2921,0,659,0,0,0,24,73,74,0,0,26,101,0,21002,6458,TRUE,"HER34L_2A"
"HER34L","HER34L_2A_450",56.9,4108.14,6.98,1,22618,101978,1.56,32,46,174,0,39,28,1039,2576,2016,110,56,975,62313,0,66,250,668,0,40,861,464,2341,0,757,0,0,10,32,25,0,57,0,163,122,44,20137,6329,TRUE,"HER34L_2A"
"HER34L","HER34L_2A_451",57,4122.73,6.98,1,22901,103449,1.51,12,47,152,7,37,18,978,2430,1970,80,63,918,64301,55,137,293,286,41,98,858,472,2124,0,785,0,0,0,0,69,0,26,0,29,147,0,20270,6611,TRUE,"HER34L_2A"
"HER34L","HER34L_2A_452",57.1,4137.32,6.98,1,23178,105529,1.57,0,37,156,0,45,9,958,2406,1880,61,76,952,66120,12,104,316,302,7,8,825,466,2249,0,738,0,0,0,54,36,122,93,24,38,95,0,20892,6342,TRUE,"HER34L_2A"
"HER34L","HER34L_2A_453",57.2,4151.91,6.98,1,22613,102157,1.56,45,51,139,10,46,0,952,2162,1875,161,45,839,62923,25,71,300,170,0,6,737,508,2173,0,781,0,0,5,0,14,19,30,0,150,125,40,20965,6695,TRUE,"HER34L_2A"
"HER34L","HER34L_2A_454",57.3,4166.5,6.98,1,23180,106591,1.61,0,58,191,7,73,23,987,2757,2270,111,65,1069,65786,206,62,276,275,11,0,749,520,2455,0,945,0,12,0,40,0,0,30,0,53,143,0,20907,6404,TRUE,"HER34L_2A"
"HER34L","HER34L_2A_455",57.4,4181.09,6.98,1,23307,108733,1.72,42,64,209,0,42,9,1222,2978,2175,135,46,1098,68528,0,38,262,312,40,112,723,556,2834,0,718,0,0,4,14,114,26,75,0,91,78,0,19533,6502,TRUE,"HER34L_2A"
"HER34L","HER34L_2A_456",57.5,4195.68,6.99,1,22651,104920,1.56,6,39,206,21,26,19,1124,2962,2097,128,58,981,64242,221,90,249,358,0,0,630,574,2874,0,531,0,0,0,16,55,73,45,0,130,81,16,20128,6729,TRUE,"HER34L_2A"
"HER34L","HER34L_2A_457",57.6,4210.27,6.99,1,22987,105478,1.94,44,85,256,11,18,7,1220,2928,2152,83,77,1066,65436,97,91,108,262,40,90,394,516,3060,0,694,0,6,0,23,73,0,0,0,43,0,41,19592,6615,TRUE,"HER34L_2A"
"HER34L","HER34L_2A_458",57.7,4224.86,6.98,1,23422,109210,1.59,26,70,263,6,63,12,1214,3082,2163,108,79,1042,67885,143,61,185,378,0,0,567,490,2766,0,681,0,0,0,17,17,86,95,0,106,156,42,20386,6827,TRUE,"HER34L_2A"
"HER34L","HER34L_2A_459",57.8,4239.45,6.98,1,23271,108681,1.62,34,64,274,0,20,0,1227,3258,2148,94,89,1118,69064,0,151,209,304,50,26,613,386,2652,0,431,0,0,0,29,71,0,0,38,60,50,175,19263,6535,TRUE,"HER34L_2A"
"HER34L","HER34L_2A_460",57.9,4254.04,6.98,1,23141,109275,1.58,18,47,233,0,45,9,1158,3338,2075,85,79,1132,69068,70,86,207,378,0,63,549,570,2756,0,613,0,0,0,27,218,8,0,0,116,54,49,19277,6662,TRUE,"HER34L_2A"
"HER34L","HER34L_2A_461",58,4268.63,6.98,1,23418,111454,1.61,40,69,244,0,35,20,1209,2909,2296,141,49,1095,71437,138,67,203,302,0,21,617,589,2715,0,586,0,0,0,44,62,134,48,0,182,56,31,19295,6647,TRUE,"HER34L_2A"
"HER34L","HER34L_2A_462",58.1,4283.22,6.99,1,23127,108952,1.76,0,41,204,0,50,10,1206,3128,2089,101,54,1175,68914,0,105,97,314,0,0,568,438,2710,0,972,0,0,0,59,42,9,116,0,128,80,60,19025,7116,TRUE,"HER34L_2A"
"HER34L","HER34L_2A_463",58.2,4297.81,6.98,1,22924,108741,1.68,21,50,213,0,44,7,1166,3005,2141,93,74,1150,68936,45,130,162,377,148,63,488,479,2548,0,698,0,0,0,49,78,4,174,0,0,116,0,19170,6897,TRUE,"HER34L_2A"
"HER34L","HER34L_2A_464",58.3,4312.4,6.98,1,23611,112272,1.69,28,41,234,28,29,14,1218,3517,2275,101,84,1113,71997,22,104,144,341,0,158,386,545,2839,0,615,0,0,0,50,129,0,74,20,55,203,0,19064,6576,TRUE,"HER34L_2A"
"HER34L","HER34L_2A_466",58.5,4341.58,6.97,1,24123,119453,1.76,6,80,283,0,42,0,1179,3759,2487,119,76,1371,78645,0,103,184,441,0,30,289,552,3127,0,641,0,0,0,25,37,34,0,15,109,76,0,18995,6629,TRUE,"HER34L_2A"
"HER34L","HER34L_2A_467",58.6,4356.17,6.95,1,22898,107042,1.64,38,102,334,14,54,13,1181,3555,2133,102,58,1092,66687,65,70,157,318,70,14,322,450,2985,50,707,0,0,0,51,42,9,39,56,81,0,47,19110,6677,TRUE,"HER34L_2A"
"HER34L","HER34L_2A_468",58.7,4370.76,6.94,1,23638,112705,1.72,0,36,306,15,53,36,1228,3817,2044,98,67,1143,72166,52,98,176,302,0,10,593,548,3065,0,861,0,6,0,67,43,0,66,0,112,143,74,19040,6327,TRUE,"HER34L_2A"
"HER34L","HER34L_2A_469",58.8,4385.35,6.93,1,24499,117728,1.86,0,82,314,7,45,16,1367,4047,2809,123,52,1288,74698,120,82,137,377,0,0,223,699,3285,0,976,0,5,0,60,23,47,0,0,32,75,0,19529,6980,TRUE,"HER34L_2A"
"HER34L","HER34L_2A_470",58.9,4399.94,6.91,1,23873,112666,1.58,0,48,316,8,0,12,1283,4255,2220,89,103,1171,69443,0,126,223,474,9,104,293,641,3259,76,1061,0,0,0,31,75,20,14,17,90,106,145,19862,6822,TRUE,"HER34L_2A"
